{
  "_id": {
    "oid": "45f48c3cfb762f539186d7399ee1593b"
  },
  "mean_square_displacement": 0.012792178997639219,
  "self_diffusion": 0.0001066014916469935,
  "lindemann": false,
  "specific_heat": 0.005651751257748846,
  "internal_temperature": 165.7870208489096,
  "cohesive_energy": 0.021087266796953972,
  "internal_pressure": -1.012551847106036e-05,
  "bul_modulus": 125.11093910244969,
  "cartesian_site_positions": [
    [
      -0.016169109696972543,
      0.10015489150687007,
      -0.08517395674031208
    ],
    [
      1.760031636193826,
      1.8652448192488669,
      -0.015269545900411014
    ],
    [
      1.758564023272102,
      -0.020567519512208587,
      1.711005852437684
    ],
    [
      0.03937390030139347,
      1.8367506963420603,
      1.8513357827919006
    ],
    [
      3.6973257189693283,
      -0.0992166080387146,
      -0.011523587580639386
    ],
    [
      5.416231186298832,
      1.7659458158447516,
      -0.016835749655675185
    ],
    [
      5.427335410158186,
      -0.12753961284249857,
      1.8820331104914254
    ],
    [
      3.674448077708845,
      1.8375984727305938,
      1.7642025484879795
    ],
    [
      0.05779654905890187,
      3.6651275571447357,
      0.03666256342036436
    ],
    [
      1.7892398620257042,
      5.381684945856996,
      -0.05261045838429385
    ],
    [
      1.8360149267704649,
      3.67378679066615,
      1.8113663157648956
    ],
    [
      0.03178862301751587,
      5.420642101760608,
      1.8212389469236705
    ],
    [
      3.628745365448937,
      3.6875448547796483,
      -0.04357777966701362
    ],
    [
      5.554076939261322,
      5.421689992504447,
      0.056645048700713005
    ],
    [
      5.45347365196781,
      3.7068943047818634,
      1.7827123198121513
    ],
    [
      3.639408189559835,
      5.423910459567057,
      1.8755026544566793
    ],
    [
      0.006905310940488729,
      -0.01811791647652966,
      3.591580369508891
    ],
    [
      1.8041575296207413,
      1.9032114900230646,
      3.624014698037312
    ],
    [
      1.762882995046022,
      -0.03001728939743992,
      5.403997599934607
    ],
    [
      -0.060301757993856946,
      1.8574153689229727,
      5.370758708686118
    ],
    [
      3.574667350138588,
      -0.026778522967373857,
      3.637689435871005
    ],
    [
      5.340076066714097,
      1.8202996788342127,
      3.5690573220399444
    ],
    [
      5.400110621769354,
      0.034845486410240364,
      5.38733636916771
    ],
    [
      3.5177367685311145,
      1.7026070592333573,
      5.539895237576866
    ],
    [
      -0.06520153308736266,
      3.6259881883324274,
      3.6282131350849185
    ],
    [
      1.8059650597091403,
      5.306369652036481,
      3.6433925328674084
    ],
    [
      1.7234530825284171,
      3.5715469996155242,
      5.413065304207828
    ],
    [
      -0.011639168583645559,
      5.435248052546754,
      5.379050779055704
    ],
    [
      3.6300630363067294,
      3.6022601263315743,
      3.592382548163284
    ],
    [
      5.39482806230531,
      5.364021871767983,
      3.6384314299706566
    ],
    [
      5.403465086424126,
      3.5452886187949493,
      5.463177452043428
    ],
    [
      3.6651465393147395,
      5.406159173650628,
      5.39024301242522
    ]
  ],
  "dimension_types": [
    1,
    1,
    1
  ],
  "nperiodic_dimensions": 3,
  "elements": [
    "Cu"
  ],
  "element_ratios": [
    1.0
  ],
  "formula_anonymous": "A",
  "last_modified": {
    "$date": "2020-12-16T18:01:43.411749+01:00Z"
  },
  "lattice_vectors": [
    [
      7.22,
      0.0,
      0.0
    ],
    [
      0.0,
      7.22,
      0.0
    ],
    [
      0.0,
      0.0,
      7.22
    ]
  ],
  "nelements": 1,
  "nsites": 32,
  "chemical_formula_descriptive": "Cu32",
  "chemical_formula_reduced": "Cu"
}