{
    "Simulation input": [
        {
            "Chemical formula": "Al500Pt500",
            "Database": "Materials Project",
            "Potential": "EMT",
            "Integrator": "Langevin",
            "Lattice structure": "CUB(a=24.5872)",
            "a": 24.587245000000003,
            "b": 24.587245000000003,
            "c": 24.587245000000003,
            "Alpha": 90.0,
            "Beta": 90.0,
            "Gamma": 90.0,
            "Volume": 14863.791557048735,
            "Initial Temperature": 300,
            "Run time": 1000
        }
    ],
    "Simulation output": [
        {
            "Mean Square Displacement": 0.6940173883623649,
            "Self diffusion coefficient": 0.014458695590882602,
            "Lindemann Criterion": 0.32062412185582667,
            "Specific Heat": 55230781570.997574,
            "Internal Temperature": 191.04012026430937,
            "Cohesive Energy": 0.2791339516897209,
            "Internal Pressure": 4.888975898540298e-06,
            "Bulk_modulus": 101.93508158772782,
            "Lattice constant": 0
        }
    ]
}