{
    "Simulation input": [
        {
            "Chemical formula": "Ag499Pd",
            "Database": "ASE",
            "Potential": "EMT_Asap_Standard_JacobsenStoltzeNorskov_1996_AlAgAuCuNiPdPt__MO_115316750986_001",
            "Integrator": "Velocity-Verlet",
            "Lattice structure": "CUB(a=20.45)",
            "a": 20.45,
            "b": 20.45,
            "c": 20.45,
            "Alpha": 90.0,
            "Beta": 90.0,
            "Gamma": 90.0,
            "Volume": 8552.241125000002,
            "Initial Temperature": 700,
            "Run time": 3000
        }
    ],
    "Simulation output": [
        {
            "Mean Square Displacement": 0.1061975869946751,
            "Self diffusion coefficient": 0.0006321284940159233,
            "Lindemann Criterion": 0.11681451478403711,
            "Specific Heat": 115.61006666055756,
            "Internal Temperature": 450.05095162135314,
            "Cohesive Energy": 2.896101754042721,
            "Internal Pressure": -5.467778653107057e-06,
            "Bulk_modulus": 90.99970227162294,
            "Lattice constant": 3.8347786021727415
        }
    ]
}