{
    "Simulation input": [
        {
            "Chemical formula": "Al375Pd125",
            "Database": "Materials Project",
            "Potential": "EMT",
            "Integrator": "Velocity-Verlet",
            "Lattice structure": "CUB(a=20.295)",
            "a": 20.295001988162966,
            "b": 20.295001988162966,
            "c": 20.295001988162966,
            "Alpha": 90.0,
            "Beta": 90.0,
            "Gamma": 90.0,
            "Volume": 8359.249629070835,
            "Initial Temperature": 300,
            "Run time": 1000
        }
    ],
    "Simulation output": [
        {
            "Mean Square Displacement": 0.03422795154588876,
            "Self diffusion coefficient": 0.0007130823238726824,
            "Lindemann Criterion": 0.06739468902332721,
            "Specific Heat": 266.225613461182,
            "Internal Temperature": 183.62480918731694,
            "Cohesive Energy": 0.041872611800404226,
            "Internal Pressure": 1.7856906458477448e-07,
            "Bulk_modulus": 52.37808314698051,
            "Lattice constant": 4.059000397632593
        }
    ]
}