{
    "Simulation input": [
        {
            "Chemical formula": "Au375Cu124Pt",
            "Database": "Materials Project",
            "Potential": "EMT",
            "Integrator": "Velocity-Verlet",
            "Lattice structure": "CUB(a=20.2664)",
            "a": 20.26643,
            "b": 20.26643,
            "c": 20.26643,
            "Alpha": 90.0,
            "Beta": 90.0,
            "Gamma": 90.0,
            "Volume": 8323.994009212862,
            "Initial Temperature": 300,
            "Run time": 1000
        }
    ],
    "Simulation output": [
        {
            "Mean Square Displacement": 0.11110285946042103,
            "Self diffusion coefficient": 0.002314642905425438,
            "Lindemann Criterion": 0.12298464362654409,
            "Specific Heat": 76.0967369280111,
            "Internal Temperature": 356.7003766813918,
            "Cohesive Energy": 0.09364891571774728,
            "Internal Pressure": -4.258964197513262e-06,
            "Bulk_modulus": 153.35076924560533,
            "Lattice constant": 0
        }
    ]
}