{
    "Simulation input": [
        {
            "Chemical formula": "Cu375Pt125",
            "Database": "Materials Project",
            "Potential": "EMT",
            "Integrator": "Langevin",
            "Lattice structure": "CUB(a=18.6144)",
            "a": 18.614425,
            "b": 18.614425,
            "c": 18.614425,
            "Alpha": 90.0,
            "Beta": 90.0,
            "Gamma": 90.0,
            "Volume": 6449.83903290044,
            "Initial Temperature": 300,
            "Run time": 1000
        }
    ],
    "Simulation output": [
        {
            "Mean Square Displacement": 0.003982624834404194,
            "Self diffusion coefficient": 8.297135071675403e-05,
            "Lindemann Criterion": 0.024550111210523,
            "Specific Heat": 71565440302.12213,
            "Internal Temperature": 33.01791561010115,
            "Cohesive Energy": 0.08160856861493232,
            "Internal Pressure": -7.64062223413594e-07,
            "Bulk_modulus": 160.8631915369665,
            "Lattice constant": 0
        }
    ]
}