{
    "Simulation input": [
        {
            "Chemical formula": "Al500",
            "Database": "ASE",
            "Potential": "EMT_Asap_Standard_JacobsenStoltzeNorskov_1996_AlAgAuCuNiPdPt__MO_115316750986_001",
            "Integrator": "Velocity-Verlet",
            "Lattice structure": "CUB(a=20.25)",
            "a": 20.25,
            "b": 20.25,
            "c": 20.25,
            "Alpha": 90.0,
            "Beta": 90.0,
            "Gamma": 90.0,
            "Volume": 8303.765624999998,
            "Initial Temperature": 300,
            "Run time": 3000
        }
    ],
    "Simulation output": [
        {
            "Mean Square Displacement": 0.06944095267078833,
            "Self diffusion coefficient": 0.0004133390039927877,
            "Lindemann Criterion": 0.09653751110839041,
            "Specific Heat": 462.1795358169453,
            "Internal Temperature": 181.3696530655155,
            "Cohesive Energy": 3.2531908144613015,
            "Internal Pressure": -1.0102379846438919e-07,
            "Bulk_modulus": 35.18305073988581,
            "Lattice constant": 3.9156921639693607
        }
    ]
}