{
    "Simulation input": [
        {
            "Chemical formula": "Ag124NiPt375",
            "Database": "Materials Project",
            "Potential": "EMT",
            "Integrator": "Velocity-Verlet",
            "Lattice structure": "CUB(a=20.0342)",
            "a": 20.03422,
            "b": 20.03422,
            "c": 20.03422,
            "Alpha": 90.0,
            "Beta": 90.0,
            "Gamma": 90.0,
            "Volume": 8041.134300575908,
            "Initial Temperature": 300,
            "Run time": 1000
        }
    ],
    "Simulation output": [
        {
            "Mean Square Displacement": 0.043487505662737236,
            "Self diffusion coefficient": 0.0009059897013070257,
            "Lindemann Criterion": 0.07826917054368322,
            "Specific Heat": 72.00711678409655,
            "Internal Temperature": 205.88141038335868,
            "Cohesive Energy": 0.09063749078536368,
            "Internal Pressure": -1.2334007019249678e-05,
            "Bulk_modulus": 216.11046682492994,
            "Lattice constant": 4.006844
        }
    ]
}