{
    "Simulation input": [
        {
            "Chemical formula": "Ag125",
            "Database": "Materials Project",
            "Potential": "EMT",
            "Integrator": "Velocity-Verlet",
            "Lattice structure": "FCC(a=16.6422)",
            "a": 11.767806800000002,
            "b": 11.7678068,
            "c": 11.7678068,
            "Alpha": 59.999999999999986,
            "Beta": 59.99999999999999,
            "Gamma": 59.99999999999999,
            "Volume": 1152.3159974732619,
            "Initial Temperature": 20,
            "Run time": 1000
        }
    ],
    "Simulation output": [
        {
            "Mean Square Displacement": 0.0017802720393898476,
            "Self diffusion coefficient": 3.7089000820621827e-05,
            "Lindemann Criterion": 0.014601227965426958,
            "Specific Heat": 115.60696005096682,
            "Internal Temperature": 9.378102357721238,
            "Cohesive Energy": 0.025419085922426234,
            "Internal Pressure": -2.2177630376529776e-07,
            "Bulk_modulus": null,
            "Lattice constant": 0
        }
    ]
}