{
    "Simulation input": [
        {
            "Chemical formula": "Al499Pd",
            "Database": "ASE",
            "Potential": "EMT_Asap_Standard_JacobsenStoltzeNorskov_1996_AlAgAuCuNiPdPt__MO_115316750986_001",
            "Integrator": "Velocity-Verlet",
            "Lattice structure": "CUB(a=20.25)",
            "a": 20.25,
            "b": 20.25,
            "c": 20.25,
            "Alpha": 90.0,
            "Beta": 90.0,
            "Gamma": 90.0,
            "Volume": 8303.765624999998,
            "Initial Temperature": 800,
            "Run time": 3000
        }
    ],
    "Simulation output": [
        {
            "Mean Square Displacement": 0.20154292527675144,
            "Self diffusion coefficient": 0.001199660269504473,
            "Lindemann Criterion": 0.16955070711370543,
            "Specific Heat": 459.4739890749453,
            "Internal Temperature": 457.31302315850706,
            "Cohesive Energy": 3.2184278471573746,
            "Internal Pressure": 2.712834887080488e-07,
            "Bulk_modulus": 34.24884915052006,
            "Lattice constant": 3.9156921639693607
        }
    ]
}