{
    "Simulation input": [
        {
            "Chemical formula": "AgCu124",
            "Database": "Materials Project",
            "Potential": "EMT",
            "Integrator": "Velocity-Verlet",
            "Lattice structure": "FCC(a=18.1063)",
            "a": 12.8030946,
            "b": 12.8030946,
            "c": 12.8030946,
            "Alpha": 60.00000000000001,
            "Beta": 60.00000000000001,
            "Gamma": 60.00000000000001,
            "Volume": 1483.9862107102726,
            "Initial Temperature": 300,
            "Run time": 1000
        }
    ],
    "Simulation output": [
        {
            "Mean Square Displacement": 0.019081545898557577,
            "Self diffusion coefficient": 0.0003975322062199495,
            "Lindemann Criterion": 0.055825780758295085,
            "Specific Heat": 195.15183061965706,
            "Internal Temperature": 155.87678192126262,
            "Cohesive Energy": 0.016767536640158107,
            "Internal Pressure": -1.372337898557733e-06,
            "Bulk_modulus": 124.96395016060234,
            "Lattice constant": 0
        }
    ]
}