{
    "Simulation input": [
        {
            "Chemical formula": "Ni125",
            "Database": "Materials Project",
            "Potential": "EMT",
            "Integrator": "Velocity-Verlet",
            "Lattice structure": "FCC(a=17.529)",
            "a": 12.3948677,
            "b": 12.394867699999999,
            "c": 12.394867699999999,
            "Alpha": 59.999999999999986,
            "Beta": 59.999999999999986,
            "Gamma": 59.999999999999986,
            "Volume": 1346.513428418923,
            "Initial Temperature": 20,
            "Run time": 1000
        }
    ],
    "Simulation output": [
        {
            "Mean Square Displacement": 0.0006079063995449869,
            "Self diffusion coefficient": 1.2664716657187227e-05,
            "Lindemann Criterion": 0.010047314162600728,
            "Specific Heat": 212.46536573136117,
            "Internal Temperature": 9.794103269504708,
            "Cohesive Energy": 0.001273779798379202,
            "Internal Pressure": -9.313580045255363e-08,
            "Bulk_modulus": 169.74850190937377,
            "Lattice constant": 0
        }
    ]
}