{
    "Simulation input": [
        {
            "Chemical formula": "NiPd499",
            "Database": "ASE",
            "Potential": "EMT_Asap_Standard_JacobsenStoltzeNorskov_1996_AlAgAuCuNiPdPt__MO_115316750986_001",
            "Integrator": "Velocity-Verlet",
            "Lattice structure": "CUB(a=19.45)",
            "a": 19.45,
            "b": 19.45,
            "c": 19.45,
            "Alpha": 90.0,
            "Beta": 90.0,
            "Gamma": 90.0,
            "Volume": 7357.983625000011,
            "Initial Temperature": 1100,
            "Run time": 3000
        }
    ],
    "Simulation output": [
        {
            "Mean Square Displacement": 0.0867817893247065,
            "Self diffusion coefficient": 0.0005165582697899196,
            "Lindemann Criterion": 0.11245909252311989,
            "Specific Heat": 117.28538060938155,
            "Internal Temperature": 628.2965857225706,
            "Cohesive Energy": 3.8145572689507787,
            "Internal Pressure": 9.478754920695442e-07,
            "Bulk_modulus": 168.2475300294647,
            "Lattice constant": 3.7486362256057384
        }
    ]
}