{
    "Simulation input": [
        {
            "Chemical formula": "Ag500",
            "Database": "ASE",
            "Potential": "EMT_Asap_Standard_JacobsenStoltzeNorskov_1996_AlAgAuCuNiPdPt__MO_115316750986_001",
            "Integrator": "Velocity-Verlet",
            "Lattice structure": "CUB(a=20.45)",
            "a": 20.45,
            "b": 20.45,
            "c": 20.45,
            "Alpha": 90.0,
            "Beta": 90.0,
            "Gamma": 90.0,
            "Volume": 8552.241125000002,
            "Initial Temperature": 1300,
            "Run time": 3000
        }
    ],
    "Simulation output": [
        {
            "Mean Square Displacement": 0.11776375964265033,
            "Self diffusion coefficient": 0.0007009747597776806,
            "Lindemann Criterion": 0.12603642200650608,
            "Specific Heat": 115.60696238146986,
            "Internal Temperature": 678.257226937732,
            "Cohesive Energy": 2.8739528422912244,
            "Internal Pressure": 9.805487433540147e-07,
            "Bulk_modulus": 89.9161595931383,
            "Lattice constant": 3.8347786021727415
        }
    ]
}