{
    "Simulation input": [
        {
            "Chemical formula": "Al375Pd125",
            "Database": "Materials Project",
            "Potential": "EMT",
            "Integrator": "Velocity-Verlet",
            "Lattice structure": "CUB(a=19.7345)",
            "a": 19.73455,
            "b": 19.73455,
            "c": 19.73455,
            "Alpha": 90.0,
            "Beta": 90.0,
            "Gamma": 90.0,
            "Volume": 7685.669117560159,
            "Initial Temperature": 300,
            "Run time": 1000
        }
    ],
    "Simulation output": [
        {
            "Mean Square Displacement": 0.029443589323107058,
            "Self diffusion coefficient": 0.0006134081108980637,
            "Lindemann Criterion": 0.06549056649326383,
            "Specific Heat": 266.22561345673375,
            "Internal Temperature": 156.6166018118568,
            "Cohesive Energy": 0.056575174808282835,
            "Internal Pressure": -1.098253590300713e-06,
            "Bulk_modulus": 54.34861188361259,
            "Lattice constant": 0
        }
    ]
}