{
    "Simulation input": [
        {
            "Chemical formula": "AuCu124Pt875",
            "Database": "Materials Project",
            "Potential": "EMT",
            "Integrator": "Velocity-Verlet",
            "Lattice structure": "FCC(a=39.3945)",
            "a": 27.856103949999998,
            "b": 27.85610395,
            "c": 27.856103949999998,
            "Alpha": 59.99999999999999,
            "Beta": 59.99999999999999,
            "Gamma": 60.00000000000001,
            "Volume": 15284.320131081178,
            "Initial Temperature": 300,
            "Run time": 1000
        }
    ],
    "Simulation output": [
        {
            "Mean Square Displacement": 0.08743876700335705,
            "Self diffusion coefficient": 0.0018216409792366052,
            "Lindemann Criterion": 0.11328430636768425,
            "Specific Heat": 69.75417725688905,
            "Internal Temperature": 481.78567722734454,
            "Cohesive Energy": 0.04678116825408164,
            "Internal Pressure": -5.98103458461928e-06,
            "Bulk_modulus": 248.33755426831908,
            "Lattice constant": 5.57122079
        }
    ]
}