{
    "Simulation input": [
        {
            "Chemical formula": "CuPt124",
            "Database": "Materials Project",
            "Potential": "EMT",
            "Integrator": "Velocity-Verlet",
            "Lattice structure": "FCC(a=19.8838)",
            "a": 14.060005149999999,
            "b": 14.060005149999999,
            "c": 14.060005149999999,
            "Alpha": 59.999999999999986,
            "Beta": 59.99999999999999,
            "Gamma": 59.99999999999999,
            "Volume": 1965.356961751065,
            "Initial Temperature": 300,
            "Run time": 1000
        }
    ],
    "Simulation output": [
        {
            "Mean Square Displacement": 0.018133721832923635,
            "Self diffusion coefficient": 0.0003777858715192424,
            "Lindemann Criterion": 0.04907083532787871,
            "Specific Heat": 64.26947222115128,
            "Internal Temperature": 137.04635411697416,
            "Cohesive Energy": 0.03796622587047071,
            "Internal Pressure": 3.863129523018495e-06,
            "Bulk_modulus": 276.2935114338977,
            "Lattice constant": 2.81200103
        }
    ]
}