{
    "Simulation input": [
        {
            "Chemical formula": "Al124AuCu375",
            "Database": "Materials Project",
            "Potential": "EMT",
            "Integrator": "Velocity-Verlet",
            "Lattice structure": "CUB(a=18.3574)",
            "a": 18.357405,
            "b": 18.357405,
            "c": 18.357405,
            "Alpha": 90.0,
            "Beta": 90.0,
            "Gamma": 90.0,
            "Volume": 6186.341184356621,
            "Initial Temperature": 300,
            "Run time": 1000
        }
    ],
    "Simulation output": [
        {
            "Mean Square Displacement": 0.042360992400800726,
            "Self diffusion coefficient": 0.0008825206750166818,
            "Lindemann Criterion": 0.08400293987426533,
            "Specific Heat": 227.78971643931925,
            "Internal Temperature": 333.5585949923394,
            "Cohesive Energy": 0.16285920027266743,
            "Internal Pressure": 8.997019038958863e-06,
            "Bulk_modulus": 83.59508096511708,
            "Lattice constant": 0
        }
    ]
}