{
    "Simulation input": [
        {
            "Chemical formula": "Pd500",
            "Database": "ASE",
            "Potential": "EMT_Asap_Standard_JacobsenStoltzeNorskov_1996_AlAgAuCuNiPdPt__MO_115316750986_001",
            "Integrator": "Velocity-Verlet",
            "Lattice structure": "CUB(a=19.45)",
            "a": 19.45,
            "b": 19.45,
            "c": 19.45,
            "Alpha": 90.0,
            "Beta": 90.0,
            "Gamma": 90.0,
            "Volume": 7357.983625000011,
            "Initial Temperature": 1100,
            "Run time": 3000
        }
    ],
    "Simulation output": [
        {
            "Mean Square Displacement": 0.0698636160750751,
            "Self diffusion coefficient": 0.00041585485758973274,
            "Lindemann Criterion": 0.10396507860690811,
            "Specific Heat": 117.180181728584,
            "Internal Temperature": 557.1809156814295,
            "Cohesive Energy": 3.8301414689902678,
            "Internal Pressure": 3.8713319177823956e-07,
            "Bulk_modulus": 170.00184058891574,
            "Lattice constant": 3.7486362256057384
        }
    ]
}