{
    "Simulation input": [
        {
            "Chemical formula": "Ag499Pt",
            "Database": "ASE",
            "Potential": "EMT_Asap_Standard_JacobsenStoltzeNorskov_1996_AlAgAuCuNiPdPt__MO_115316750986_001",
            "Integrator": "Velocity-Verlet",
            "Lattice structure": "CUB(a=20.45)",
            "a": 20.45,
            "b": 20.45,
            "c": 20.45,
            "Alpha": 90.0,
            "Beta": 90.0,
            "Gamma": 90.0,
            "Volume": 8552.241125000002,
            "Initial Temperature": 1100,
            "Run time": 3000
        }
    ],
    "Simulation output": [
        {
            "Mean Square Displacement": 0.16796789603612422,
            "Self diffusion coefficient": 0.0009998089049769298,
            "Lindemann Criterion": 0.14432734795071417,
            "Specific Heat": 115.4203183954597,
            "Internal Temperature": 750.833740817334,
            "Cohesive Energy": 2.8625745225060566,
            "Internal Pressure": -7.097931009500114e-06,
            "Bulk_modulus": 88.61006474866504,
            "Lattice constant": 3.8347786021727415
        }
    ]
}