{
    "Simulation input": [
        {
            "Chemical formula": "Au125Pd374",
            "Database": "Materials Project",
            "Potential": "EMT",
            "Integrator": "Velocity-Verlet",
            "Lattice structure": "CUB(a=20.027)",
            "a": 20.026955,
            "b": 20.026955,
            "c": 20.026955,
            "Alpha": 90.0,
            "Beta": 90.0,
            "Gamma": 90.0,
            "Volume": 8032.389613906253,
            "Initial Temperature": 300,
            "Run time": 1000
        }
    ],
    "Simulation output": [
        {
            "Mean Square Displacement": 0.07819882653469493,
            "Self diffusion coefficient": 0.001629142219472811,
            "Lindemann Criterion": 0.10429614628955082,
            "Specific Heat": 96.59272761481756,
            "Internal Temperature": 441.3032468318514,
            "Cohesive Energy": 0.09350447689798135,
            "Internal Pressure": -1.026034139420585e-06,
            "Bulk_modulus": 166.22700508399873,
            "Lattice constant": 0
        }
    ]
}