{
    "Simulation input": [
        {
            "Chemical formula": "Al500",
            "Database": "ASE",
            "Potential": "EMT_Asap_Standard_JacobsenStoltzeNorskov_1996_AlAgAuCuNiPdPt__MO_115316750986_001",
            "Integrator": "Velocity-Verlet",
            "Lattice structure": "CUB(a=20.25)",
            "a": 20.25,
            "b": 20.25,
            "c": 20.25,
            "Alpha": 90.0,
            "Beta": 90.0,
            "Gamma": 90.0,
            "Volume": 8303.765624999998,
            "Initial Temperature": 500,
            "Run time": 3000
        }
    ],
    "Simulation output": [
        {
            "Mean Square Displacement": 0.07605238057212532,
            "Self diffusion coefficient": 0.000452692741500746,
            "Lindemann Criterion": 0.09956324536860477,
            "Specific Heat": 462.1795358169828,
            "Internal Temperature": 254.28114868637672,
            "Cohesive Energy": 3.248683066901433,
            "Internal Pressure": 1.3689203700903974e-08,
            "Bulk_modulus": 35.05824042574369,
            "Lattice constant": 3.915692163969525
        }
    ]
}