{
    "Simulation input": [
        {
            "Chemical formula": "Ag499Cu",
            "Database": "ASE",
            "Potential": "EMT_Asap_Standard_JacobsenStoltzeNorskov_1996_AlAgAuCuNiPdPt__MO_115316750986_001",
            "Integrator": "Velocity-Verlet",
            "Lattice structure": "CUB(a=20.45)",
            "a": 20.45,
            "b": 20.45,
            "c": 20.45,
            "Alpha": 90.0,
            "Beta": 90.0,
            "Gamma": 90.0,
            "Volume": 8552.241125000002,
            "Initial Temperature": 400,
            "Run time": 3000
        }
    ],
    "Simulation output": [
        {
            "Mean Square Displacement": 0.05159992459260299,
            "Self diffusion coefficient": 0.0003071424082893035,
            "Lindemann Criterion": 0.08210580619485745,
            "Specific Heat": 115.70204451240109,
            "Internal Temperature": 255.55935379521193,
            "Cohesive Energy": 2.920408435549867,
            "Internal Pressure": -4.501481135013134e-06,
            "Bulk_modulus": 93.17825489816076,
            "Lattice constant": 3.8347786021727415
        }
    ]
}