{
    "Simulation input": [
        {
            "Chemical formula": "Al374Pd125",
            "Database": "Materials Project",
            "Potential": "EMT",
            "Integrator": "Velocity-Verlet",
            "Lattice structure": "CUB(a=19.7345)",
            "a": 19.73455,
            "b": 19.73455,
            "c": 19.73455,
            "Alpha": 90.0,
            "Beta": 90.0,
            "Gamma": 90.0,
            "Volume": 7685.669117560159,
            "Initial Temperature": 300,
            "Run time": 1000
        }
    ],
    "Simulation output": [
        {
            "Mean Square Displacement": 0.08067191230684305,
            "Self diffusion coefficient": 0.0016806648397258968,
            "Lindemann Criterion": 0.11502595855626857,
            "Specific Heat": 265.9996055181493,
            "Internal Temperature": 442.5131213935599,
            "Cohesive Energy": 0.09504131889807675,
            "Internal Pressure": -5.457623277289404e-07,
            "Bulk_modulus": 53.16704209072341,
            "Lattice constant": 3.94691
        }
    ]
}