{
    "Simulation input": [
        {
            "Chemical formula": "Cu374PdPt125",
            "Database": "Materials Project",
            "Potential": "EMT",
            "Integrator": "Velocity-Verlet",
            "Lattice structure": "CUB(a=18.6144)",
            "a": 18.614425,
            "b": 18.614425,
            "c": 18.614425,
            "Alpha": 90.0,
            "Beta": 90.0,
            "Gamma": 90.0,
            "Volume": 6449.83903290044,
            "Initial Temperature": 300,
            "Run time": 1000
        }
    ],
    "Simulation output": [
        {
            "Mean Square Displacement": 0.05337251465563934,
            "Self diffusion coefficient": 0.0011119273886591528,
            "Lindemann Criterion": 0.09724852340789708,
            "Specific Heat": 129.20430687899508,
            "Internal Temperature": 296.6954587114035,
            "Cohesive Energy": 0.042213543810551,
            "Internal Pressure": -1.1530873617504853e-05,
            "Bulk_modulus": 156.57172050607605,
            "Lattice constant": 0
        }
    ]
}