{
    "Simulation input": [
        {
            "Chemical formula": "Pt500",
            "Database": "ASE",
            "Potential": "EMT_Asap_Standard_JacobsenStoltzeNorskov_1996_AlAgAuCuNiPdPt__MO_115316750986_001",
            "Integrator": "Velocity-Verlet",
            "Lattice structure": "CUB(a=19.6)",
            "a": 19.6,
            "b": 19.6,
            "c": 19.6,
            "Alpha": 90.0,
            "Beta": 90.0,
            "Gamma": 90.0,
            "Volume": 7529.536000000013,
            "Initial Temperature": 900,
            "Run time": 3000
        }
    ],
    "Simulation output": [
        {
            "Mean Square Displacement": 0.04235623892030318,
            "Self diffusion coefficient": 0.00025212046976370937,
            "Lindemann Criterion": 0.07784977426783668,
            "Specific Heat": 63.922797049270045,
            "Internal Temperature": 457.84264854718856,
            "Cohesive Energy": 5.79315978128615,
            "Internal Pressure": 1.1882301366559768e-06,
            "Bulk_modulus": 271.0671549150226,
            "Lattice constant": 3.763694624804003
        }
    ]
}