{
    "Simulation input": [
        {
            "Chemical formula": "AgAu375Ni124",
            "Database": "Materials Project",
            "Potential": "EMT",
            "Integrator": "Velocity-Verlet",
            "Lattice structure": "CUB(a=20.1408)",
            "a": 20.14084,
            "b": 20.14084,
            "c": 20.14084,
            "Alpha": 90.0,
            "Beta": 90.0,
            "Gamma": 90.0,
            "Volume": 8170.200948024946,
            "Initial Temperature": 300,
            "Run time": 1000
        }
    ],
    "Simulation output": [
        {
            "Mean Square Displacement": 0.08404480665295896,
            "Self diffusion coefficient": 0.001750933471936645,
            "Lindemann Criterion": 0.10819587781407744,
            "Specific Heat": 76.74199277368282,
            "Internal Temperature": 276.3162802764328,
            "Cohesive Energy": 0.14104044311222785,
            "Internal Pressure": -4.911244967213092e-06,
            "Bulk_modulus": 160.24284739093153,
            "Lattice constant": 4.028168
        }
    ]
}