{
    "Simulation input": [
        {
            "Chemical formula": "Ag125Au375",
            "Database": "Materials Project",
            "Potential": "EMT",
            "Integrator": "Velocity-Verlet",
            "Lattice structure": "CUB(a=20.8511)",
            "a": 20.851065000000002,
            "b": 20.851065000000002,
            "c": 20.851065000000002,
            "Alpha": 90.0,
            "Beta": 90.0,
            "Gamma": 90.0,
            "Volume": 9065.353134334478,
            "Initial Temperature": 20,
            "Run time": 1000
        }
    ],
    "Simulation output": [
        {
            "Mean Square Displacement": 0.004564316764669993,
            "Self diffusion coefficient": 9.508993259729152e-05,
            "Lindemann Criterion": 0.02343049280494722,
            "Specific Heat": 71.38458879073472,
            "Internal Temperature": 10.403096764417908,
            "Cohesive Energy": 0.05069835608181913,
            "Internal Pressure": 9.177826268520575e-07,
            "Bulk_modulus": 154.94009990429313,
            "Lattice constant": 0
        }
    ]
}