{
    "Simulation input": [
        {
            "Chemical formula": "Al500Pd500",
            "Database": "Materials Project",
            "Potential": "EMT",
            "Integrator": "Velocity-Verlet",
            "Lattice structure": "CUB(a=24.5437)",
            "a": 24.543685000000004,
            "b": 24.543685000000004,
            "c": 24.543685000000004,
            "Alpha": 90.0,
            "Beta": 90.0,
            "Gamma": 90.0,
            "Volume": 14784.931112990605,
            "Initial Temperature": 300,
            "Run time": 3000
        }
    ],
    "Simulation output": [
        {
            "Mean Square Displacement": 2.48028839174502,
            "Self diffusion coefficient": 0.014763621379434641,
            "Lindemann Criterion": 0.6643763379516248,
            "Specific Heat": 186.95908728910752,
            "Internal Temperature": 487.6369210321546,
            "Cohesive Energy": 0.21058787036043392,
            "Internal Pressure": -7.144222673966934e-07,
            "Bulk_modulus": 75.47463814186456,
            "Lattice constant": 3.7486362256057384
        }
    ]
}