{
    "Simulation input": [
        {
            "Chemical formula": "Al500",
            "Database": "ASE",
            "Potential": "EMT_Asap_Standard_JacobsenStoltzeNorskov_1996_AlAgAuCuNiPdPt__MO_115316750986_001",
            "Integrator": "Velocity-Verlet",
            "Lattice structure": "CUB(a=20.25)",
            "a": 20.25,
            "b": 20.25,
            "c": 20.25,
            "Alpha": 90.0,
            "Beta": 90.0,
            "Gamma": 90.0,
            "Volume": 8303.765624999998,
            "Initial Temperature": 1200,
            "Run time": 3000
        }
    ],
    "Simulation output": [
        {
            "Mean Square Displacement": 0.3334837161047989,
            "Self diffusion coefficient": 0.001985022119671422,
            "Lindemann Criterion": 0.22250753584482907,
            "Specific Heat": 462.17953581705586,
            "Internal Temperature": 665.3171079272909,
            "Cohesive Energy": 3.1894191595065564,
            "Internal Pressure": -2.552128411837975e-07,
            "Bulk_modulus": 33.380041798131884,
            "Lattice constant": 3.9156921639693607
        }
    ]
}