{
    "Simulation input": [
        {
            "Chemical formula": "Ag125Au375",
            "Database": "Materials Project",
            "Potential": "EMT",
            "Integrator": "Velocity-Verlet",
            "Lattice structure": "CUB(a=20.8511)",
            "a": 20.851065000000002,
            "b": 20.851065000000002,
            "c": 20.851065000000002,
            "Alpha": 90.0,
            "Beta": 90.0,
            "Gamma": 90.0,
            "Volume": 9065.353134334478,
            "Initial Temperature": 300,
            "Run time": 1000
        }
    ],
    "Simulation output": [
        {
            "Mean Square Displacement": 0.06412986945452284,
            "Self diffusion coefficient": 0.0013360389469692258,
            "Lindemann Criterion": 0.09234252010565468,
            "Specific Heat": 71.38458879108427,
            "Internal Temperature": 163.05865379217337,
            "Cohesive Energy": 0.06881715026828426,
            "Internal Pressure": -1.3562460667465015e-07,
            "Bulk_modulus": 149.198189894506,
            "Lattice constant": 0
        }
    ]
}