{
    "Simulation input": [
        {
            "Chemical formula": "Al499Au",
            "Database": "ASE",
            "Potential": "EMT_Asap_Standard_JacobsenStoltzeNorskov_1996_AlAgAuCuNiPdPt__MO_115316750986_001",
            "Integrator": "Velocity-Verlet",
            "Lattice structure": "CUB(a=20.25)",
            "a": 20.25,
            "b": 20.25,
            "c": 20.25,
            "Alpha": 90.0,
            "Beta": 90.0,
            "Gamma": 90.0,
            "Volume": 8303.765624999998,
            "Initial Temperature": 1300,
            "Run time": 3000
        }
    ],
    "Simulation output": [
        {
            "Mean Square Displacement": 0.44654292333129997,
            "Self diffusion coefficient": 0.002657993591257738,
            "Lindemann Criterion": 0.2671228940457547,
            "Specific Heat": 456.4284915569172,
            "Internal Temperature": 708.1652866432843,
            "Cohesive Energy": 3.184433723321054,
            "Internal Pressure": -2.6206832405983703e-07,
            "Bulk_modulus": 33.403260479150816,
            "Lattice constant": 3.9156921639693607
        }
    ]
}