{
    "Simulation input": [
        {
            "Chemical formula": "Ag375AuNi124",
            "Database": "Materials Project",
            "Potential": "EMT",
            "Integrator": "Velocity-Verlet",
            "Lattice structure": "CUB(a=20.0451)",
            "a": 20.04515,
            "b": 20.04515,
            "c": 20.04515,
            "Alpha": 90.0,
            "Beta": 90.0,
            "Gamma": 90.0,
            "Volume": 8054.302403389292,
            "Initial Temperature": 300,
            "Run time": 1000
        }
    ],
    "Simulation output": [
        {
            "Mean Square Displacement": 0.031968554559460564,
            "Self diffusion coefficient": 0.0006660115533220951,
            "Lindemann Criterion": 0.06515812828662701,
            "Specific Heat": 130.10097857036385,
            "Internal Temperature": 150.52382340996814,
            "Cohesive Energy": 0.13639737769041937,
            "Internal Pressure": -3.6631385110771347e-07,
            "Bulk_modulus": 106.16116292959963,
            "Lattice constant": 0
        }
    ]
}