{
    "Simulation input": [
        {
            "Chemical formula": "AgAl125Ni124",
            "Database": "Materials Project",
            "Potential": "EMT",
            "Integrator": "Velocity-Verlet",
            "Lattice structure": "CUB(a=14.4395)",
            "a": 14.43951,
            "b": 14.43951,
            "c": 14.43951,
            "Alpha": 90.0,
            "Beta": 90.0,
            "Gamma": 90.0,
            "Volume": 3010.6298794090108,
            "Initial Temperature": 300,
            "Run time": 1000
        }
    ],
    "Simulation output": [
        {
            "Mean Square Displacement": 2.034366380081847,
            "Self diffusion coefficient": 0.042382632918371806,
            "Lindemann Criterion": 0.640856907216807,
            "Specific Heat": 289.77706118201525,
            "Internal Temperature": 656.4755455871784,
            "Cohesive Energy": 0.3841601013386645,
            "Internal Pressure": -1.6011211450922357e-07,
            "Bulk_modulus": 73.21766170284478,
            "Lattice constant": 0
        }
    ]
}