{
    "Simulation input": [
        {
            "Chemical formula": "Au125Cu375",
            "Database": "Materials Project",
            "Potential": "EMT",
            "Integrator": "Velocity-Verlet",
            "Lattice structure": "CUB(a=18.8696)",
            "a": 18.869575,
            "b": 18.869575,
            "c": 18.869575,
            "Alpha": 90.0,
            "Beta": 90.0,
            "Gamma": 90.0,
            "Volume": 6718.717115177602,
            "Initial Temperature": 20,
            "Run time": 1000
        }
    ],
    "Simulation output": [
        {
            "Mean Square Displacement": 0.0016242930850423225,
            "Self diffusion coefficient": 3.383943927171505e-05,
            "Lindemann Criterion": 0.01529688023502471,
            "Specific Heat": 128.69110348911994,
            "Internal Temperature": 9.830526462029361,
            "Cohesive Energy": 0.001525916863029223,
            "Internal Pressure": 5.559270155980507e-07,
            "Bulk_modulus": 136.69286323359253,
            "Lattice constant": 3.773915
        }
    ]
}