{
    "Simulation input": [
        {
            "Chemical formula": "Al124Pd375",
            "Database": "Materials Project",
            "Potential": "EMT",
            "Integrator": "Velocity-Verlet",
            "Lattice structure": "CUB(a=19.5469)",
            "a": 19.54693,
            "b": 19.54693,
            "c": 19.54693,
            "Alpha": 90.0,
            "Beta": 90.0,
            "Gamma": 90.0,
            "Volume": 7468.539342716455,
            "Initial Temperature": 300,
            "Run time": 1000
        }
    ],
    "Simulation output": [
        {
            "Mean Square Displacement": 0.07094414630041375,
            "Self diffusion coefficient": 0.0014780030479252864,
            "Lindemann Criterion": 0.10191304871114676,
            "Specific Heat": 143.8664791920568,
            "Internal Temperature": 559.4700820619922,
            "Cohesive Energy": 0.11651111101483014,
            "Internal Pressure": -8.938504354771562e-07,
            "Bulk_modulus": 110.50346205926944,
            "Lattice constant": 0
        }
    ]
}