{
    "Simulation input": [
        {
            "Chemical formula": "Al374Cu125Pt",
            "Database": "Materials Project",
            "Potential": "EMT",
            "Integrator": "Velocity-Verlet",
            "Lattice structure": "CUB(a=19.6208)",
            "a": 19.620755000000003,
            "b": 19.620755000000003,
            "c": 19.620755000000003,
            "Alpha": 90.0,
            "Beta": 90.0,
            "Gamma": 90.0,
            "Volume": 7553.481060618106,
            "Initial Temperature": 300,
            "Run time": 1000
        }
    ],
    "Simulation output": [
        {
            "Mean Square Displacement": 0.09558073493203348,
            "Self diffusion coefficient": 0.001991265311084031,
            "Lindemann Criterion": 0.11981447845025124,
            "Specific Heat": 342.03799396415667,
            "Internal Temperature": 272.5190343434207,
            "Cohesive Energy": 0.11853044161967966,
            "Internal Pressure": 4.5865009034510505e-07,
            "Bulk_modulus": 45.94569053033212,
            "Lattice constant": 0
        }
    ]
}