{
    "Simulation input": [
        {
            "Chemical formula": "AgAu375Pd124",
            "Database": "Materials Project",
            "Potential": "EMT",
            "Integrator": "Velocity-Verlet",
            "Lattice structure": "CUB(a=20.5786)",
            "a": 20.578590000000002,
            "b": 20.578590000000002,
            "c": 20.578590000000002,
            "Alpha": 90.0,
            "Beta": 90.0,
            "Gamma": 90.0,
            "Volume": 8714.587675770497,
            "Initial Temperature": 300,
            "Run time": 1000
        }
    ],
    "Simulation output": [
        {
            "Mean Square Displacement": 0.08102317227141842,
            "Self diffusion coefficient": 0.0016879827556545504,
            "Lindemann Criterion": 0.10741128825239599,
            "Specific Heat": 71.53165250190767,
            "Internal Temperature": 266.4470526115263,
            "Cohesive Energy": 0.08668515027813639,
            "Internal Pressure": -7.789917588365017e-06,
            "Bulk_modulus": 165.97188611966226,
            "Lattice constant": 4.115718
        }
    ]
}