{
    "Simulation input": [
        {
            "Chemical formula": "Al10499CuPt2500",
            "Database": "Materials Project",
            "Potential": "EMT",
            "Integrator": "Velocity-Verlet",
            "Lattice structure": "FCC(a=94.5362)",
            "a": 66.84715275,
            "b": 66.84715275,
            "c": 66.84715274999999,
            "Alpha": 59.999999999999986,
            "Beta": 59.999999999999986,
            "Gamma": 59.99999999999999,
            "Volume": 211219.37045405942,
            "Initial Temperature": 300,
            "Run time": 1000
        }
    ],
    "Simulation output": [
        {
            "Mean Square Displacement": 0.18207356980734285,
            "Self diffusion coefficient": 0.0037931993709863095,
            "Lindemann Criterion": 0.16731032769286874,
            "Specific Heat": 210.25033735862573,
            "Internal Temperature": 377.0374061183325,
            "Cohesive Energy": 0.09482257607506087,
            "Internal Pressure": 2.2926305046791818e-07,
            "Bulk_modulus": 55.43543346054712,
            "Lattice constant": 13.36943055
        }
    ]
}