{
    "Simulation input": [
        {
            "Chemical formula": "Cu375Pd125",
            "Database": "Materials Project",
            "Potential": "EMT",
            "Integrator": "Velocity-Verlet",
            "Lattice structure": "CUB(a=18.5736)",
            "a": 18.573555,
            "b": 18.573555,
            "c": 18.573555,
            "Alpha": 90.0,
            "Beta": 90.0,
            "Gamma": 90.0,
            "Volume": 6407.448267967797,
            "Initial Temperature": 300,
            "Run time": 1000
        }
    ],
    "Simulation output": [
        {
            "Mean Square Displacement": 0.014562629932073332,
            "Self diffusion coefficient": 0.00030338812358486107,
            "Lindemann Criterion": 0.04761904415322294,
            "Specific Heat": 167.9175773823336,
            "Internal Temperature": 151.98354495638986,
            "Cohesive Energy": 0.003998619999063049,
            "Internal Pressure": 2.98868740784286e-08,
            "Bulk_modulus": 137.39664152581997,
            "Lattice constant": 0
        }
    ]
}