{
    "Simulation input": [
        {
            "Chemical formula": "Ag374Au125Cu",
            "Database": "Materials Project",
            "Potential": "EMT",
            "Integrator": "Velocity-Verlet",
            "Lattice structure": "CUB(a=20.8081)",
            "a": 20.808144999999996,
            "b": 20.808144999999996,
            "c": 20.808144999999996,
            "Alpha": 90.0,
            "Beta": 90.0,
            "Gamma": 90.0,
            "Volume": 9009.487698620313,
            "Initial Temperature": 300,
            "Run time": 1000
        }
    ],
    "Simulation output": [
        {
            "Mean Square Displacement": 0.07066390929735959,
            "Self diffusion coefficient": 0.001472164777028325,
            "Lindemann Criterion": 0.09405801645253885,
            "Specific Heat": 95.88556098788231,
            "Internal Temperature": 199.57107002729646,
            "Cohesive Energy": 0.06174211350317438,
            "Internal Pressure": 7.602238928039538e-07,
            "Bulk_modulus": 109.13521470390185,
            "Lattice constant": 0
        }
    ]
}