{
    "Simulation input": [
        {
            "Chemical formula": "Al10499AuPt2500",
            "Database": "Materials Project",
            "Potential": "EMT",
            "Integrator": "Velocity-Verlet",
            "Lattice structure": "FCC(a=94.5362)",
            "a": 66.84715275,
            "b": 66.84715275,
            "c": 66.84715274999999,
            "Alpha": 59.999999999999986,
            "Beta": 59.999999999999986,
            "Gamma": 59.99999999999999,
            "Volume": 211219.37045405942,
            "Initial Temperature": 300,
            "Run time": 1000
        }
    ],
    "Simulation output": [
        {
            "Mean Square Displacement": 0.19261640236194066,
            "Self diffusion coefficient": 0.0040128417158737635,
            "Lindemann Criterion": 0.17539043703563897,
            "Specific Heat": 210.21396258707006,
            "Internal Temperature": 379.74410920432246,
            "Cohesive Energy": 0.09521818864588483,
            "Internal Pressure": -2.1247910071502476e-06,
            "Bulk_modulus": 55.375910168173625,
            "Lattice constant": 0
        }
    ]
}