{
    "Simulation input": [
        {
            "Chemical formula": "Ag500",
            "Database": "ASE",
            "Potential": "EMT_Asap_Standard_JacobsenStoltzeNorskov_1996_AlAgAuCuNiPdPt__MO_115316750986_001",
            "Integrator": "Velocity-Verlet",
            "Lattice structure": "CUB(a=20.45)",
            "a": 20.45,
            "b": 20.45,
            "c": 20.45,
            "Alpha": 90.0,
            "Beta": 90.0,
            "Gamma": 90.0,
            "Volume": 8552.241125000002,
            "Initial Temperature": 1000,
            "Run time": 3000
        }
    ],
    "Simulation output": [
        {
            "Mean Square Displacement": 0.1086881963463953,
            "Self diffusion coefficient": 0.0006469535496809244,
            "Lindemann Criterion": 0.12042363861406512,
            "Specific Heat": 115.60696238147813,
            "Internal Temperature": 499.7417835766115,
            "Cohesive Energy": 2.8957804226764736,
            "Internal Pressure": 1.1596564547565612e-07,
            "Bulk_modulus": 91.3250755281371,
            "Lattice constant": 3.8347786021727415
        }
    ]
}