{
    "Simulation input": [
        {
            "Chemical formula": "Al249Cu125Pt",
            "Database": "Materials Project",
            "Potential": "EMT",
            "Integrator": "Velocity-Verlet",
            "Lattice structure": "FCC(a=28.8455)",
            "a": 20.396884,
            "b": 20.396884000000004,
            "c": 20.396884,
            "Alpha": 59.99999999999999,
            "Beta": 59.999999999999986,
            "Gamma": 59.99999999999999,
            "Volume": 6000.3485727212665,
            "Initial Temperature": 300,
            "Run time": 1000
        }
    ],
    "Simulation output": [
        {
            "Mean Square Displacement": 3.560873049372598,
            "Self diffusion coefficient": 0.07418485519526245,
            "Lindemann Criterion": 0.7838964882991207,
            "Specific Heat": 314.7641412780099,
            "Internal Temperature": 1008.129949628781,
            "Cohesive Energy": 0.32903072583697573,
            "Internal Pressure": 2.570723605903275e-06,
            "Bulk_modulus": 43.44529783168544,
            "Lattice constant": 4.0793768
        }
    ]
}