{
    "Simulation input": [
        {
            "Chemical formula": "Al125Cu375",
            "Database": "Materials Project",
            "Potential": "EMT",
            "Integrator": "Langevin",
            "Lattice structure": "FCC(a=29.1847)",
            "a": 20.636671,
            "b": 20.636671000000003,
            "c": 20.636671,
            "Alpha": 60.00000000000001,
            "Beta": 59.99999999999999,
            "Gamma": 60.00000000000001,
            "Volume": 6214.4675359729545,
            "Initial Temperature": 300,
            "Run time": 1000
        }
    ],
    "Simulation output": [
        {
            "Mean Square Displacement": 0.024612558641608637,
            "Self diffusion coefficient": 0.0005127616383668466,
            "Lindemann Criterion": 0.06324963847543771,
            "Specific Heat": 327516482298.41296,
            "Internal Temperature": 37.10510720044671,
            "Cohesive Energy": 0.1386221282254021,
            "Internal Pressure": 1.3189340317637907e-06,
            "Bulk_modulus": 84.48080181302936,
            "Lattice constant": 0
        }
    ]
}