{
    "Simulation input": [
        {
            "Chemical formula": "NiPt124",
            "Database": "Materials Project",
            "Potential": "EMT",
            "Integrator": "Velocity-Verlet",
            "Lattice structure": "FCC(a=19.8838)",
            "a": 14.060005149999999,
            "b": 14.060005149999999,
            "c": 14.060005149999999,
            "Alpha": 59.999999999999986,
            "Beta": 59.99999999999999,
            "Gamma": 59.99999999999999,
            "Volume": 1965.356961751065,
            "Initial Temperature": 300,
            "Run time": 1000
        }
    ],
    "Simulation output": [
        {
            "Mean Square Displacement": 0.01899660126219578,
            "Self diffusion coefficient": 0.00039576252629574545,
            "Lindemann Criterion": 0.05163320966958205,
            "Specific Heat": 64.28233348538463,
            "Internal Temperature": 165.87663189939408,
            "Cohesive Energy": 0.0432106971748814,
            "Internal Pressure": 3.3690786440728386e-06,
            "Bulk_modulus": 275.8467417824667,
            "Lattice constant": 2.81200103
        }
    ]
}