{
    "Simulation input": [
        {
            "Chemical formula": "Au124Pd",
            "Database": "Materials Project",
            "Potential": "EMT",
            "Integrator": "Velocity-Verlet",
            "Lattice structure": "FCC(a=16.6852)",
            "a": 11.798184120000002,
            "b": 11.798184120000002,
            "c": 11.79818412,
            "Alpha": 59.99999999999999,
            "Beta": 59.99999999999999,
            "Gamma": 60.00000000000001,
            "Volume": 1161.2627901639548,
            "Initial Temperature": 300,
            "Run time": 1000
        }
    ],
    "Simulation output": [
        {
            "Mean Square Displacement": 0.06792385584619444,
            "Self diffusion coefficient": 0.0014150803301290508,
            "Lindemann Criterion": 0.09264689089647579,
            "Specific Heat": 63.545531607879944,
            "Internal Temperature": 167.310333942187,
            "Cohesive Energy": 0.07896279497389519,
            "Internal Pressure": -2.3363963892919584e-06,
            "Bulk_modulus": null,
            "Lattice constant": 2.94954603
        }
    ]
}