{
    "Simulation input": [
        {
            "Chemical formula": "Au375NiPd124",
            "Database": "Materials Project",
            "Potential": "EMT",
            "Integrator": "Velocity-Verlet",
            "Lattice structure": "CUB(a=20.5786)",
            "a": 20.578590000000002,
            "b": 20.578590000000002,
            "c": 20.578590000000002,
            "Alpha": 90.0,
            "Beta": 90.0,
            "Gamma": 90.0,
            "Volume": 8714.587675770497,
            "Initial Temperature": 300,
            "Run time": 1000
        }
    ],
    "Simulation output": [
        {
            "Mean Square Displacement": 0.06521585375663766,
            "Self diffusion coefficient": 0.0013586636199299513,
            "Lindemann Criterion": 0.09328655697043879,
            "Specific Heat": 71.57202975606998,
            "Internal Temperature": 207.2753574691302,
            "Cohesive Energy": 0.0798142844321322,
            "Internal Pressure": -6.005093146687987e-06,
            "Bulk_modulus": 167.5999707756599,
            "Lattice constant": 0
        }
    ]
}