{
    "Simulation input": [
        {
            "Chemical formula": "Al10500Pt2500",
            "Database": "Materials Project",
            "Potential": "EMT",
            "Integrator": "Velocity-Verlet",
            "Lattice structure": "FCC(a=94.5362)",
            "a": 66.84715275,
            "b": 66.84715275,
            "c": 66.84715274999999,
            "Alpha": 59.999999999999986,
            "Beta": 59.999999999999986,
            "Gamma": 59.99999999999999,
            "Volume": 211219.37045405942,
            "Initial Temperature": 20,
            "Run time": 1000
        }
    ],
    "Simulation output": [
        {
            "Mean Square Displacement": 0.24132289254526512,
            "Self diffusion coefficient": 0.00502756026135969,
            "Lindemann Criterion": 0.2027637231432375,
            "Specific Heat": 210.26030821376213,
            "Internal Temperature": 212.69237650499397,
            "Cohesive Energy": 0.07874887750567043,
            "Internal Pressure": 8.833528592026304e-07,
            "Bulk_modulus": 55.66337556165477,
            "Lattice constant": 0
        }
    ]
}