{
    "Simulation input": [
        {
            "Chemical formula": "Cu124PdPt875",
            "Database": "Materials Project",
            "Potential": "EMT",
            "Integrator": "Velocity-Verlet",
            "Lattice structure": "FCC(a=39.3945)",
            "a": 27.856103949999998,
            "b": 27.85610395,
            "c": 27.856103949999998,
            "Alpha": 59.99999999999999,
            "Beta": 59.99999999999999,
            "Gamma": 60.00000000000001,
            "Volume": 15284.320131081178,
            "Initial Temperature": 300,
            "Run time": 1000
        }
    ],
    "Simulation output": [
        {
            "Mean Square Displacement": 0.09860340466832736,
            "Self diffusion coefficient": 0.00205423759725682,
            "Lindemann Criterion": 0.11825351012612419,
            "Specific Heat": 69.7895244583553,
            "Internal Temperature": 442.35844432088436,
            "Cohesive Energy": 0.042126836552765445,
            "Internal Pressure": -5.3289428830321955e-06,
            "Bulk_modulus": 249.33690024310644,
            "Lattice constant": 0
        }
    ]
}