{
    "Simulation input": [
        {
            "Chemical formula": "Ag499Pt",
            "Database": "ASE",
            "Potential": "EMT_Asap_Standard_JacobsenStoltzeNorskov_1996_AlAgAuCuNiPdPt__MO_115316750986_001",
            "Integrator": "Velocity-Verlet",
            "Lattice structure": "CUB(a=20.45)",
            "a": 20.45,
            "b": 20.45,
            "c": 20.45,
            "Alpha": 90.0,
            "Beta": 90.0,
            "Gamma": 90.0,
            "Volume": 8552.241125000002,
            "Initial Temperature": 500,
            "Run time": 3000
        }
    ],
    "Simulation output": [
        {
            "Mean Square Displacement": 0.11828439620138217,
            "Self diffusion coefficient": 0.0007040737869129891,
            "Lindemann Criterion": 0.12613617603967128,
            "Specific Heat": 115.42031839547676,
            "Internal Temperature": 434.9105899536776,
            "Cohesive Energy": 2.901746829760267,
            "Internal Pressure": -7.89721199493062e-06,
            "Bulk_modulus": 91.49216791508219,
            "Lattice constant": 3.8347786021727415
        }
    ]
}