{
    "Simulation input": [
        {
            "Chemical formula": "AuNi499",
            "Database": "ASE",
            "Potential": "EMT_Asap_Standard_JacobsenStoltzeNorskov_1996_AlAgAuCuNiPdPt__MO_115316750986_001",
            "Integrator": "Velocity-Verlet",
            "Lattice structure": "CUB(a=17.6)",
            "a": 17.6,
            "b": 17.6,
            "c": 17.6,
            "Alpha": 90.0,
            "Beta": 90.0,
            "Gamma": 90.0,
            "Volume": 5451.776,
            "Initial Temperature": 300,
            "Run time": 3000
        }
    ],
    "Simulation output": [
        {
            "Mean Square Displacement": 0.06160645320828348,
            "Self diffusion coefficient": 0.00036670507862073497,
            "Lindemann Criterion": 0.10574976016974089,
            "Specific Heat": 211.46898910295303,
            "Internal Temperature": 403.0296698907123,
            "Cohesive Energy": 4.382651961280565,
            "Internal Pressure": 7.79208349460042e-06,
            "Bulk_modulus": 163.37342078556912,
            "Lattice constant": 3.4914114204442335
        }
    ]
}