{
    "Simulation input": [
        {
            "Chemical formula": "Ag499Pd",
            "Database": "ASE",
            "Potential": "EMT_Asap_Standard_JacobsenStoltzeNorskov_1996_AlAgAuCuNiPdPt__MO_115316750986_001",
            "Integrator": "Velocity-Verlet",
            "Lattice structure": "CUB(a=20.45)",
            "a": 20.45,
            "b": 20.45,
            "c": 20.45,
            "Alpha": 90.0,
            "Beta": 90.0,
            "Gamma": 90.0,
            "Volume": 8552.241125000002,
            "Initial Temperature": 1100,
            "Run time": 3000
        }
    ],
    "Simulation output": [
        {
            "Mean Square Displacement": 0.14795853379397647,
            "Self diffusion coefficient": 0.000880705558297479,
            "Lindemann Criterion": 0.13861520677905778,
            "Specific Heat": 115.61006666054966,
            "Internal Temperature": 670.6681080009268,
            "Cohesive Energy": 2.8688675447583294,
            "Internal Pressure": -4.12193754366294e-06,
            "Bulk_modulus": 88.93344595396633,
            "Lattice constant": 3.8347786021727415
        }
    ]
}