{
    "Simulation input": [
        {
            "Chemical formula": "Pt500",
            "Database": "ASE",
            "Potential": "EMT_Asap_Standard_JacobsenStoltzeNorskov_1996_AlAgAuCuNiPdPt__MO_115316750986_001",
            "Integrator": "Velocity-Verlet",
            "Lattice structure": "CUB(a=19.6)",
            "a": 19.6,
            "b": 19.6,
            "c": 19.6,
            "Alpha": 90.0,
            "Beta": 90.0,
            "Gamma": 90.0,
            "Volume": 7529.536000000013,
            "Initial Temperature": 300,
            "Run time": 3000
        }
    ],
    "Simulation output": [
        {
            "Mean Square Displacement": 0.01638505854243666,
            "Self diffusion coefficient": 9.753011037164678e-05,
            "Lindemann Criterion": 0.04735216427405346,
            "Specific Heat": 63.92279704926732,
            "Internal Temperature": 153.88035566579438,
            "Cohesive Energy": 5.8305480657308175,
            "Internal Pressure": -4.356399089878748e-07,
            "Bulk_modulus": 277.7225208622749,
            "Lattice constant": 3.763694624804003
        }
    ]
}