{
    "Simulation input": [
        {
            "Chemical formula": "Al1999Cu4500Ni",
            "Database": "Materials Project",
            "Potential": "EMT",
            "Integrator": "Velocity-Verlet",
            "Lattice structure": "CUB(a=43.5073)",
            "a": 43.50731,
            "b": 43.50731,
            "c": 43.50731,
            "Alpha": 90.0,
            "Beta": 90.0,
            "Gamma": 90.0,
            "Volume": 82354.37901630164,
            "Initial Temperature": 300,
            "Run time": 1000
        }
    ],
    "Simulation output": [
        {
            "Mean Square Displacement": 0.10238071773049555,
            "Self diffusion coefficient": 0.002132931619385324,
            "Lindemann Criterion": 0.12791820134885426,
            "Specific Heat": 238.43688949607593,
            "Internal Temperature": 194.67418170067103,
            "Cohesive Energy": 0.17253108034794806,
            "Internal Pressure": -1.2347658215931463e-06,
            "Bulk_modulus": 78.12209307528273,
            "Lattice constant": 8.701462
        }
    ]
}