{
    "Simulation input": [
        {
            "Chemical formula": "Pd500",
            "Database": "ASE",
            "Potential": "EMT_Asap_Standard_JacobsenStoltzeNorskov_1996_AlAgAuCuNiPdPt__MO_115316750986_001",
            "Integrator": "Velocity-Verlet",
            "Lattice structure": "CUB(a=19.45)",
            "a": 19.45,
            "b": 19.45,
            "c": 19.45,
            "Alpha": 90.0,
            "Beta": 90.0,
            "Gamma": 90.0,
            "Volume": 7357.983625000011,
            "Initial Temperature": 800,
            "Run time": 3000
        }
    ],
    "Simulation output": [
        {
            "Mean Square Displacement": 0.050200941797117635,
            "Self diffusion coefficient": 0.00029881512974474784,
            "Lindemann Criterion": 0.08650273181172397,
            "Specific Heat": 117.1801817285895,
            "Internal Temperature": 419.3197033273741,
            "Cohesive Energy": 3.847016223666859,
            "Internal Pressure": 7.027636774172182e-07,
            "Bulk_modulus": 172.36042440939033,
            "Lattice constant": 3.7486362256057384
        }
    ]
}