{
    "Simulation input": [
        {
            "Chemical formula": "AuPt499",
            "Database": "ASE",
            "Potential": "EMT_Asap_Standard_JacobsenStoltzeNorskov_1996_AlAgAuCuNiPdPt__MO_115316750986_001",
            "Integrator": "Velocity-Verlet",
            "Lattice structure": "CUB(a=19.6)",
            "a": 19.6,
            "b": 19.6,
            "c": 19.6,
            "Alpha": 90.0,
            "Beta": 90.0,
            "Gamma": 90.0,
            "Volume": 7529.536000000013,
            "Initial Temperature": 800,
            "Run time": 3000
        }
    ],
    "Simulation output": [
        {
            "Mean Square Displacement": 0.10014273050216163,
            "Self diffusion coefficient": 0.0005960876815604859,
            "Lindemann Criterion": 0.12108083478260553,
            "Specific Heat": 63.92156335758631,
            "Internal Temperature": 670.8644795517861,
            "Cohesive Energy": 5.750925351132556,
            "Internal Pressure": -1.4230170237310549e-05,
            "Bulk_modulus": 266.18728646797985,
            "Lattice constant": 3.763694624804003
        }
    ]
}