{
    "Simulation input": [
        {
            "Chemical formula": "NiPd499",
            "Database": "ASE",
            "Potential": "EMT_Asap_Standard_JacobsenStoltzeNorskov_1996_AlAgAuCuNiPdPt__MO_115316750986_001",
            "Integrator": "Velocity-Verlet",
            "Lattice structure": "CUB(a=19.45)",
            "a": 19.45,
            "b": 19.45,
            "c": 19.45,
            "Alpha": 90.0,
            "Beta": 90.0,
            "Gamma": 90.0,
            "Volume": 7357.983625000011,
            "Initial Temperature": 700,
            "Run time": 3000
        }
    ],
    "Simulation output": [
        {
            "Mean Square Displacement": 0.06275054129218287,
            "Self diffusion coefficient": 0.00037351512673918375,
            "Lindemann Criterion": 0.09898469499259077,
            "Specific Heat": 117.28538060936638,
            "Internal Temperature": 438.09396270214546,
            "Cohesive Energy": 3.837731716511604,
            "Internal Pressure": 1.4433088445785867e-06,
            "Bulk_modulus": 170.77105975804463,
            "Lattice constant": 3.7486362256057384
        }
    ]
}