{
    "Simulation input": [
        {
            "Chemical formula": "Pd499Pt",
            "Database": "ASE",
            "Potential": "EMT_Asap_Standard_JacobsenStoltzeNorskov_1996_AlAgAuCuNiPdPt__MO_115316750986_001",
            "Integrator": "Velocity-Verlet",
            "Lattice structure": "CUB(a=19.45)",
            "a": 19.45,
            "b": 19.45,
            "c": 19.45,
            "Alpha": 90.0,
            "Beta": 90.0,
            "Gamma": 90.0,
            "Volume": 7357.983625000011,
            "Initial Temperature": 500,
            "Run time": 3000
        }
    ],
    "Simulation output": [
        {
            "Mean Square Displacement": 0.10849388162052052,
            "Self diffusion coefficient": 0.0006457969144078602,
            "Lindemann Criterion": 0.12444804697909907,
            "Specific Heat": 116.98524881934078,
            "Internal Temperature": 514.0377542762336,
            "Cohesive Energy": 3.829938726437175,
            "Internal Pressure": 1.8506049519933693e-06,
            "Bulk_modulus": 169.974145182857,
            "Lattice constant": 3.7486362256057384
        }
    ]
}