{
    "Simulation input": [
        {
            "Chemical formula": "Ag500",
            "Database": "ASE",
            "Potential": "EMT_Asap_Standard_JacobsenStoltzeNorskov_1996_AlAgAuCuNiPdPt__MO_115316750986_001",
            "Integrator": "Velocity-Verlet",
            "Lattice structure": "CUB(a=20.45)",
            "a": 20.45,
            "b": 20.45,
            "c": 20.45,
            "Alpha": 90.0,
            "Beta": 90.0,
            "Gamma": 90.0,
            "Volume": 8552.241125000002,
            "Initial Temperature": 400,
            "Run time": 3000
        }
    ],
    "Simulation output": [
        {
            "Mean Square Displacement": 0.04355534493711229,
            "Self diffusion coefficient": 0.00025925800557804937,
            "Lindemann Criterion": 0.07567450602924508,
            "Specific Heat": 115.60696238148093,
            "Internal Temperature": 202.859709343624,
            "Cohesive Energy": 2.9325783090077793,
            "Internal Pressure": 1.0877990649320994e-06,
            "Bulk_modulus": 94.41772359850508,
            "Lattice constant": 3.8347786021727415
        }
    ]
}