{
    "Simulation input": [
        {
            "Chemical formula": "AgNi499",
            "Database": "ASE",
            "Potential": "EMT_Asap_Standard_JacobsenStoltzeNorskov_1996_AlAgAuCuNiPdPt__MO_115316750986_001",
            "Integrator": "Velocity-Verlet",
            "Lattice structure": "CUB(a=17.6)",
            "a": 17.6,
            "b": 17.6,
            "c": 17.6,
            "Alpha": 90.0,
            "Beta": 90.0,
            "Gamma": 90.0,
            "Volume": 5451.776,
            "Initial Temperature": 600,
            "Run time": 3000
        }
    ],
    "Simulation output": [
        {
            "Mean Square Displacement": 0.07362921967601835,
            "Self diffusion coefficient": 0.00043826916473820444,
            "Lindemann Criterion": 0.12017569756990412,
            "Specific Heat": 212.10994781409747,
            "Internal Temperature": 630.1184276691981,
            "Cohesive Energy": 4.350375568842191,
            "Internal Pressure": 8.645522779807124e-06,
            "Bulk_modulus": 160.82874756370683,
            "Lattice constant": 3.4914114204442335
        }
    ]
}