{
    "Simulation input": [
        {
            "Chemical formula": "Ag124AlAu375",
            "Database": "Materials Project",
            "Potential": "EMT",
            "Integrator": "Velocity-Verlet",
            "Lattice structure": "CUB(a=20.8511)",
            "a": 20.851065000000002,
            "b": 20.851065000000002,
            "c": 20.851065000000002,
            "Alpha": 90.0,
            "Beta": 90.0,
            "Gamma": 90.0,
            "Volume": 9065.353134334478,
            "Initial Temperature": 300,
            "Run time": 1000
        }
    ],
    "Simulation output": [
        {
            "Mean Square Displacement": 0.06524184418703172,
            "Self diffusion coefficient": 0.0013592050872298274,
            "Lindemann Criterion": 0.09240497562603243,
            "Specific Heat": 71.45075568951314,
            "Internal Temperature": 167.626126252875,
            "Cohesive Energy": 0.06899929450456231,
            "Internal Pressure": -1.5400142133467087e-06,
            "Bulk_modulus": 148.7764934747075,
            "Lattice constant": 0
        }
    ]
}