{
    "Simulation input": [
        {
            "Chemical formula": "Au375Cu125",
            "Database": "Materials Project",
            "Potential": "EMT",
            "Integrator": "Velocity-Verlet",
            "Lattice structure": "CUB(a=20.2664)",
            "a": 20.26643,
            "b": 20.26643,
            "c": 20.26643,
            "Alpha": 90.0,
            "Beta": 90.0,
            "Gamma": 90.0,
            "Volume": 8323.994009212862,
            "Initial Temperature": 300,
            "Run time": 1000
        }
    ],
    "Simulation output": [
        {
            "Mean Square Displacement": 0.055363379475179685,
            "Self diffusion coefficient": 0.0011534037390662434,
            "Lindemann Criterion": 0.09163700501271292,
            "Specific Heat": 76.21909528633402,
            "Internal Temperature": 162.52506868923055,
            "Cohesive Energy": 0.0647737232085361,
            "Internal Pressure": 3.1377861323573466e-07,
            "Bulk_modulus": 158.85903739084733,
            "Lattice constant": 4.053286
        }
    ]
}