{
    "Simulation input": [
        {
            "Chemical formula": "Al125Ni125",
            "Database": "Materials Project",
            "Potential": "EMT",
            "Integrator": "Velocity-Verlet",
            "Lattice structure": "CUB(a=14.4395)",
            "a": 14.43951,
            "b": 14.43951,
            "c": 14.43951,
            "Alpha": 90.0,
            "Beta": 90.0,
            "Gamma": 90.0,
            "Volume": 3010.6298794090108,
            "Initial Temperature": 300,
            "Run time": 1000
        }
    ],
    "Simulation output": [
        {
            "Mean Square Displacement": 2.1640579787594016,
            "Self diffusion coefficient": 0.0450845412241542,
            "Lindemann Criterion": 0.63333788226407,
            "Specific Heat": 291.10764656883913,
            "Internal Temperature": 654.3210617077544,
            "Cohesive Energy": 0.38632511887136795,
            "Internal Pressure": 4.465883055859067e-06,
            "Bulk_modulus": 72.95200386949239,
            "Lattice constant": 0
        }
    ]
}