{
    "Simulation input": [
        {
            "Chemical formula": "AgNi499",
            "Database": "ASE",
            "Potential": "EMT_Asap_Standard_JacobsenStoltzeNorskov_1996_AlAgAuCuNiPdPt__MO_115316750986_001",
            "Integrator": "Velocity-Verlet",
            "Lattice structure": "CUB(a=17.6)",
            "a": 17.6,
            "b": 17.6,
            "c": 17.6,
            "Alpha": 90.0,
            "Beta": 90.0,
            "Gamma": 90.0,
            "Volume": 5451.776,
            "Initial Temperature": 800,
            "Run time": 3000
        }
    ],
    "Simulation output": [
        {
            "Mean Square Displacement": 0.13715360390087125,
            "Self diffusion coefficient": 0.0008163904994099479,
            "Lindemann Criterion": 0.16733538416094013,
            "Specific Heat": 212.10994781412356,
            "Internal Temperature": 751.843989931261,
            "Cohesive Energy": 4.334799814117006,
            "Internal Pressure": 6.783920688223294e-06,
            "Bulk_modulus": 159.3667548784516,
            "Lattice constant": 3.4914114204442335
        }
    ]
}