{
    "Simulation input": [
        {
            "Chemical formula": "Ag499Al",
            "Database": "ASE",
            "Potential": "EMT_Asap_Standard_JacobsenStoltzeNorskov_1996_AlAgAuCuNiPdPt__MO_115316750986_001",
            "Integrator": "Velocity-Verlet",
            "Lattice structure": "CUB(a=20.45)",
            "a": 20.45,
            "b": 20.45,
            "c": 20.45,
            "Alpha": 90.0,
            "Beta": 90.0,
            "Gamma": 90.0,
            "Volume": 8552.241125000002,
            "Initial Temperature": 1200,
            "Run time": 3000
        }
    ],
    "Simulation output": [
        {
            "Mean Square Displacement": 0.10920570995835767,
            "Self diffusion coefficient": 0.0006500339878473671,
            "Lindemann Criterion": 0.12441875661801712,
            "Specific Heat": 115.78060218223462,
            "Internal Temperature": 619.9275596020607,
            "Cohesive Energy": 2.874983580087659,
            "Internal Pressure": -2.9403554107792577e-06,
            "Bulk_modulus": 89.38292902661387,
            "Lattice constant": 3.8347786021727415
        }
    ]
}