{
    "Simulation input": [
        {
            "Chemical formula": "Cu124PdPt875",
            "Database": "Materials Project",
            "Potential": "EMT",
            "Integrator": "Velocity-Verlet",
            "Lattice structure": "FCC(a=39.3945)",
            "a": 27.856103949999998,
            "b": 27.85610395,
            "c": 27.856103949999998,
            "Alpha": 59.99999999999999,
            "Beta": 59.99999999999999,
            "Gamma": 60.00000000000001,
            "Volume": 15284.320131081178,
            "Initial Temperature": 300,
            "Run time": 1000
        }
    ],
    "Simulation output": [
        {
            "Mean Square Displacement": 0.08394913755048762,
            "Self diffusion coefficient": 0.0017489403656351587,
            "Lindemann Criterion": 0.10827522607964504,
            "Specific Heat": 69.78952445856122,
            "Internal Temperature": 426.4410111823104,
            "Cohesive Energy": 0.04009688530354771,
            "Internal Pressure": -1.21124444946956e-05,
            "Bulk_modulus": 249.35036778570847,
            "Lattice constant": 5.57122079
        }
    ]
}