{
    "Simulation input": [
        {
            "Chemical formula": "Cu500",
            "Database": "ASE",
            "Potential": "EMT_Asap_Standard_JacobsenStoltzeNorskov_1996_AlAgAuCuNiPdPt__MO_115316750986_001",
            "Integrator": "Velocity-Verlet",
            "Lattice structure": "CUB(a=18.05)",
            "a": 18.05,
            "b": 18.05,
            "c": 18.05,
            "Alpha": 90.0,
            "Beta": 90.0,
            "Gamma": 90.0,
            "Volume": 5880.735125000003,
            "Initial Temperature": 1100,
            "Run time": 3000
        }
    ],
    "Simulation output": [
        {
            "Mean Square Displacement": 0.07918272355616307,
            "Self diffusion coefficient": 0.0004713257354533516,
            "Lindemann Criterion": 0.11438405966053221,
            "Specific Heat": 196.24075377770782,
            "Internal Temperature": 545.5899295666641,
            "Cohesive Energy": 3.445611041663024,
            "Internal Pressure": 1.1690235492277315e-07,
            "Bulk_modulus": 120.68779166768716,
            "Lattice constant": 3.5869094586514447
        }
    ]
}