{
    "Simulation input": [
        {
            "Chemical formula": "Cu500",
            "Database": "ASE",
            "Potential": "EMT_Asap_Standard_JacobsenStoltzeNorskov_1996_AlAgAuCuNiPdPt__MO_115316750986_001",
            "Integrator": "Velocity-Verlet",
            "Lattice structure": "CUB(a=18.05)",
            "a": 18.05,
            "b": 18.05,
            "c": 18.05,
            "Alpha": 90.0,
            "Beta": 90.0,
            "Gamma": 90.0,
            "Volume": 5880.735125000003,
            "Initial Temperature": 600,
            "Run time": 3000
        }
    ],
    "Simulation output": [
        {
            "Mean Square Displacement": 0.03502876857404169,
            "Self diffusion coefficient": 0.00020850457484548624,
            "Lindemann Criterion": 0.0764020168586643,
            "Specific Heat": 196.24075377770978,
            "Internal Temperature": 295.43539662828306,
            "Cohesive Energy": 3.477703355766547,
            "Internal Pressure": 1.4601771338733127e-06,
            "Bulk_modulus": 123.6821363954166,
            "Lattice constant": 3.5869094586514447
        }
    ]
}