{
    "Simulation input": [
        {
            "Chemical formula": "Ag124Pt",
            "Database": "Materials Project",
            "Potential": "EMT",
            "Integrator": "Velocity-Verlet",
            "Lattice structure": "FCC(a=16.6422)",
            "a": 11.767806800000002,
            "b": 11.7678068,
            "c": 11.7678068,
            "Alpha": 59.999999999999986,
            "Beta": 59.99999999999999,
            "Gamma": 59.99999999999999,
            "Volume": 1152.3159974732619,
            "Initial Temperature": 300,
            "Run time": 1000
        }
    ],
    "Simulation output": [
        {
            "Mean Square Displacement": 0.026200592938417835,
            "Self diffusion coefficient": 0.0005458456862170383,
            "Lindemann Criterion": 0.05806470621685741,
            "Specific Heat": 114.8639827413706,
            "Internal Temperature": 170.56043339815068,
            "Cohesive Energy": 0.04783930096902073,
            "Internal Pressure": -1.0666991371865586e-06,
            "Bulk_modulus": null,
            "Lattice constant": 0
        }
    ]
}