{
    "Simulation input": [
        {
            "Chemical formula": "Al249AuPt125",
            "Database": "Materials Project",
            "Potential": "EMT",
            "Integrator": "Velocity-Verlet",
            "Lattice structure": "FCC(a=29.7438)",
            "a": 21.032021450000002,
            "b": 21.032021450000002,
            "c": 21.03202145,
            "Alpha": 59.999999999999986,
            "Beta": 59.999999999999986,
            "Gamma": 59.99999999999999,
            "Volume": 6578.517741046045,
            "Initial Temperature": 300,
            "Run time": 1000
        }
    ],
    "Simulation output": [
        {
            "Mean Square Displacement": 5.457938397067592,
            "Self diffusion coefficient": 0.11370704993890816,
            "Lindemann Criterion": 0.961951568784692,
            "Specific Heat": 149.40058034409532,
            "Internal Temperature": 1824.4766769925275,
            "Cohesive Energy": 0.3474539194753482,
            "Internal Pressure": 3.0004945981098445e-06,
            "Bulk_modulus": 65.62098133825076,
            "Lattice constant": 0
        }
    ]
}