{
    "Simulation input": [
        {
            "Chemical formula": "Ag499Pd",
            "Database": "ASE",
            "Potential": "EMT_Asap_Standard_JacobsenStoltzeNorskov_1996_AlAgAuCuNiPdPt__MO_115316750986_001",
            "Integrator": "Velocity-Verlet",
            "Lattice structure": "CUB(a=20.45)",
            "a": 20.45,
            "b": 20.45,
            "c": 20.45,
            "Alpha": 90.0,
            "Beta": 90.0,
            "Gamma": 90.0,
            "Volume": 8552.241125000002,
            "Initial Temperature": 500,
            "Run time": 3000
        }
    ],
    "Simulation output": [
        {
            "Mean Square Displacement": 0.07005394382350337,
            "Self diffusion coefficient": 0.00041698776085418674,
            "Lindemann Criterion": 0.09498410826145007,
            "Specific Heat": 115.61006666057352,
            "Internal Temperature": 374.3365348861498,
            "Cohesive Energy": 2.9056083182067445,
            "Internal Pressure": -5.573875636010224e-06,
            "Bulk_modulus": 92.0080403900495,
            "Lattice constant": 3.8347786021727415
        }
    ]
}