{
    "Simulation input": [
        {
            "Chemical formula": "AgPd499",
            "Database": "ASE",
            "Potential": "EMT_Asap_Standard_JacobsenStoltzeNorskov_1996_AlAgAuCuNiPdPt__MO_115316750986_001",
            "Integrator": "Velocity-Verlet",
            "Lattice structure": "CUB(a=19.45)",
            "a": 19.45,
            "b": 19.45,
            "c": 19.45,
            "Alpha": 90.0,
            "Beta": 90.0,
            "Gamma": 90.0,
            "Volume": 7357.983625000011,
            "Initial Temperature": 1300,
            "Run time": 3000
        }
    ],
    "Simulation output": [
        {
            "Mean Square Displacement": 0.16736791237888438,
            "Self diffusion coefficient": 0.0009962375736838355,
            "Lindemann Criterion": 0.1641005931736386,
            "Specific Heat": 117.17699255888775,
            "Internal Temperature": 836.4648675318742,
            "Cohesive Energy": 3.7850463593153862,
            "Internal Pressure": 5.1246240869406156e-08,
            "Bulk_modulus": 164.93899862979222,
            "Lattice constant": 3.7486362256057384
        }
    ]
}