{
    "Simulation input": [
        {
            "Chemical formula": "Cu124Ni",
            "Database": "Materials Project",
            "Potential": "EMT",
            "Integrator": "Velocity-Verlet",
            "Lattice structure": "FCC(a=18.1063)",
            "a": 12.8030946,
            "b": 12.8030946,
            "c": 12.8030946,
            "Alpha": 60.00000000000001,
            "Beta": 60.00000000000001,
            "Gamma": 60.00000000000001,
            "Volume": 1483.9862107102726,
            "Initial Temperature": 300,
            "Run time": 1000
        }
    ],
    "Simulation output": [
        {
            "Mean Square Displacement": 0.017864413248293225,
            "Self diffusion coefficient": 0.00037217527600610884,
            "Lindemann Criterion": 0.05343093998224686,
            "Specific Heat": 196.36070840789958,
            "Internal Temperature": 164.38799388405536,
            "Cohesive Energy": 0.022819340666384406,
            "Internal Pressure": 7.567018837068488e-06,
            "Bulk_modulus": 125.5420423489988,
            "Lattice constant": 0
        }
    ]
}