{
    "Simulation input": [
        {
            "Chemical formula": "Cu499Pd",
            "Database": "ASE",
            "Potential": "EMT_Asap_Standard_JacobsenStoltzeNorskov_1996_AlAgAuCuNiPdPt__MO_115316750986_001",
            "Integrator": "Velocity-Verlet",
            "Lattice structure": "CUB(a=18.05)",
            "a": 18.05,
            "b": 18.05,
            "c": 18.05,
            "Alpha": 90.0,
            "Beta": 90.0,
            "Gamma": 90.0,
            "Volume": 5880.735125000003,
            "Initial Temperature": 800,
            "Run time": 3000
        }
    ],
    "Simulation output": [
        {
            "Mean Square Displacement": 0.1407226181171122,
            "Self diffusion coefficient": 0.0008376346316494774,
            "Lindemann Criterion": 0.15736497290894097,
            "Specific Heat": 195.97630634881682,
            "Internal Temperature": 583.3012631897585,
            "Cohesive Energy": 3.4327925207101706,
            "Internal Pressure": 2.5128602500448713e-06,
            "Bulk_modulus": 119.64281294336185,
            "Lattice constant": 3.58690945865129
        }
    ]
}