{
    "Simulation input": [
        {
            "Chemical formula": "Ag374Au125Pt",
            "Database": "Materials Project",
            "Potential": "EMT",
            "Integrator": "Velocity-Verlet",
            "Lattice structure": "CUB(a=20.8081)",
            "a": 20.808144999999996,
            "b": 20.808144999999996,
            "c": 20.808144999999996,
            "Alpha": 90.0,
            "Beta": 90.0,
            "Gamma": 90.0,
            "Volume": 9009.487698620313,
            "Initial Temperature": 300,
            "Run time": 1000
        }
    ],
    "Simulation output": [
        {
            "Mean Square Displacement": 0.09059188586651092,
            "Self diffusion coefficient": 0.0018873309555523107,
            "Lindemann Criterion": 0.10421310531619804,
            "Specific Heat": 95.69199340638482,
            "Internal Temperature": 288.9824009799604,
            "Cohesive Energy": 0.07346489394100122,
            "Internal Pressure": -1.750387848653255e-07,
            "Bulk_modulus": 107.38569565799372,
            "Lattice constant": 0
        }
    ]
}