{
    "Simulation input": [
        {
            "Chemical formula": "Ag374Au125Ni",
            "Database": "Materials Project",
            "Potential": "EMT",
            "Integrator": "Velocity-Verlet",
            "Lattice structure": "CUB(a=20.8081)",
            "a": 20.808144999999996,
            "b": 20.808144999999996,
            "c": 20.808144999999996,
            "Alpha": 90.0,
            "Beta": 90.0,
            "Gamma": 90.0,
            "Volume": 9009.487698620313,
            "Initial Temperature": 300,
            "Run time": 1000
        }
    ],
    "Simulation output": [
        {
            "Mean Square Displacement": 0.06511635483604103,
            "Self diffusion coefficient": 0.0013565907257508548,
            "Lindemann Criterion": 0.08968899606335948,
            "Specific Heat": 95.8927169156012,
            "Internal Temperature": 203.219290901954,
            "Cohesive Energy": 0.06293606830732325,
            "Internal Pressure": 1.0347265783023159e-06,
            "Bulk_modulus": 109.18374792632518,
            "Lattice constant": 0
        }
    ]
}