{
    "Simulation input": [
        {
            "Chemical formula": "Al125Cu125",
            "Database": "Materials Project",
            "Potential": "EMT",
            "Integrator": "Velocity-Verlet",
            "Lattice structure": "CUB(a=14.9875)",
            "a": 14.987545,
            "b": 14.987545,
            "c": 14.987545,
            "Alpha": 90.0,
            "Beta": 90.0,
            "Gamma": 90.0,
            "Volume": 3366.5998537840187,
            "Initial Temperature": 300,
            "Run time": 1000
        }
    ],
    "Simulation output": [
        {
            "Mean Square Displacement": 0.1457288465126572,
            "Self diffusion coefficient": 0.003036017635680358,
            "Lindemann Criterion": 0.1499166825348919,
            "Specific Heat": 275.50323550826494,
            "Internal Temperature": 180.91404755239202,
            "Cohesive Energy": 0.18896437362411603,
            "Internal Pressure": 1.2882780035394098e-06,
            "Bulk_modulus": 59.77687881316764,
            "Lattice constant": 0
        }
    ]
}