{
    "Simulation input": [
        {
            "Chemical formula": "Pd500",
            "Database": "ASE",
            "Potential": "EMT_Asap_Standard_JacobsenStoltzeNorskov_1996_AlAgAuCuNiPdPt__MO_115316750986_001",
            "Integrator": "Velocity-Verlet",
            "Lattice structure": "CUB(a=19.45)",
            "a": 19.45,
            "b": 19.45,
            "c": 19.45,
            "Alpha": 90.0,
            "Beta": 90.0,
            "Gamma": 90.0,
            "Volume": 7357.983625000011,
            "Initial Temperature": 900,
            "Run time": 3000
        }
    ],
    "Simulation output": [
        {
            "Mean Square Displacement": 0.05318277031918761,
            "Self diffusion coefficient": 0.0003165641090427834,
            "Lindemann Criterion": 0.09227473400119642,
            "Specific Heat": 117.18018172858181,
            "Internal Temperature": 416.22162612724713,
            "Cohesive Energy": 3.847383456268226,
            "Internal Pressure": -1.5652057302302875e-07,
            "Bulk_modulus": 172.3405634894442,
            "Lattice constant": 3.7486362256057384
        }
    ]
}