{
    "Simulation input": [
        {
            "Chemical formula": "Ag375AuNi124",
            "Database": "Materials Project",
            "Potential": "EMT",
            "Integrator": "Velocity-Verlet",
            "Lattice structure": "CUB(a=20.0451)",
            "a": 20.04515,
            "b": 20.04515,
            "c": 20.04515,
            "Alpha": 90.0,
            "Beta": 90.0,
            "Gamma": 90.0,
            "Volume": 8054.302403389292,
            "Initial Temperature": 300,
            "Run time": 1000
        }
    ],
    "Simulation output": [
        {
            "Mean Square Displacement": 0.02833249029946473,
            "Self diffusion coefficient": 0.0005902602145721819,
            "Lindemann Criterion": 0.06212986488480356,
            "Specific Heat": 130.1009785702734,
            "Internal Temperature": 150.9292771940797,
            "Cohesive Energy": 0.13633149457842614,
            "Internal Pressure": -3.0992126290267204e-06,
            "Bulk_modulus": 106.21892303344617,
            "Lattice constant": 4.00903
        }
    ]
}