{
    "Simulation input": [
        {
            "Chemical formula": "Cu124NiPt875",
            "Database": "Materials Project",
            "Potential": "EMT",
            "Integrator": "Velocity-Verlet",
            "Lattice structure": "FCC(a=39.3945)",
            "a": 27.856103949999998,
            "b": 27.85610395,
            "c": 27.856103949999998,
            "Alpha": 59.99999999999999,
            "Beta": 59.99999999999999,
            "Gamma": 60.00000000000001,
            "Volume": 15284.320131081178,
            "Initial Temperature": 300,
            "Run time": 1000
        }
    ],
    "Simulation output": [
        {
            "Mean Square Displacement": 0.04464507230709296,
            "Self diffusion coefficient": 0.0009301056730644367,
            "Lindemann Criterion": 0.07922667448336103,
            "Specific Heat": 69.80817019627058,
            "Internal Temperature": 266.4475422567509,
            "Cohesive Energy": 0.019467962308456255,
            "Internal Pressure": -1.558398032085437e-05,
            "Bulk_modulus": 253.8336918753289,
            "Lattice constant": 0
        }
    ]
}