{
    "Simulation input": [
        {
            "Chemical formula": "Ag124Au375Cu",
            "Database": "Materials Project",
            "Potential": "EMT",
            "Integrator": "Velocity-Verlet",
            "Lattice structure": "CUB(a=20.8511)",
            "a": 20.851065000000002,
            "b": 20.851065000000002,
            "c": 20.851065000000002,
            "Alpha": 90.0,
            "Beta": 90.0,
            "Gamma": 90.0,
            "Volume": 9065.353134334478,
            "Initial Temperature": 300,
            "Run time": 1000
        }
    ],
    "Simulation output": [
        {
            "Mean Square Displacement": 0.06144477928961487,
            "Self diffusion coefficient": 0.0012800995685336432,
            "Lindemann Criterion": 0.08840819337630654,
            "Specific Heat": 71.42083004728308,
            "Internal Temperature": 155.9889829484059,
            "Cohesive Energy": 0.06868646040420198,
            "Internal Pressure": -1.450092452728933e-06,
            "Bulk_modulus": 149.7422510195351,
            "Lattice constant": 4.170213
        }
    ]
}