{
    "Simulation input": [
        {
            "Chemical formula": "AgCu124",
            "Database": "Materials Project",
            "Potential": "EMT",
            "Integrator": "Velocity-Verlet",
            "Lattice structure": "BCC(a=14.3633)",
            "a": 12.438956699999999,
            "b": 12.4389567,
            "c": 12.438956699999999,
            "Alpha": 109.47122063,
            "Beta": 109.47122063,
            "Gamma": 109.47122063,
            "Volume": 1481.5966161712952,
            "Initial Temperature": 300,
            "Run time": 1000
        }
    ],
    "Simulation output": [
        {
            "Mean Square Displacement": 0.08981658064623667,
            "Self diffusion coefficient": 0.001871178763463264,
            "Lindemann Criterion": 0.12485678919472591,
            "Specific Heat": 195.1518306020205,
            "Internal Temperature": 166.89769643835095,
            "Cohesive Energy": 0.0464978066553337,
            "Internal Pressure": -5.857938942346444e-06,
            "Bulk_modulus": 122.52067762371354,
            "Lattice constant": 0
        }
    ]
}