{
    "Simulation input": [
        {
            "Chemical formula": "AgAl124Pt375",
            "Database": "Materials Project",
            "Potential": "EMT",
            "Integrator": "Velocity-Verlet",
            "Lattice structure": "CUB(a=19.614)",
            "a": 19.61404,
            "b": 19.61404,
            "c": 19.61404,
            "Alpha": 90.0,
            "Beta": 90.0,
            "Gamma": 90.0,
            "Volume": 7545.72841271767,
            "Initial Temperature": 300,
            "Run time": 1000
        }
    ],
    "Simulation output": [
        {
            "Mean Square Displacement": 0.05049522903201268,
            "Self diffusion coefficient": 0.001051983938166931,
            "Lindemann Criterion": 0.0843462064889935,
            "Specific Heat": 81.38821348568769,
            "Internal Temperature": 319.23515141436286,
            "Cohesive Energy": 0.10636615581817932,
            "Internal Pressure": -4.208624971941848e-05,
            "Bulk_modulus": 170.7037246971965,
            "Lattice constant": 0
        }
    ]
}