{
    "Simulation input": [
        {
            "Chemical formula": "Au375Ni125",
            "Database": "Materials Project",
            "Potential": "EMT",
            "Integrator": "Velocity-Verlet",
            "Lattice structure": "CUB(a=20.1408)",
            "a": 20.14084,
            "b": 20.14084,
            "c": 20.14084,
            "Alpha": 90.0,
            "Beta": 90.0,
            "Gamma": 90.0,
            "Volume": 8170.200948024946,
            "Initial Temperature": 300,
            "Run time": 1000
        }
    ],
    "Simulation output": [
        {
            "Mean Square Displacement": 0.04568547272324132,
            "Self diffusion coefficient": 0.0009517806817341941,
            "Lindemann Criterion": 0.078656698545585,
            "Specific Heat": 76.78846829597735,
            "Internal Temperature": 155.29158819136055,
            "Cohesive Energy": 0.1209804273480957,
            "Internal Pressure": 1.162082215874515e-06,
            "Bulk_modulus": 165.19756647967722,
            "Lattice constant": 0
        }
    ]
}