{
    "Simulation input": [
        {
            "Chemical formula": "Au375Cu124",
            "Database": "Materials Project",
            "Potential": "EMT",
            "Integrator": "Velocity-Verlet",
            "Lattice structure": "CUB(a=20.2664)",
            "a": 20.26643,
            "b": 20.26643,
            "c": 20.26643,
            "Alpha": 90.0,
            "Beta": 90.0,
            "Gamma": 90.0,
            "Volume": 8323.994009212862,
            "Initial Temperature": 300,
            "Run time": 1000
        }
    ],
    "Simulation output": [
        {
            "Mean Square Displacement": 0.10281403893325214,
            "Self diffusion coefficient": 0.002141959144442753,
            "Lindemann Criterion": 0.12184532492496006,
            "Specific Heat": 76.12579097918355,
            "Internal Temperature": 358.15779465968086,
            "Cohesive Energy": 0.0889536173886657,
            "Internal Pressure": -8.560605740756817e-07,
            "Bulk_modulus": 153.35614361136453,
            "Lattice constant": 0
        }
    ]
}