{
    "Simulation input": [
        {
            "Chemical formula": "Al375Cu125",
            "Database": "Materials Project",
            "Potential": "EMT",
            "Integrator": "Velocity-Verlet",
            "Lattice structure": "CUB(a=19.6208)",
            "a": 19.620755000000003,
            "b": 19.620755000000003,
            "c": 19.620755000000003,
            "Alpha": 90.0,
            "Beta": 90.0,
            "Gamma": 90.0,
            "Volume": 7553.481060618106,
            "Initial Temperature": 300,
            "Run time": 1000
        }
    ],
    "Simulation output": [
        {
            "Mean Square Displacement": 0.03484104968071495,
            "Self diffusion coefficient": 0.0007258552016815614,
            "Lindemann Criterion": 0.07040550674753929,
            "Specific Heat": 345.22144936342096,
            "Internal Temperature": 146.4711589391225,
            "Cohesive Energy": 0.09731041925230838,
            "Internal Pressure": -1.7057549180512667e-07,
            "Bulk_modulus": 46.43554915321094,
            "Lattice constant": 0
        }
    ]
}