{
    "Simulation input": [
        {
            "Chemical formula": "Al250Pt125",
            "Database": "Materials Project",
            "Potential": "EMT",
            "Integrator": "Langevin",
            "Lattice structure": "FCC(a=29.7438)",
            "a": 21.032021450000002,
            "b": 21.032021450000002,
            "c": 21.03202145,
            "Alpha": 59.999999999999986,
            "Beta": 59.999999999999986,
            "Gamma": 59.99999999999999,
            "Volume": 6578.517741046045,
            "Initial Temperature": 300,
            "Run time": 1000
        }
    ],
    "Simulation output": [
        {
            "Mean Square Displacement": 4.083654886388546,
            "Self diffusion coefficient": 0.08507614346642804,
            "Lindemann Criterion": 0.8110797011416002,
            "Specific Heat": 2647066182.1377454,
            "Internal Temperature": 1104.2460058770457,
            "Cohesive Energy": 0.39433341960181395,
            "Internal Pressure": 3.225502517309387e-06,
            "Bulk_modulus": 65.88531443320527,
            "Lattice constant": 0
        }
    ]
}