{
    "Simulation input": [
        {
            "Chemical formula": "Ag375Pt125",
            "Database": "Materials Project",
            "Potential": "EMT",
            "Integrator": "Langevin",
            "Lattice structure": "CUB(a=20.52)",
            "a": 20.52002,
            "b": 20.52002,
            "c": 20.52002,
            "Alpha": 90.0,
            "Beta": 90.0,
            "Gamma": 90.0,
            "Volume": 8640.389872248625,
            "Initial Temperature": 300,
            "Run time": 1000
        }
    ],
    "Simulation output": [
        {
            "Mean Square Displacement": 0.007152493474438796,
            "Self diffusion coefficient": 0.0001490102807174749,
            "Lindemann Criterion": 0.02971011294151128,
            "Specific Heat": 46677442297.294525,
            "Internal Temperature": 34.00902969223634,
            "Cohesive Energy": 0.0728764411906845,
            "Internal Pressure": 4.6492341219540256e-07,
            "Bulk_modulus": 130.21363096740174,
            "Lattice constant": 0
        }
    ]
}