{
    "Simulation input": [
        {
            "Chemical formula": "Ag375Pt125",
            "Database": "Materials Project",
            "Potential": "EMT",
            "Integrator": "Langevin",
            "Lattice structure": "CUB(a=20.52)",
            "a": 20.52002,
            "b": 20.52002,
            "c": 20.52002,
            "Alpha": 90.0,
            "Beta": 90.0,
            "Gamma": 90.0,
            "Volume": 8640.389872248625,
            "Initial Temperature": 300,
            "Run time": 1000
        }
    ],
    "Simulation output": [
        {
            "Mean Square Displacement": 0.006946332263226386,
            "Self diffusion coefficient": 0.00014471525548388306,
            "Lindemann Criterion": 0.028922627618954432,
            "Specific Heat": 47996634662.28126,
            "Internal Temperature": 33.51732902834167,
            "Cohesive Energy": 0.07278987636064004,
            "Internal Pressure": -2.8259892326605343e-07,
            "Bulk_modulus": 130.27740517406758,
            "Lattice constant": 0
        }
    ]
}