{
    "Simulation input": [
        {
            "Chemical formula": "Al249Pd125",
            "Database": "Materials Project",
            "Potential": "EMT",
            "Integrator": "Velocity-Verlet",
            "Lattice structure": "FCC(a=29.7224)",
            "a": 21.01692475,
            "b": 21.01692475,
            "c": 21.01692475,
            "Alpha": 59.99999999999999,
            "Beta": 59.99999999999999,
            "Gamma": 59.99999999999999,
            "Volume": 6564.361806636507,
            "Initial Temperature": 300,
            "Run time": 1000
        }
    ],
    "Simulation output": [
        {
            "Mean Square Displacement": 5.837242861183958,
            "Self diffusion coefficient": 0.12160922627466579,
            "Lindemann Criterion": 0.9328414093716808,
            "Specific Heat": 232.9514186794014,
            "Internal Temperature": 1847.2817573547288,
            "Cohesive Energy": 0.3451631705007586,
            "Internal Pressure": 9.842164619241893e-08,
            "Bulk_modulus": 47.804589571029354,
            "Lattice constant": 0
        }
    ]
}