{
    "Simulation input": [
        {
            "Chemical formula": "Al500",
            "Database": "ASE",
            "Potential": "EMT_Asap_Standard_JacobsenStoltzeNorskov_1996_AlAgAuCuNiPdPt__MO_115316750986_001",
            "Integrator": "Velocity-Verlet",
            "Lattice structure": "CUB(a=20.25)",
            "a": 20.25,
            "b": 20.25,
            "c": 20.25,
            "Alpha": 90.0,
            "Beta": 90.0,
            "Gamma": 90.0,
            "Volume": 8303.765624999998,
            "Initial Temperature": 500,
            "Run time": 3000
        }
    ],
    "Simulation output": [
        {
            "Mean Square Displacement": 0.10446937860598758,
            "Self diffusion coefficient": 0.0006218415393213546,
            "Lindemann Criterion": 0.1203206594047612,
            "Specific Heat": 462.1795358170012,
            "Internal Temperature": 273.0418268167198,
            "Cohesive Energy": 3.2413868384810582,
            "Internal Pressure": 3.95597666048497e-07,
            "Bulk_modulus": 34.832421254057635,
            "Lattice constant": 3.9156921639693607
        }
    ]
}