{
    "Simulation input": [
        {
            "Chemical formula": "AgAu499",
            "Database": "ASE",
            "Potential": "EMT_Asap_Standard_JacobsenStoltzeNorskov_1996_AlAgAuCuNiPdPt__MO_115316750986_001",
            "Integrator": "Velocity-Verlet",
            "Lattice structure": "CUB(a=20.4)",
            "a": 20.4,
            "b": 20.4,
            "c": 20.4,
            "Alpha": 90.0,
            "Beta": 90.0,
            "Gamma": 90.0,
            "Volume": 8489.664,
            "Initial Temperature": 1300,
            "Run time": 3000
        }
    ],
    "Simulation output": [
        {
            "Mean Square Displacement": 0.19306303945329142,
            "Self diffusion coefficient": 0.0011491847586505442,
            "Lindemann Criterion": 0.16850436609926375,
            "Specific Heat": 63.369165546795735,
            "Internal Temperature": 793.4226936747831,
            "Cohesive Energy": 3.694412517671566,
            "Internal Pressure": -2.250133293783789e-06,
            "Bulk_modulus": 161.8858391666993,
            "Lattice constant": 3.8073118842989633
        }
    ]
}