{
    "Simulation input": [
        {
            "Chemical formula": "Au499Pd",
            "Database": "ASE",
            "Potential": "EMT_Asap_Standard_JacobsenStoltzeNorskov_1996_AlAgAuCuNiPdPt__MO_115316750986_001",
            "Integrator": "Velocity-Verlet",
            "Lattice structure": "CUB(a=20.4)",
            "a": 20.4,
            "b": 20.4,
            "c": 20.4,
            "Alpha": 90.0,
            "Beta": 90.0,
            "Gamma": 90.0,
            "Volume": 8489.664,
            "Initial Temperature": 800,
            "Run time": 3000
        }
    ],
    "Simulation output": [
        {
            "Mean Square Displacement": 0.12207593003608498,
            "Self diffusion coefficient": 0.0007266424406909821,
            "Lindemann Criterion": 0.13097484681316596,
            "Specific Heat": 63.37009825006279,
            "Internal Temperature": 563.2041408429661,
            "Cohesive Energy": 3.7229950035520085,
            "Internal Pressure": -5.27094766216228e-07,
            "Bulk_modulus": 165.12925709817213,
            "Lattice constant": 3.8073118842989633
        }
    ]
}