{
    "Simulation input": [
        {
            "Chemical formula": "Ag499Al",
            "Database": "ASE",
            "Potential": "EMT_Asap_Standard_JacobsenStoltzeNorskov_1996_AlAgAuCuNiPdPt__MO_115316750986_001",
            "Integrator": "Velocity-Verlet",
            "Lattice structure": "CUB(a=20.45)",
            "a": 20.45,
            "b": 20.45,
            "c": 20.45,
            "Alpha": 90.0,
            "Beta": 90.0,
            "Gamma": 90.0,
            "Volume": 8552.241125000002,
            "Initial Temperature": 1300,
            "Run time": 3000
        }
    ],
    "Simulation output": [
        {
            "Mean Square Displacement": 0.12558610431140094,
            "Self diffusion coefficient": 0.0007475363351869104,
            "Lindemann Criterion": 0.13248943530036128,
            "Specific Heat": 115.78060218223283,
            "Internal Temperature": 640.5528608659887,
            "Cohesive Energy": 2.8723040827724935,
            "Internal Pressure": -2.958153738936222e-06,
            "Bulk_modulus": 88.92694545873297,
            "Lattice constant": 3.8347786021727415
        }
    ]
}