{
    "Simulation input": [
        {
            "Chemical formula": "Ni499Pt",
            "Database": "ASE",
            "Potential": "EMT_Asap_Standard_JacobsenStoltzeNorskov_1996_AlAgAuCuNiPdPt__MO_115316750986_001",
            "Integrator": "Velocity-Verlet",
            "Lattice structure": "CUB(a=17.6)",
            "a": 17.6,
            "b": 17.6,
            "c": 17.6,
            "Alpha": 90.0,
            "Beta": 90.0,
            "Gamma": 90.0,
            "Volume": 5451.776,
            "Initial Temperature": 1300,
            "Run time": 3000
        }
    ],
    "Simulation output": [
        {
            "Mean Square Displacement": 0.12294677034586143,
            "Self diffusion coefficient": 0.0007318260139634609,
            "Lindemann Criterion": 0.1532678011012045,
            "Specific Heat": 211.48249192636692,
            "Internal Temperature": 952.3564864973001,
            "Cohesive Energy": 4.317950027599451,
            "Internal Pressure": 5.508424508079785e-06,
            "Bulk_modulus": 157.82952002809182,
            "Lattice constant": 3.4914114204442335
        }
    ]
}