{
    "Simulation input": [
        {
            "Chemical formula": "Ag124AlPt375",
            "Database": "Materials Project",
            "Potential": "EMT",
            "Integrator": "Velocity-Verlet",
            "Lattice structure": "CUB(a=20.0342)",
            "a": 20.03422,
            "b": 20.03422,
            "c": 20.03422,
            "Alpha": 90.0,
            "Beta": 90.0,
            "Gamma": 90.0,
            "Volume": 8041.134300575908,
            "Initial Temperature": 300,
            "Run time": 1000
        }
    ],
    "Simulation output": [
        {
            "Mean Square Displacement": 0.04338704262713969,
            "Self diffusion coefficient": 0.0009038967213987435,
            "Lindemann Criterion": 0.08142643940929466,
            "Specific Heat": 72.03349735747015,
            "Internal Temperature": 217.52610779707828,
            "Cohesive Energy": 0.09242987785040326,
            "Internal Pressure": -1.070056293899563e-05,
            "Bulk_modulus": 214.7977616182414,
            "Lattice constant": 0
        }
    ]
}