{
    "Simulation input": [
        {
            "Chemical formula": "Au375Ni124Pt",
            "Database": "Materials Project",
            "Potential": "EMT",
            "Integrator": "Velocity-Verlet",
            "Lattice structure": "CUB(a=20.1408)",
            "a": 20.14084,
            "b": 20.14084,
            "c": 20.14084,
            "Alpha": 90.0,
            "Beta": 90.0,
            "Gamma": 90.0,
            "Volume": 8170.200948024946,
            "Initial Temperature": 300,
            "Run time": 1000
        }
    ],
    "Simulation output": [
        {
            "Mean Square Displacement": 0.11732649238167076,
            "Self diffusion coefficient": 0.0024443019246181406,
            "Lindemann Criterion": 0.12716336330235753,
            "Specific Heat": 76.65970260567508,
            "Internal Temperature": 360.711189393415,
            "Cohesive Energy": 0.15164643008145012,
            "Internal Pressure": -3.286380150370594e-06,
            "Bulk_modulus": 158.61674739124913,
            "Lattice constant": 4.028168
        }
    ]
}