{
    "Simulation input": [
        {
            "Chemical formula": "Au124Pt",
            "Database": "Materials Project",
            "Potential": "EMT",
            "Integrator": "Velocity-Verlet",
            "Lattice structure": "FCC(a=16.6852)",
            "a": 11.798184120000002,
            "b": 11.798184120000002,
            "c": 11.79818412,
            "Alpha": 59.99999999999999,
            "Beta": 59.99999999999999,
            "Gamma": 60.00000000000001,
            "Volume": 1161.2627901639548,
            "Initial Temperature": 300,
            "Run time": 1000
        }
    ],
    "Simulation output": [
        {
            "Mean Square Displacement": 0.051441984248904817,
            "Self diffusion coefficient": 0.001071708005185517,
            "Lindemann Criterion": 0.08067445151641306,
            "Specific Heat": 63.31667524222864,
            "Internal Temperature": 143.5203415900985,
            "Cohesive Energy": 0.07633756106479327,
            "Internal Pressure": -1.826637641361377e-06,
            "Bulk_modulus": null,
            "Lattice constant": 2.94954603
        }
    ]
}