{
    "Simulation input": [
        {
            "Chemical formula": "AlAu375Cu124",
            "Database": "Materials Project",
            "Potential": "EMT",
            "Integrator": "Velocity-Verlet",
            "Lattice structure": "CUB(a=20.2664)",
            "a": 20.26643,
            "b": 20.26643,
            "c": 20.26643,
            "Alpha": 90.0,
            "Beta": 90.0,
            "Gamma": 90.0,
            "Volume": 8323.994009212862,
            "Initial Temperature": 300,
            "Run time": 1000
        }
    ],
    "Simulation output": [
        {
            "Mean Square Displacement": 0.07070109629867817,
            "Self diffusion coefficient": 0.0014729395062224619,
            "Lindemann Criterion": 0.09688446324083702,
            "Specific Heat": 76.2531779480806,
            "Internal Temperature": 198.73366543053365,
            "Cohesive Energy": 0.0740534912942882,
            "Internal Pressure": -1.547514277071439e-06,
            "Bulk_modulus": 155.97450258316013,
            "Lattice constant": 0
        }
    ]
}