{
    "Simulation input": [
        {
            "Chemical formula": "Ag499Au",
            "Database": "ASE",
            "Potential": "EMT_Asap_Standard_JacobsenStoltzeNorskov_1996_AlAgAuCuNiPdPt__MO_115316750986_001",
            "Integrator": "Velocity-Verlet",
            "Lattice structure": "CUB(a=20.45)",
            "a": 20.45,
            "b": 20.45,
            "c": 20.45,
            "Alpha": 90.0,
            "Beta": 90.0,
            "Gamma": 90.0,
            "Volume": 8552.241125000002,
            "Initial Temperature": 900,
            "Run time": 3000
        }
    ],
    "Simulation output": [
        {
            "Mean Square Displacement": 0.1597980699204075,
            "Self diffusion coefficient": 0.0009511789876214731,
            "Lindemann Criterion": 0.14916167328656643,
            "Specific Heat": 115.41629629535171,
            "Internal Temperature": 576.281466754136,
            "Cohesive Energy": 2.880560615154809,
            "Internal Pressure": -5.48806211105142e-06,
            "Bulk_modulus": 89.86394935719879,
            "Lattice constant": 3.8347786021727415
        }
    ]
}