{
    "Simulation input": [
        {
            "Chemical formula": "Au125CuPd374",
            "Database": "Materials Project",
            "Potential": "EMT",
            "Integrator": "Velocity-Verlet",
            "Lattice structure": "CUB(a=20.027)",
            "a": 20.026955,
            "b": 20.026955,
            "c": 20.026955,
            "Alpha": 90.0,
            "Beta": 90.0,
            "Gamma": 90.0,
            "Volume": 8032.389613906253,
            "Initial Temperature": 300,
            "Run time": 1000
        }
    ],
    "Simulation output": [
        {
            "Mean Square Displacement": 0.05710241934395786,
            "Self diffusion coefficient": 0.0011896337363324553,
            "Lindemann Criterion": 0.09250411986135752,
            "Specific Heat": 96.69092393353996,
            "Internal Temperature": 220.61236842424438,
            "Cohesive Energy": 0.07000633464733985,
            "Internal Pressure": -1.3386657630976653e-05,
            "Bulk_modulus": 169.78250856746322,
            "Lattice constant": 0
        }
    ]
}