{
    "Simulation input": [
        {
            "Chemical formula": "Al499Pt",
            "Database": "ASE",
            "Potential": "EMT_Asap_Standard_JacobsenStoltzeNorskov_1996_AlAgAuCuNiPdPt__MO_115316750986_001",
            "Integrator": "Velocity-Verlet",
            "Lattice structure": "CUB(a=20.25)",
            "a": 20.25,
            "b": 20.25,
            "c": 20.25,
            "Alpha": 90.0,
            "Beta": 90.0,
            "Gamma": 90.0,
            "Volume": 8303.765624999998,
            "Initial Temperature": 600,
            "Run time": 3000
        }
    ],
    "Simulation output": [
        {
            "Mean Square Displacement": 0.20497865422361589,
            "Self diffusion coefficient": 0.0012201110370453326,
            "Lindemann Criterion": 0.18426404871993282,
            "Specific Heat": 456.4913999834871,
            "Internal Temperature": 398.5112161935412,
            "Cohesive Energy": 3.2304749834075275,
            "Internal Pressure": 3.6258444456589994e-07,
            "Bulk_modulus": 34.6755175241582,
            "Lattice constant": 3.9156921639693607
        }
    ]
}