{
    "Simulation input": [
        {
            "Chemical formula": "Ag499Al",
            "Database": "ASE",
            "Potential": "EMT_Asap_Standard_JacobsenStoltzeNorskov_1996_AlAgAuCuNiPdPt__MO_115316750986_001",
            "Integrator": "Velocity-Verlet",
            "Lattice structure": "CUB(a=20.45)",
            "a": 20.45,
            "b": 20.45,
            "c": 20.45,
            "Alpha": 90.0,
            "Beta": 90.0,
            "Gamma": 90.0,
            "Volume": 8552.241125000002,
            "Initial Temperature": 1100,
            "Run time": 3000
        }
    ],
    "Simulation output": [
        {
            "Mean Square Displacement": 0.13603425695852667,
            "Self diffusion coefficient": 0.0008097277199912302,
            "Lindemann Criterion": 0.13639060306020578,
            "Specific Heat": 115.78060218223061,
            "Internal Temperature": 645.6738176105958,
            "Cohesive Energy": 2.871980241190526,
            "Internal Pressure": -3.902036509589008e-06,
            "Bulk_modulus": 88.89323068175932,
            "Lattice constant": 3.8347786021727415
        }
    ]
}