{
    "Simulation input": [
        {
            "Chemical formula": "AgAl124Cu375",
            "Database": "Materials Project",
            "Potential": "EMT",
            "Integrator": "Velocity-Verlet",
            "Lattice structure": "CUB(a=18.3574)",
            "a": 18.357405,
            "b": 18.357405,
            "c": 18.357405,
            "Alpha": 90.0,
            "Beta": 90.0,
            "Gamma": 90.0,
            "Volume": 6186.341184356621,
            "Initial Temperature": 300,
            "Run time": 1000
        }
    ],
    "Simulation output": [
        {
            "Mean Square Displacement": 0.06283725057112934,
            "Self diffusion coefficient": 0.001309109386898528,
            "Lindemann Criterion": 0.09954086652639646,
            "Specific Heat": 228.5336026485928,
            "Internal Temperature": 313.08608589960306,
            "Cohesive Energy": 0.15947892474630304,
            "Internal Pressure": 9.426259436061648e-06,
            "Bulk_modulus": 83.5745488504459,
            "Lattice constant": 0
        }
    ]
}