{
    "Simulation input": [
        {
            "Chemical formula": "CuPt124",
            "Database": "Materials Project",
            "Potential": "EMT",
            "Integrator": "Velocity-Verlet",
            "Lattice structure": "FCC(a=19.8838)",
            "a": 14.060005149999999,
            "b": 14.060005149999999,
            "c": 14.060005149999999,
            "Alpha": 59.999999999999986,
            "Beta": 59.99999999999999,
            "Gamma": 59.99999999999999,
            "Volume": 1965.356961751065,
            "Initial Temperature": 300,
            "Run time": 1000
        }
    ],
    "Simulation output": [
        {
            "Mean Square Displacement": 0.017292100131888297,
            "Self diffusion coefficient": 0.0003602520860810062,
            "Lindemann Criterion": 0.04829063046105563,
            "Specific Heat": 64.2694722308658,
            "Internal Temperature": 162.48772098976804,
            "Cohesive Energy": 0.04128176591947487,
            "Internal Pressure": 2.8261725898865302e-06,
            "Bulk_modulus": 275.77813208388244,
            "Lattice constant": 0
        }
    ]
}