{
    "Simulation input": [
        {
            "Chemical formula": "Ni124",
            "Database": "Materials Project",
            "Potential": "EMT",
            "Integrator": "Velocity-Verlet",
            "Lattice structure": "FCC(a=17.529)",
            "a": 12.3948677,
            "b": 12.394867699999999,
            "c": 12.394867699999999,
            "Alpha": 59.999999999999986,
            "Beta": 59.999999999999986,
            "Gamma": 59.999999999999986,
            "Volume": 1346.513428418923,
            "Initial Temperature": 300,
            "Run time": 1000
        }
    ],
    "Simulation output": [
        {
            "Mean Square Displacement": 0.04749643000539185,
            "Self diffusion coefficient": 0.0009895089584456636,
            "Lindemann Criterion": 0.09213636130306756,
            "Specific Heat": 212.4653656560289,
            "Internal Temperature": 797.1977130495417,
            "Cohesive Energy": 0.11458963357654148,
            "Internal Pressure": 3.169665391597729e-06,
            "Bulk_modulus": 159.26113070278782,
            "Lattice constant": 0
        }
    ]
}