{
    "Simulation input": [
        {
            "Chemical formula": "NiPd124",
            "Database": "Materials Project",
            "Potential": "EMT",
            "Integrator": "Velocity-Verlet",
            "Lattice structure": "FCC(a=19.7853)",
            "a": 13.990340999999999,
            "b": 13.990340999999999,
            "c": 13.990340999999999,
            "Alpha": 59.99999999999999,
            "Beta": 59.99999999999999,
            "Gamma": 59.99999999999999,
            "Volume": 1936.287770389967,
            "Initial Temperature": 300,
            "Run time": 1000
        }
    ],
    "Simulation output": [
        {
            "Mean Square Displacement": 0.024909209510837922,
            "Self diffusion coefficient": 0.0005189418648091234,
            "Lindemann Criterion": 0.05872921522209096,
            "Specific Heat": 117.60211134568705,
            "Internal Temperature": 156.33058927214182,
            "Cohesive Energy": 0.04985397745917353,
            "Internal Pressure": -6.769897443879543e-07,
            "Bulk_modulus": 175.56368469703892,
            "Lattice constant": 2.7980682
        }
    ]
}