{
    "Simulation input": [
        {
            "Chemical formula": "Al125Pt125",
            "Database": "Materials Project",
            "Potential": "EMT",
            "Integrator": "Velocity-Verlet",
            "Lattice structure": "CUB(a=15.4577)",
            "a": 15.457730000000002,
            "b": 15.457730000000002,
            "c": 15.457730000000002,
            "Alpha": 90.0,
            "Beta": 90.0,
            "Gamma": 90.0,
            "Volume": 3693.491905983805,
            "Initial Temperature": 300,
            "Run time": 1000
        }
    ],
    "Simulation output": [
        {
            "Mean Square Displacement": 0.3178690287356436,
            "Self diffusion coefficient": 0.006622271431992575,
            "Lindemann Criterion": 0.22023272405295347,
            "Specific Heat": 112.31202242755789,
            "Internal Temperature": 235.3563220508572,
            "Cohesive Energy": 0.22242871920349866,
            "Internal Pressure": -6.067484957117232e-07,
            "Bulk_modulus": 101.93248558537611,
            "Lattice constant": 0
        }
    ]
}