{
    "Simulation input": [
        {
            "Chemical formula": "Cu125NiPd124",
            "Database": "Materials Project",
            "Potential": "EMT",
            "Integrator": "Velocity-Verlet",
            "Lattice structure": "CUB(a=15.0907)",
            "a": 15.090655,
            "b": 15.090655,
            "c": 15.090655,
            "Alpha": 90.0,
            "Beta": 90.0,
            "Gamma": 90.0,
            "Volume": 3436.562694838742,
            "Initial Temperature": 300,
            "Run time": 1000
        }
    ],
    "Simulation output": [
        {
            "Mean Square Displacement": 0.06924938921855812,
            "Self diffusion coefficient": 0.0014426956087199609,
            "Lindemann Criterion": 0.10307122066679168,
            "Specific Heat": 147.06931213175346,
            "Internal Temperature": 158.3188229898901,
            "Cohesive Energy": 0.017838213007046008,
            "Internal Pressure": 1.5800530295487512e-06,
            "Bulk_modulus": 145.47182848657812,
            "Lattice constant": 0
        }
    ]
}