{
    "Simulation input": [
        {
            "Chemical formula": "AgAl125Pt124",
            "Database": "Materials Project",
            "Potential": "EMT",
            "Integrator": "Velocity-Verlet",
            "Lattice structure": "CUB(a=15.4577)",
            "a": 15.457730000000002,
            "b": 15.457730000000002,
            "c": 15.457730000000002,
            "Alpha": 90.0,
            "Beta": 90.0,
            "Gamma": 90.0,
            "Volume": 3693.491905983805,
            "Initial Temperature": 300,
            "Run time": 1000
        }
    ],
    "Simulation output": [
        {
            "Mean Square Displacement": 0.9703382930947785,
            "Self diffusion coefficient": 0.02021538110614122,
            "Lindemann Criterion": 0.39205906188095424,
            "Specific Heat": 112.6660170097323,
            "Internal Temperature": 338.94553363488467,
            "Cohesive Energy": 0.20356711776083464,
            "Internal Pressure": 7.358478787770399e-06,
            "Bulk_modulus": 111.60906291753021,
            "Lattice constant": 0
        }
    ]
}