{
    "Simulation input": [
        {
            "Chemical formula": "Ni499Pt",
            "Database": "ASE",
            "Potential": "EMT_Asap_Standard_JacobsenStoltzeNorskov_1996_AlAgAuCuNiPdPt__MO_115316750986_001",
            "Integrator": "Velocity-Verlet",
            "Lattice structure": "CUB(a=17.6)",
            "a": 17.6,
            "b": 17.6,
            "c": 17.6,
            "Alpha": 90.0,
            "Beta": 90.0,
            "Gamma": 90.0,
            "Volume": 5451.776,
            "Initial Temperature": 300,
            "Run time": 3000
        }
    ],
    "Simulation output": [
        {
            "Mean Square Displacement": 0.05490686778215509,
            "Self diffusion coefficient": 0.0003268265939413993,
            "Lindemann Criterion": 0.09832670553483729,
            "Specific Heat": 211.48249192630294,
            "Internal Temperature": 390.00324844907465,
            "Cohesive Energy": 4.389973395045836,
            "Internal Pressure": 7.696428687142568e-06,
            "Bulk_modulus": 163.9919601580537,
            "Lattice constant": 3.4914114204442335
        }
    ]
}