{
    "Simulation input": [
        {
            "Chemical formula": "Ni124Pt",
            "Database": "Materials Project",
            "Potential": "EMT",
            "Integrator": "Velocity-Verlet",
            "Lattice structure": "FCC(a=17.529)",
            "a": 12.3948677,
            "b": 12.394867699999999,
            "c": 12.394867699999999,
            "Alpha": 59.999999999999986,
            "Beta": 59.999999999999986,
            "Gamma": 59.999999999999986,
            "Volume": 1346.513428418923,
            "Initial Temperature": 300,
            "Run time": 1000
        }
    ],
    "Simulation output": [
        {
            "Mean Square Displacement": 0.011617972939608543,
            "Self diffusion coefficient": 0.0002420411029085113,
            "Lindemann Criterion": 0.04446528536872106,
            "Specific Heat": 208.5876694375087,
            "Internal Temperature": 162.1450946447988,
            "Cohesive Energy": 0.005469658514624819,
            "Internal Pressure": -4.532256765534579e-07,
            "Bulk_modulus": 168.30520763643588,
            "Lattice constant": 0
        }
    ]
}