{
    "Simulation input": [
        {
            "Chemical formula": "Al125",
            "Database": "Materials Project",
            "Potential": "EMT",
            "Integrator": "Velocity-Verlet",
            "Lattice structure": "FCC(a=20.1946)",
            "a": 14.279773950000001,
            "b": 14.279773950000001,
            "c": 14.279773950000001,
            "Alpha": 59.99999999999999,
            "Beta": 59.99999999999999,
            "Gamma": 59.99999999999999,
            "Volume": 2058.965169334094,
            "Initial Temperature": 300,
            "Run time": 1000
        }
    ],
    "Simulation output": [
        {
            "Mean Square Displacement": 0.03573369201133143,
            "Self diffusion coefficient": 0.0007444519169027382,
            "Lindemann Criterion": 0.07030224905207144,
            "Specific Heat": 462.1795267970892,
            "Internal Temperature": 151.57052989617753,
            "Cohesive Energy": 0.01684015106627418,
            "Internal Pressure": -2.3461956738614333e-06,
            "Bulk_modulus": 35.43019508338078,
            "Lattice constant": 0
        }
    ]
}