{
    "Simulation input": [
        {
            "Chemical formula": "Al250Pd125",
            "Database": "Materials Project",
            "Potential": "EMT",
            "Integrator": "Velocity-Verlet",
            "Lattice structure": "FCC(a=32.3929)",
            "a": 22.90526674540782,
            "b": 22.905266745407815,
            "c": 22.905266745407822,
            "Alpha": 59.999999999999986,
            "Beta": 60.00000000000001,
            "Gamma": 59.999999999999986,
            "Volume": 8497.497851386024,
            "Initial Temperature": 300,
            "Run time": 1000
        }
    ],
    "Simulation output": [
        {
            "Mean Square Displacement": 3.4489561859863813,
            "Self diffusion coefficient": 0.07185325387471628,
            "Lindemann Criterion": 0.6849665990631069,
            "Specific Heat": 233.25992637443423,
            "Internal Temperature": 749.6977969047632,
            "Cohesive Energy": 0.38578128117589966,
            "Internal Pressure": 5.897115720864439e-06,
            "Bulk_modulus": 45.27135631624763,
            "Lattice constant": 4.5810533490815635
        }
    ]
}