{
    "Simulation input": [
        {
            "Chemical formula": "Cu374NiPt125",
            "Database": "Materials Project",
            "Potential": "EMT",
            "Integrator": "Velocity-Verlet",
            "Lattice structure": "CUB(a=18.6144)",
            "a": 18.614425,
            "b": 18.614425,
            "c": 18.614425,
            "Alpha": 90.0,
            "Beta": 90.0,
            "Gamma": 90.0,
            "Volume": 6449.83903290044,
            "Initial Temperature": 300,
            "Run time": 1000
        }
    ],
    "Simulation output": [
        {
            "Mean Square Displacement": 0.042789154093872385,
            "Self diffusion coefficient": 0.000891440710289008,
            "Lindemann Criterion": 0.08251056258344557,
            "Specific Heat": 129.33221460527614,
            "Internal Temperature": 219.19907392310014,
            "Cohesive Energy": 0.05209961367478472,
            "Internal Pressure": -7.103075713950204e-06,
            "Bulk_modulus": 157.45706033097215,
            "Lattice constant": 0
        }
    ]
}