{
    "Simulation input": [
        {
            "Chemical formula": "Ag499Pt",
            "Database": "ASE",
            "Potential": "EMT_Asap_Standard_JacobsenStoltzeNorskov_1996_AlAgAuCuNiPdPt__MO_115316750986_001",
            "Integrator": "Velocity-Verlet",
            "Lattice structure": "CUB(a=20.45)",
            "a": 20.45,
            "b": 20.45,
            "c": 20.45,
            "Alpha": 90.0,
            "Beta": 90.0,
            "Gamma": 90.0,
            "Volume": 8552.241125000002,
            "Initial Temperature": 400,
            "Run time": 3000
        }
    ],
    "Simulation output": [
        {
            "Mean Square Displacement": 0.14608555888998498,
            "Self diffusion coefficient": 0.0008695568981546724,
            "Lindemann Criterion": 0.14092287573786927,
            "Specific Heat": 115.4203183954658,
            "Internal Temperature": 404.05667758885085,
            "Cohesive Energy": 2.9056035430100002,
            "Internal Pressure": -6.492802350614821e-06,
            "Bulk_modulus": 91.93205548648501,
            "Lattice constant": 3.8347786021727415
        }
    ]
}