{
    "Simulation input": [
        {
            "Chemical formula": "Al249Cu125",
            "Database": "Materials Project",
            "Potential": "EMT",
            "Integrator": "Velocity-Verlet",
            "Lattice structure": "FCC(a=28.8455)",
            "a": 20.396884,
            "b": 20.396884000000004,
            "c": 20.396884,
            "Alpha": 59.99999999999999,
            "Beta": 59.999999999999986,
            "Gamma": 59.99999999999999,
            "Volume": 6000.3485727212665,
            "Initial Temperature": 300,
            "Run time": 1000
        }
    ],
    "Simulation output": [
        {
            "Mean Square Displacement": 3.702498265830625,
            "Self diffusion coefficient": 0.07713538053813802,
            "Lindemann Criterion": 0.7865958607489736,
            "Specific Heat": 318.1017685624776,
            "Internal Temperature": 1380.535882484038,
            "Cohesive Energy": 0.3694034247864804,
            "Internal Pressure": 3.3331541833416753e-06,
            "Bulk_modulus": 41.48482852896894,
            "Lattice constant": 0
        }
    ]
}