{
    "Simulation input": [
        {
            "Chemical formula": "Al375Cu125",
            "Database": "Materials Project",
            "Potential": "EMT",
            "Integrator": "Velocity-Verlet",
            "Lattice structure": "CUB(a=19.6208)",
            "a": 19.620755000000003,
            "b": 19.620755000000003,
            "c": 19.620755000000003,
            "Alpha": 90.0,
            "Beta": 90.0,
            "Gamma": 90.0,
            "Volume": 7553.481060618106,
            "Initial Temperature": 300,
            "Run time": 1000
        }
    ],
    "Simulation output": [
        {
            "Mean Square Displacement": 0.03527359374140231,
            "Self diffusion coefficient": 0.0007348665362792149,
            "Lindemann Criterion": 0.0696784254932614,
            "Specific Heat": 345.22144936285116,
            "Internal Temperature": 144.5091215707339,
            "Cohesive Energy": 0.09706610299066684,
            "Internal Pressure": -1.8031906262814953e-06,
            "Bulk_modulus": 46.44337807034212,
            "Lattice constant": 0
        }
    ]
}