{
    "Simulation input": [
        {
            "Chemical formula": "Al374AuPd125",
            "Database": "Materials Project",
            "Potential": "EMT",
            "Integrator": "Velocity-Verlet",
            "Lattice structure": "CUB(a=19.7345)",
            "a": 19.73455,
            "b": 19.73455,
            "c": 19.73455,
            "Alpha": 90.0,
            "Beta": 90.0,
            "Gamma": 90.0,
            "Volume": 7685.669117560159,
            "Initial Temperature": 300,
            "Run time": 1000
        }
    ],
    "Simulation output": [
        {
            "Mean Square Displacement": 0.05487286268774227,
            "Self diffusion coefficient": 0.0011431846393279638,
            "Lindemann Criterion": 0.08770381391961121,
            "Specific Heat": 264.30728827788795,
            "Internal Temperature": 234.8261859157024,
            "Cohesive Energy": 0.07282102410266855,
            "Internal Pressure": 1.4454362894051435e-06,
            "Bulk_modulus": 54.00615672088386,
            "Lattice constant": 0
        }
    ]
}