{
    "Simulation input": [
        {
            "Chemical formula": "AgAl499Pd500",
            "Database": "Materials Project",
            "Potential": "EMT",
            "Integrator": "Velocity-Verlet",
            "Lattice structure": "CUB(a=24.5437)",
            "a": 24.543685000000004,
            "b": 24.543685000000004,
            "c": 24.543685000000004,
            "Alpha": 90.0,
            "Beta": 90.0,
            "Gamma": 90.0,
            "Volume": 14784.931112990605,
            "Initial Temperature": 300,
            "Run time": 1000
        }
    ],
    "Simulation output": [
        {
            "Mean Square Displacement": 1.1036790187121825,
            "Self diffusion coefficient": 0.022993312889837136,
            "Lindemann Criterion": 0.4397544697870189,
            "Specific Heat": 186.73264036784462,
            "Internal Temperature": 505.17951658815304,
            "Cohesive Energy": 0.24512685588090535,
            "Internal Pressure": -7.471509208676384e-06,
            "Bulk_modulus": 73.6587533462167,
            "Lattice constant": 0
        }
    ]
}