{
    "Simulation input": [
        {
            "Chemical formula": "Al3999Ni3000",
            "Database": "Materials Project",
            "Potential": "EMT",
            "Integrator": "Velocity-Verlet",
            "Lattice structure": "BCC(a=57.0004)",
            "a": 49.363768449999995,
            "b": 49.363768449999995,
            "c": 49.363768449999995,
            "Alpha": 109.47122063,
            "Beta": 109.47122063,
            "Gamma": 109.47122063,
            "Volume": 92598.30324960564,
            "Initial Temperature": 300,
            "Run time": 1000
        }
    ],
    "Simulation output": [
        {
            "Mean Square Displacement": 2.0778692629044104,
            "Self diffusion coefficient": 0.04328894297717522,
            "Lindemann Criterion": 0.5988893823365314,
            "Specific Heat": 307.3453311546551,
            "Internal Temperature": 1503.8228041631398,
            "Cohesive Energy": 0.496089982257116,
            "Internal Pressure": 6.949773500718566e-07,
            "Bulk_modulus": 58.84089375929635,
            "Lattice constant": 0
        }
    ]
}