{
    "Simulation input": [
        {
            "Chemical formula": "Al2000Cu4500",
            "Database": "Materials Project",
            "Potential": "EMT",
            "Integrator": "Velocity-Verlet",
            "Lattice structure": "CUB(a=43.5073)",
            "a": 43.50731,
            "b": 43.50731,
            "c": 43.50731,
            "Alpha": 90.0,
            "Beta": 90.0,
            "Gamma": 90.0,
            "Volume": 82354.37901630164,
            "Initial Temperature": 300,
            "Run time": 1000
        }
    ],
    "Simulation output": [
        {
            "Mean Square Displacement": 0.10270959590915758,
            "Self diffusion coefficient": 0.0021397832481074497,
            "Lindemann Criterion": 0.13114958159645446,
            "Specific Heat": 238.45913377679886,
            "Internal Temperature": 182.26034620279566,
            "Cohesive Energy": 0.17068437594994995,
            "Internal Pressure": 2.8855022650854805e-07,
            "Bulk_modulus": 78.19437143142262,
            "Lattice constant": 0
        }
    ]
}