{
    "Simulation input": [
        {
            "Chemical formula": "Ag499Cu",
            "Database": "ASE",
            "Potential": "EMT_Asap_Standard_JacobsenStoltzeNorskov_1996_AlAgAuCuNiPdPt__MO_115316750986_001",
            "Integrator": "Velocity-Verlet",
            "Lattice structure": "CUB(a=20.45)",
            "a": 20.45,
            "b": 20.45,
            "c": 20.45,
            "Alpha": 90.0,
            "Beta": 90.0,
            "Gamma": 90.0,
            "Volume": 8552.241125000002,
            "Initial Temperature": 300,
            "Run time": 3000
        }
    ],
    "Simulation output": [
        {
            "Mean Square Displacement": 0.03455814312577283,
            "Self diffusion coefficient": 0.00020570323289150494,
            "Lindemann Criterion": 0.06621493181022077,
            "Specific Heat": 115.7020445124138,
            "Internal Temperature": 200.03149807660805,
            "Cohesive Energy": 2.9274595379829336,
            "Internal Pressure": -4.496262982448141e-06,
            "Bulk_modulus": 93.92695835608072,
            "Lattice constant": 3.8347786021727415
        }
    ]
}