{
    "Simulation input": [
        {
            "Chemical formula": "Ag499Ni",
            "Database": "ASE",
            "Potential": "EMT_Asap_Standard_JacobsenStoltzeNorskov_1996_AlAgAuCuNiPdPt__MO_115316750986_001",
            "Integrator": "Velocity-Verlet",
            "Lattice structure": "CUB(a=20.45)",
            "a": 20.45,
            "b": 20.45,
            "c": 20.45,
            "Alpha": 90.0,
            "Beta": 90.0,
            "Gamma": 90.0,
            "Volume": 8552.241125000002,
            "Initial Temperature": 600,
            "Run time": 3000
        }
    ],
    "Simulation output": [
        {
            "Mean Square Displacement": 0.06235490928561303,
            "Self diffusion coefficient": 0.0003711601743191252,
            "Lindemann Criterion": 0.09017674503659351,
            "Specific Heat": 115.71246404511467,
            "Internal Temperature": 369.11120408069087,
            "Cohesive Energy": 2.907603617160828,
            "Internal Pressure": -2.5442139194106267e-06,
            "Bulk_modulus": 92.06006942167319,
            "Lattice constant": 3.8347786021727415
        }
    ]
}