{
    "Simulation input": [
        {
            "Chemical formula": "Ag499Ni",
            "Database": "ASE",
            "Potential": "EMT_Asap_Standard_JacobsenStoltzeNorskov_1996_AlAgAuCuNiPdPt__MO_115316750986_001",
            "Integrator": "Velocity-Verlet",
            "Lattice structure": "CUB(a=20.45)",
            "a": 20.45,
            "b": 20.45,
            "c": 20.45,
            "Alpha": 90.0,
            "Beta": 90.0,
            "Gamma": 90.0,
            "Volume": 8552.241125000002,
            "Initial Temperature": 1100,
            "Run time": 3000
        }
    ],
    "Simulation output": [
        {
            "Mean Square Displacement": 0.10525630459110161,
            "Self diffusion coefficient": 0.000626525622566081,
            "Lindemann Criterion": 0.12226718035033328,
            "Specific Heat": 115.7124640451246,
            "Internal Temperature": 636.5375751835663,
            "Cohesive Energy": 2.874545596936132,
            "Internal Pressure": -2.857598921139819e-06,
            "Bulk_modulus": 89.437097750027,
            "Lattice constant": 3.8347786021727415
        }
    ]
}