{
    "Simulation input": [
        {
            "Chemical formula": "Ni125Pt375",
            "Database": "Materials Project",
            "Potential": "EMT",
            "Integrator": "Velocity-Verlet",
            "Lattice structure": "CUB(a=19.3502)",
            "a": 19.35022253266817,
            "b": 19.35022253266817,
            "c": 19.35022253266817,
            "Alpha": 90.0,
            "Beta": 90.0,
            "Gamma": 90.0,
            "Volume": 7245.32534158853,
            "Initial Temperature": 300,
            "Run time": 1000
        }
    ],
    "Simulation output": [
        {
            "Mean Square Displacement": 0.021013610620345687,
            "Self diffusion coefficient": 0.00043778355459053514,
            "Lindemann Criterion": 0.05723172475668764,
            "Specific Heat": 77.46193963355122,
            "Internal Temperature": 155.85828771938301,
            "Cohesive Energy": 0.024168143444773256,
            "Internal Pressure": 8.341489775438522e-07,
            "Bulk_modulus": 245.79020446342525,
            "Lattice constant": 3.8700445065336337
        }
    ]
}