{
    "Simulation input": [
        {
            "Chemical formula": "AlAu499",
            "Database": "ASE",
            "Potential": "EMT_Asap_Standard_JacobsenStoltzeNorskov_1996_AlAgAuCuNiPdPt__MO_115316750986_001",
            "Integrator": "Velocity-Verlet",
            "Lattice structure": "CUB(a=20.4)",
            "a": 20.4,
            "b": 20.4,
            "c": 20.4,
            "Alpha": 90.0,
            "Beta": 90.0,
            "Gamma": 90.0,
            "Volume": 8489.664,
            "Initial Temperature": 1200,
            "Run time": 3000
        }
    ],
    "Simulation output": [
        {
            "Mean Square Displacement": 0.14421817897832043,
            "Self diffusion coefficient": 0.0008584415415376215,
            "Lindemann Criterion": 0.1466164201171551,
            "Specific Heat": 63.42130213738729,
            "Internal Temperature": 656.4112320669817,
            "Cohesive Energy": 3.7118471624155664,
            "Internal Pressure": 4.4052350545395353e-07,
            "Bulk_modulus": 163.91393175848972,
            "Lattice constant": 3.8073118842989633
        }
    ]
}