{
    "Simulation input": [
        {
            "Chemical formula": "Al500Cu2000",
            "Database": "Materials Project",
            "Potential": "EMT",
            "Integrator": "Velocity-Verlet",
            "Lattice structure": "CUB(a=32.0486)",
            "a": 32.04857491944163,
            "b": 32.04857491944163,
            "c": 32.04857491944163,
            "Alpha": 90.0,
            "Beta": 90.0,
            "Gamma": 90.0,
            "Volume": 32917.448781326966,
            "Initial Temperature": 300,
            "Run time": 1000
        }
    ],
    "Simulation output": [
        {
            "Mean Square Displacement": 0.09699212789387393,
            "Self diffusion coefficient": 0.0020206693311223736,
            "Lindemann Criterion": 0.13289542173325555,
            "Specific Heat": 221.76108435501257,
            "Internal Temperature": 220.71184269039836,
            "Cohesive Energy": 0.2090634839200757,
            "Internal Pressure": -3.740208585742656e-06,
            "Bulk_modulus": 83.25289351086549,
            "Lattice constant": 6.409714983888326
        }
    ]
}