{
    "Simulation input": [
        {
            "Chemical formula": "Ag375Au125",
            "Database": "Materials Project",
            "Potential": "EMT",
            "Integrator": "Velocity-Verlet",
            "Lattice structure": "CUB(a=20.8081)",
            "a": 20.808144999999996,
            "b": 20.808144999999996,
            "c": 20.808144999999996,
            "Alpha": 90.0,
            "Beta": 90.0,
            "Gamma": 90.0,
            "Volume": 9009.487698620313,
            "Initial Temperature": 300,
            "Run time": 1000
        }
    ],
    "Simulation output": [
        {
            "Mean Square Displacement": 0.049841084847785794,
            "Self diffusion coefficient": 0.0010383559343288707,
            "Lindemann Criterion": 0.08086007248741578,
            "Specific Heat": 95.82025027986538,
            "Internal Temperature": 155.02788696888115,
            "Cohesive Energy": 0.05143858239142842,
            "Internal Pressure": -5.953456585058468e-07,
            "Bulk_modulus": 110.74399921134372,
            "Lattice constant": 4.161629
        }
    ]
}