{
    "Simulation input": [
        {
            "Chemical formula": "Al499NiPt500",
            "Database": "Materials Project",
            "Potential": "EMT",
            "Integrator": "Velocity-Verlet",
            "Lattice structure": "CUB(a=24.5872)",
            "a": 24.587245000000003,
            "b": 24.587245000000003,
            "c": 24.587245000000003,
            "Alpha": 90.0,
            "Beta": 90.0,
            "Gamma": 90.0,
            "Volume": 14863.791557048735,
            "Initial Temperature": 300,
            "Run time": 1000
        }
    ],
    "Simulation output": [
        {
            "Mean Square Displacement": 1.068928452656694,
            "Self diffusion coefficient": 0.022269342763681126,
            "Lindemann Criterion": 0.42430479279049393,
            "Specific Heat": 112.27995495447341,
            "Internal Temperature": 522.0025818224265,
            "Cohesive Energy": 0.2900670491655264,
            "Internal Pressure": -2.2306372465507003e-06,
            "Bulk_modulus": 102.50251526857352,
            "Lattice constant": 0
        }
    ]
}