{
    "Simulation input": [
        {
            "Chemical formula": "Al499Pd",
            "Database": "ASE",
            "Potential": "EMT_Asap_Standard_JacobsenStoltzeNorskov_1996_AlAgAuCuNiPdPt__MO_115316750986_001",
            "Integrator": "Velocity-Verlet",
            "Lattice structure": "CUB(a=20.25)",
            "a": 20.25,
            "b": 20.25,
            "c": 20.25,
            "Alpha": 90.0,
            "Beta": 90.0,
            "Gamma": 90.0,
            "Volume": 8303.765624999998,
            "Initial Temperature": 400,
            "Run time": 3000
        }
    ],
    "Simulation output": [
        {
            "Mean Square Displacement": 0.11435759437164225,
            "Self diffusion coefficient": 0.0006806999664978706,
            "Lindemann Criterion": 0.12799235685988952,
            "Specific Heat": 459.47398907496535,
            "Internal Temperature": 269.380833058511,
            "Cohesive Energy": 3.242948172400188,
            "Internal Pressure": 5.622138794227864e-07,
            "Bulk_modulus": 34.957409032092066,
            "Lattice constant": 3.9156921639693607
        }
    ]
}