{
    "Simulation input": [
        {
            "Chemical formula": "AlNi374Pt125",
            "Database": "Materials Project",
            "Potential": "EMT",
            "Integrator": "Velocity-Verlet",
            "Lattice structure": "CUB(a=18.2425)",
            "a": 18.24251,
            "b": 18.24251,
            "c": 18.24251,
            "Alpha": 90.0,
            "Beta": 90.0,
            "Gamma": 90.0,
            "Volume": 6070.909781685288,
            "Initial Temperature": 300,
            "Run time": 1000
        }
    ],
    "Simulation output": [
        {
            "Mean Square Displacement": 0.022329691215677707,
            "Self diffusion coefficient": 0.0004652019003266189,
            "Lindemann Criterion": 0.06121512238051837,
            "Specific Heat": 134.4832756560183,
            "Internal Temperature": 235.44299366470838,
            "Cohesive Energy": 0.06439674581616842,
            "Internal Pressure": 4.799363331404221e-06,
            "Bulk_modulus": 182.572233878483,
            "Lattice constant": 0
        }
    ]
}