{
    "Simulation input": [
        {
            "Chemical formula": "Al125",
            "Database": "Materials Project",
            "Potential": "EMT",
            "Integrator": "Velocity-Verlet",
            "Lattice structure": "BCC(a=16.1025)",
            "a": 13.94517405,
            "b": 13.945174050000002,
            "c": 13.945174049999999,
            "Alpha": 109.47122063,
            "Beta": 109.47122063,
            "Gamma": 109.47122062999999,
            "Volume": 2087.6126823078234,
            "Initial Temperature": 20,
            "Run time": 1000
        }
    ],
    "Simulation output": [
        {
            "Mean Square Displacement": 0.5326308752925232,
            "Self diffusion coefficient": 0.011096476568594233,
            "Lindemann Criterion": 0.26301684068232756,
            "Specific Heat": 462.17952525946396,
            "Internal Temperature": 36.17682953365161,
            "Cohesive Energy": 0.024379088805116248,
            "Internal Pressure": 9.382658882623014e-07,
            "Bulk_modulus": 35.666110397648076,
            "Lattice constant": 0
        }
    ]
}