{
    "Simulation input": [
        {
            "Chemical formula": "Cu124Pt",
            "Database": "Materials Project",
            "Potential": "EMT",
            "Integrator": "Velocity-Verlet",
            "Lattice structure": "BCC(a=14.3633)",
            "a": 12.438956699999999,
            "b": 12.4389567,
            "c": 12.438956699999999,
            "Alpha": 109.47122063,
            "Beta": 109.47122063,
            "Gamma": 109.47122063,
            "Volume": 1481.5966161712952,
            "Initial Temperature": 300,
            "Run time": 1000
        }
    ],
    "Simulation output": [
        {
            "Mean Square Displacement": 0.07967517938298298,
            "Self diffusion coefficient": 0.001659899570478812,
            "Lindemann Criterion": 0.11524267462527134,
            "Specific Heat": 193.04399529591936,
            "Internal Temperature": 170.19907076016653,
            "Cohesive Energy": 0.04281014796109926,
            "Internal Pressure": 5.691892993268939e-07,
            "Bulk_modulus": 123.67900153130523,
            "Lattice constant": 0
        }
    ]
}