{
    "Simulation input": [
        {
            "Chemical formula": "Cu124Pd125",
            "Database": "Materials Project",
            "Potential": "EMT",
            "Integrator": "Velocity-Verlet",
            "Lattice structure": "CUB(a=15.0907)",
            "a": 15.090655,
            "b": 15.090655,
            "c": 15.090655,
            "Alpha": 90.0,
            "Beta": 90.0,
            "Gamma": 90.0,
            "Volume": 3436.562694838742,
            "Initial Temperature": 300,
            "Run time": 1000
        }
    ],
    "Simulation output": [
        {
            "Mean Square Displacement": 0.1413556520342704,
            "Self diffusion coefficient": 0.002944909417380633,
            "Lindemann Criterion": 0.14797392203938445,
            "Specific Heat": 146.59043057656177,
            "Internal Temperature": 539.1381997261839,
            "Cohesive Energy": 0.06676264652510178,
            "Internal Pressure": -1.8891450449604009e-06,
            "Bulk_modulus": 138.94128195538246,
            "Lattice constant": 0
        }
    ]
}