{
    "Simulation input": [
        {
            "Chemical formula": "AgAl249Pt125",
            "Database": "Materials Project",
            "Potential": "EMT",
            "Integrator": "Velocity-Verlet",
            "Lattice structure": "FCC(a=29.7438)",
            "a": 21.032021450000002,
            "b": 21.032021450000002,
            "c": 21.03202145,
            "Alpha": 59.999999999999986,
            "Beta": 59.999999999999986,
            "Gamma": 59.99999999999999,
            "Volume": 6578.517741046045,
            "Initial Temperature": 300,
            "Run time": 1000
        }
    ],
    "Simulation output": [
        {
            "Mean Square Displacement": 4.749320692479186,
            "Self diffusion coefficient": 0.09894418109331637,
            "Lindemann Criterion": 0.8816373124127758,
            "Specific Heat": 149.82706520517976,
            "Internal Temperature": 1810.643217437855,
            "Cohesive Energy": 0.346631935802473,
            "Internal Pressure": 8.395693746436911e-06,
            "Bulk_modulus": 65.66273927851365,
            "Lattice constant": 0
        }
    ]
}