{
    "Simulation input": [
        {
            "Chemical formula": "Cu374PdPt125",
            "Database": "Materials Project",
            "Potential": "EMT",
            "Integrator": "Velocity-Verlet",
            "Lattice structure": "CUB(a=18.6144)",
            "a": 18.614425,
            "b": 18.614425,
            "c": 18.614425,
            "Alpha": 90.0,
            "Beta": 90.0,
            "Gamma": 90.0,
            "Volume": 6449.83903290044,
            "Initial Temperature": 300,
            "Run time": 1000
        }
    ],
    "Simulation output": [
        {
            "Mean Square Displacement": 0.061611194707299595,
            "Self diffusion coefficient": 0.001283566556402075,
            "Lindemann Criterion": 0.10349859142547228,
            "Specific Heat": 129.2043068788333,
            "Internal Temperature": 301.75411065037446,
            "Cohesive Energy": 0.041548922565551615,
            "Internal Pressure": -1.1308976411485976e-05,
            "Bulk_modulus": 156.25631391099589,
            "Lattice constant": 0
        }
    ]
}