{
    "Simulation input": [
        {
            "Chemical formula": "Al375Cu125",
            "Database": "Materials Project",
            "Potential": "EMT",
            "Integrator": "Velocity-Verlet",
            "Lattice structure": "CUB(a=19.6208)",
            "a": 19.620755000000003,
            "b": 19.620755000000003,
            "c": 19.620755000000003,
            "Alpha": 90.0,
            "Beta": 90.0,
            "Gamma": 90.0,
            "Volume": 7553.481060618106,
            "Initial Temperature": 20,
            "Run time": 1000
        }
    ],
    "Simulation output": [
        {
            "Mean Square Displacement": 0.002177943958495866,
            "Self diffusion coefficient": 4.5373832468663875e-05,
            "Lindemann Criterion": 0.01700372219413719,
            "Specific Heat": 345.22144936220155,
            "Internal Temperature": 10.274090330484128,
            "Cohesive Energy": 0.07946504892042754,
            "Internal Pressure": 1.223426035737686e-07,
            "Bulk_modulus": 47.0800779565034,
            "Lattice constant": 3.924151
        }
    ]
}