{
    "Simulation input": [
        {
            "Chemical formula": "Cu499Pt",
            "Database": "ASE",
            "Potential": "EMT_Asap_Standard_JacobsenStoltzeNorskov_1996_AlAgAuCuNiPdPt__MO_115316750986_001",
            "Integrator": "Velocity-Verlet",
            "Lattice structure": "CUB(a=18.05)",
            "a": 18.05,
            "b": 18.05,
            "c": 18.05,
            "Alpha": 90.0,
            "Beta": 90.0,
            "Gamma": 90.0,
            "Volume": 5880.735125000003,
            "Initial Temperature": 300,
            "Run time": 3000
        }
    ],
    "Simulation output": [
        {
            "Mean Square Displacement": 0.0826956937950353,
            "Self diffusion coefficient": 0.0004922362725894959,
            "Lindemann Criterion": 0.12216460295432,
            "Specific Heat": 195.43168027625947,
            "Internal Temperature": 366.4304832713044,
            "Cohesive Energy": 3.4652791583728826,
            "Internal Pressure": 1.9117046456363408e-06,
            "Bulk_modulus": 122.3029394003846,
            "Lattice constant": 3.58690945865129
        }
    ]
}