{
    "Simulation input": [
        {
            "Chemical formula": "Cu374Pd125",
            "Database": "Materials Project",
            "Potential": "EMT",
            "Integrator": "Velocity-Verlet",
            "Lattice structure": "CUB(a=18.5736)",
            "a": 18.573555,
            "b": 18.573555,
            "c": 18.573555,
            "Alpha": 90.0,
            "Beta": 90.0,
            "Gamma": 90.0,
            "Volume": 6407.448267967797,
            "Initial Temperature": 300,
            "Run time": 1000
        }
    ],
    "Simulation output": [
        {
            "Mean Square Displacement": 0.06420542011004814,
            "Self diffusion coefficient": 0.001337612918959336,
            "Lindemann Criterion": 0.10135556284958426,
            "Specific Heat": 167.86902363236484,
            "Internal Temperature": 575.2489112016999,
            "Cohesive Energy": 0.05171426547947293,
            "Internal Pressure": -8.982523140297924e-07,
            "Bulk_modulus": 130.6257711968509,
            "Lattice constant": 0
        }
    ]
}