{
    "Simulation input": [
        {
            "Chemical formula": "Ag374AlPt125",
            "Database": "Materials Project",
            "Potential": "EMT",
            "Integrator": "Velocity-Verlet",
            "Lattice structure": "CUB(a=20.52)",
            "a": 20.52002,
            "b": 20.52002,
            "c": 20.52002,
            "Alpha": 90.0,
            "Beta": 90.0,
            "Gamma": 90.0,
            "Volume": 8640.389872248625,
            "Initial Temperature": 300,
            "Run time": 1000
        }
    ],
    "Simulation output": [
        {
            "Mean Square Displacement": 0.060967179466257064,
            "Self diffusion coefficient": 0.001270149572213689,
            "Lindemann Criterion": 0.08821596395434957,
            "Specific Heat": 96.28815269825833,
            "Internal Temperature": 209.61392783383712,
            "Cohesive Energy": 0.10063056234778585,
            "Internal Pressure": -3.9039964494875026e-06,
            "Bulk_modulus": 126.09310157675856,
            "Lattice constant": 4.104004
        }
    ]
}