{
    "Simulation input": [
        {
            "Chemical formula": "AgAl374Pd125",
            "Database": "Materials Project",
            "Potential": "EMT",
            "Integrator": "Velocity-Verlet",
            "Lattice structure": "CUB(a=19.7345)",
            "a": 19.73455,
            "b": 19.73455,
            "c": 19.73455,
            "Alpha": 90.0,
            "Beta": 90.0,
            "Gamma": 90.0,
            "Volume": 7685.669117560159,
            "Initial Temperature": 300,
            "Run time": 1000
        }
    ],
    "Simulation output": [
        {
            "Mean Square Displacement": 0.05922954620736918,
            "Self diffusion coefficient": 0.0012339488793201912,
            "Lindemann Criterion": 0.09260409708822152,
            "Specific Heat": 265.3093257996933,
            "Internal Temperature": 236.95975475914028,
            "Cohesive Energy": 0.0721704014394533,
            "Internal Pressure": 6.370998862913353e-07,
            "Bulk_modulus": 53.898760395413916,
            "Lattice constant": 0
        }
    ]
}