{
    "Simulation input": [
        {
            "Chemical formula": "Al375Cu125",
            "Database": "Materials Project",
            "Potential": "EMT",
            "Integrator": "Velocity-Verlet",
            "Lattice structure": "CUB(a=19.7562)",
            "a": 19.756175725510452,
            "b": 19.756175725510452,
            "c": 19.756175725510452,
            "Alpha": 90.0,
            "Beta": 90.0,
            "Gamma": 90.0,
            "Volume": 7710.9633918017535,
            "Initial Temperature": 300,
            "Run time": 1000
        }
    ],
    "Simulation output": [
        {
            "Mean Square Displacement": 0.03800457418055048,
            "Self diffusion coefficient": 0.0007917619620948016,
            "Lindemann Criterion": 0.074210795188775,
            "Specific Heat": 345.221449363158,
            "Internal Temperature": 148.77510034212884,
            "Cohesive Energy": 0.09772443924943366,
            "Internal Pressure": -1.7008732815412885e-07,
            "Bulk_modulus": 46.12458715794939,
            "Lattice constant": 3.9512351451020904
        }
    ]
}