{
    "Simulation input": [
        {
            "Chemical formula": "Cu125",
            "Database": "Materials Project",
            "Potential": "EMT",
            "Integrator": "Velocity-Verlet",
            "Lattice structure": "FCC(a=18.7472)",
            "a": 13.256302203873574,
            "b": 13.256302203873576,
            "c": 13.256302203873574,
            "Alpha": 59.99999999999999,
            "Beta": 59.99999999999999,
            "Gamma": 60.00000000000001,
            "Volume": 1647.2222145327617,
            "Initial Temperature": 300,
            "Run time": 1000
        }
    ],
    "Simulation output": [
        {
            "Mean Square Displacement": 0.029665667095287056,
            "Self diffusion coefficient": 0.0006180347311518136,
            "Lindemann Criterion": 0.06845954432682223,
            "Specific Heat": 196.24074990509652,
            "Internal Temperature": 134.959258983241,
            "Cohesive Energy": 0.08836495138201933,
            "Internal Pressure": -2.3093379481555183e-06,
            "Bulk_modulus": 125.92480596332415,
            "Lattice constant": 2.6512604407747147
        }
    ]
}