{
    "Simulation input": [
        {
            "Chemical formula": "Ag499Ni",
            "Database": "ASE",
            "Potential": "EMT_Asap_Standard_JacobsenStoltzeNorskov_1996_AlAgAuCuNiPdPt__MO_115316750986_001",
            "Integrator": "Velocity-Verlet",
            "Lattice structure": "CUB(a=20.45)",
            "a": 20.45,
            "b": 20.45,
            "c": 20.45,
            "Alpha": 90.0,
            "Beta": 90.0,
            "Gamma": 90.0,
            "Volume": 8552.241125000002,
            "Initial Temperature": 800,
            "Run time": 3000
        }
    ],
    "Simulation output": [
        {
            "Mean Square Displacement": 0.0843690197392713,
            "Self diffusion coefficient": 0.0005021965460670911,
            "Lindemann Criterion": 0.10713141067431052,
            "Specific Heat": 115.71246404512563,
            "Internal Temperature": 454.6535693844188,
            "Cohesive Energy": 2.8969524198738896,
            "Internal Pressure": -4.419301669219995e-06,
            "Bulk_modulus": 90.97758217126866,
            "Lattice constant": 3.8347786021727415
        }
    ]
}