{
    "Simulation input": [
        {
            "Chemical formula": "AgAl249Cu125",
            "Database": "Materials Project",
            "Potential": "EMT",
            "Integrator": "Velocity-Verlet",
            "Lattice structure": "FCC(a=28.8455)",
            "a": 20.396884,
            "b": 20.396884000000004,
            "c": 20.396884,
            "Alpha": 59.99999999999999,
            "Beta": 59.999999999999986,
            "Gamma": 59.99999999999999,
            "Volume": 6000.3485727212665,
            "Initial Temperature": 300,
            "Run time": 1000
        }
    ],
    "Simulation output": [
        {
            "Mean Square Displacement": 3.2756742076460954,
            "Self diffusion coefficient": 0.06824321265929366,
            "Lindemann Criterion": 0.7370738686209899,
            "Specific Heat": 316.6228613927849,
            "Internal Temperature": 984.6314087043598,
            "Cohesive Energy": 0.3331499452714476,
            "Internal Pressure": 3.770163657384138e-06,
            "Bulk_modulus": 42.88654092099456,
            "Lattice constant": 4.0793768
        }
    ]
}