{
    "Simulation input": [
        {
            "Chemical formula": "CuPd499",
            "Database": "ASE",
            "Potential": "EMT_Asap_Standard_JacobsenStoltzeNorskov_1996_AlAgAuCuNiPdPt__MO_115316750986_001",
            "Integrator": "Velocity-Verlet",
            "Lattice structure": "CUB(a=19.45)",
            "a": 19.45,
            "b": 19.45,
            "c": 19.45,
            "Alpha": 90.0,
            "Beta": 90.0,
            "Gamma": 90.0,
            "Volume": 7357.983625000011,
            "Initial Temperature": 800,
            "Run time": 3000
        }
    ],
    "Simulation output": [
        {
            "Mean Square Displacement": 0.07412460517675208,
            "Self diffusion coefficient": 0.0004412178879568576,
            "Lindemann Criterion": 0.10288016100646404,
            "Specific Heat": 117.27467589235896,
            "Internal Temperature": 492.2224835944394,
            "Cohesive Energy": 3.829516581635947,
            "Internal Pressure": 3.55486973999554e-07,
            "Bulk_modulus": 170.6230285289822,
            "Lattice constant": 3.7486362256057384
        }
    ]
}