{
    "Simulation input": [
        {
            "Chemical formula": "Al249AuPt125",
            "Database": "Materials Project",
            "Potential": "EMT",
            "Integrator": "Velocity-Verlet",
            "Lattice structure": "FCC(a=29.7438)",
            "a": 21.032021450000002,
            "b": 21.032021450000002,
            "c": 21.03202145,
            "Alpha": 59.999999999999986,
            "Beta": 59.999999999999986,
            "Gamma": 59.99999999999999,
            "Volume": 6578.517741046045,
            "Initial Temperature": 300,
            "Run time": 1000
        }
    ],
    "Simulation output": [
        {
            "Mean Square Displacement": 4.71483104203076,
            "Self diffusion coefficient": 0.09822564670897417,
            "Lindemann Criterion": 0.949347102597784,
            "Specific Heat": 149.40058034366177,
            "Internal Temperature": 1794.8885467800856,
            "Cohesive Energy": 0.34885984144822685,
            "Internal Pressure": 5.71294559144621e-06,
            "Bulk_modulus": 65.231061601732,
            "Lattice constant": 0
        }
    ]
}