{
    "Simulation input": [
        {
            "Chemical formula": "AgNi499",
            "Database": "ASE",
            "Potential": "EMT_Asap_Standard_JacobsenStoltzeNorskov_1996_AlAgAuCuNiPdPt__MO_115316750986_001",
            "Integrator": "Velocity-Verlet",
            "Lattice structure": "CUB(a=17.6)",
            "a": 17.6,
            "b": 17.6,
            "c": 17.6,
            "Alpha": 90.0,
            "Beta": 90.0,
            "Gamma": 90.0,
            "Volume": 5451.776,
            "Initial Temperature": 400,
            "Run time": 3000
        }
    ],
    "Simulation output": [
        {
            "Mean Square Displacement": 0.07806766107794756,
            "Self diffusion coefficient": 0.0004646884587973069,
            "Lindemann Criterion": 0.12201738028348286,
            "Specific Heat": 212.10994781409312,
            "Internal Temperature": 524.4568438529978,
            "Cohesive Energy": 4.363777609373477,
            "Internal Pressure": 8.749006145490387e-06,
            "Bulk_modulus": 161.9732846151439,
            "Lattice constant": 3.4914114204442335
        }
    ]
}