{
    "Simulation input": [
        {
            "Chemical formula": "AuPt499",
            "Database": "ASE",
            "Potential": "EMT_Asap_Standard_JacobsenStoltzeNorskov_1996_AlAgAuCuNiPdPt__MO_115316750986_001",
            "Integrator": "Velocity-Verlet",
            "Lattice structure": "CUB(a=19.6)",
            "a": 19.6,
            "b": 19.6,
            "c": 19.6,
            "Alpha": 90.0,
            "Beta": 90.0,
            "Gamma": 90.0,
            "Volume": 7529.536000000013,
            "Initial Temperature": 600,
            "Run time": 3000
        }
    ],
    "Simulation output": [
        {
            "Mean Square Displacement": 0.09211020609688826,
            "Self diffusion coefficient": 0.0005482750362910015,
            "Lindemann Criterion": 0.11668857232195155,
            "Specific Heat": 63.92156335757053,
            "Internal Temperature": 583.6725439532304,
            "Cohesive Energy": 5.7610011280969236,
            "Internal Pressure": -1.2571115845940764e-05,
            "Bulk_modulus": 267.82505722886225,
            "Lattice constant": 3.763694624804003
        }
    ]
}