{
    "Simulation input": [
        {
            "Chemical formula": "AuCu374Pd125",
            "Database": "Materials Project",
            "Potential": "EMT",
            "Integrator": "Velocity-Verlet",
            "Lattice structure": "CUB(a=18.5736)",
            "a": 18.573555,
            "b": 18.573555,
            "c": 18.573555,
            "Alpha": 90.0,
            "Beta": 90.0,
            "Gamma": 90.0,
            "Volume": 6407.448267967797,
            "Initial Temperature": 300,
            "Run time": 1000
        }
    ],
    "Simulation output": [
        {
            "Mean Square Displacement": 0.04658448617276889,
            "Self diffusion coefficient": 0.0009705101285993519,
            "Lindemann Criterion": 0.08603459879863497,
            "Specific Heat": 167.31638979241237,
            "Internal Temperature": 326.446406031049,
            "Cohesive Energy": 0.021992365218150157,
            "Internal Pressure": 6.665155991566152e-06,
            "Bulk_modulus": 133.92123286599886,
            "Lattice constant": 0
        }
    ]
}