{
    "Simulation input": [
        {
            "Chemical formula": "Cu125Pt875",
            "Database": "Materials Project",
            "Potential": "EMT",
            "Integrator": "Velocity-Verlet",
            "Lattice structure": "FCC(a=39.3945)",
            "a": 27.856103949999998,
            "b": 27.85610395,
            "c": 27.856103949999998,
            "Alpha": 59.99999999999999,
            "Beta": 59.99999999999999,
            "Gamma": 60.00000000000001,
            "Volume": 15284.320131081178,
            "Initial Temperature": 300,
            "Run time": 3000
        }
    ],
    "Simulation output": [
        {
            "Mean Square Displacement": 0.027919544438004807,
            "Self diffusion coefficient": 0.00016618776451193337,
            "Lindemann Criterion": 0.06131359685517889,
            "Specific Heat": 69.80627395615896,
            "Internal Temperature": 158.25238017134492,
            "Cohesive Energy": 0.0032607768711172703,
            "Internal Pressure": 6.060647722926809e-07,
            "Bulk_modulus": 257.25487613617094,
            "Lattice constant": 3.7486362256057384
        }
    ]
}