{
    "Simulation input": [
        {
            "Chemical formula": "Ag125Al374Pd",
            "Database": "Materials Project",
            "Potential": "EMT",
            "Integrator": "Velocity-Verlet",
            "Lattice structure": "CUB(a=20.4076)",
            "a": 20.407565,
            "b": 20.407565,
            "c": 20.407565,
            "Alpha": 90.0,
            "Beta": 90.0,
            "Gamma": 90.0,
            "Volume": 8499.11225406152,
            "Initial Temperature": 300,
            "Run time": 1000
        }
    ],
    "Simulation output": [
        {
            "Mean Square Displacement": 0.07125086201445231,
            "Self diffusion coefficient": 0.001484392958634423,
            "Lindemann Criterion": 0.09727369646743168,
            "Specific Heat": 263.29744629854645,
            "Internal Temperature": 220.57823961996016,
            "Cohesive Energy": 0.00382242383199657,
            "Internal Pressure": -2.0357173579817223e-07,
            "Bulk_modulus": 46.1844287496597,
            "Lattice constant": 0
        }
    ]
}