{
    "Simulation input": [
        {
            "Chemical formula": "Al125Ni125",
            "Database": "Materials Project",
            "Potential": "EMT",
            "Integrator": "Langevin",
            "Lattice structure": "CUB(a=14.4395)",
            "a": 14.43951,
            "b": 14.43951,
            "c": 14.43951,
            "Alpha": 90.0,
            "Beta": 90.0,
            "Gamma": 90.0,
            "Volume": 3010.6298794090108,
            "Initial Temperature": 300,
            "Run time": 1000
        }
    ],
    "Simulation output": [
        {
            "Mean Square Displacement": 2.9198784785777687,
            "Self diffusion coefficient": 0.06083080163703685,
            "Lindemann Criterion": 0.7014650313050853,
            "Specific Heat": 17458871960.252846,
            "Internal Temperature": 395.4850605260481,
            "Cohesive Energy": 0.3871513156984827,
            "Internal Pressure": 1.6758208590504028e-06,
            "Bulk_modulus": 73.53663016210324,
            "Lattice constant": 0
        }
    ]
}