{
    "Simulation input": [
        {
            "Chemical formula": "Al124Pd",
            "Database": "Materials Project",
            "Potential": "EMT",
            "Integrator": "Velocity-Verlet",
            "Lattice structure": "FCC(a=20.1946)",
            "a": 14.279773950000001,
            "b": 14.279773950000001,
            "c": 14.279773950000001,
            "Alpha": 59.99999999999999,
            "Beta": 59.99999999999999,
            "Gamma": 59.99999999999999,
            "Volume": 2058.965169334094,
            "Initial Temperature": 300,
            "Run time": 1000
        }
    ],
    "Simulation output": [
        {
            "Mean Square Displacement": 0.040719134160266734,
            "Self diffusion coefficient": 0.000848315295005557,
            "Lindemann Criterion": 0.07329980504439164,
            "Specific Heat": 451.5441155946372,
            "Internal Temperature": 145.89837738285138,
            "Cohesive Energy": 0.016058135143131105,
            "Internal Pressure": 1.919191308900668e-06,
            "Bulk_modulus": 36.08168025964927,
            "Lattice constant": 0
        }
    ]
}