{
    "Simulation input": [
        {
            "Chemical formula": "AgNi499",
            "Database": "ASE",
            "Potential": "EMT_Asap_Standard_JacobsenStoltzeNorskov_1996_AlAgAuCuNiPdPt__MO_115316750986_001",
            "Integrator": "Velocity-Verlet",
            "Lattice structure": "CUB(a=17.6)",
            "a": 17.6,
            "b": 17.6,
            "c": 17.6,
            "Alpha": 90.0,
            "Beta": 90.0,
            "Gamma": 90.0,
            "Volume": 5451.776,
            "Initial Temperature": 1200,
            "Run time": 3000
        }
    ],
    "Simulation output": [
        {
            "Mean Square Displacement": 0.12479252629915212,
            "Self diffusion coefficient": 0.0007428126565425722,
            "Lindemann Criterion": 0.15360270835498055,
            "Specific Heat": 212.10994781406484,
            "Internal Temperature": 917.8323383610751,
            "Cohesive Energy": 4.312768405957864,
            "Internal Pressure": 6.524453189460586e-06,
            "Bulk_modulus": 157.6393884991701,
            "Lattice constant": 3.4914114204442335
        }
    ]
}