{
    "Simulation input": [
        {
            "Chemical formula": "Au500",
            "Database": "ASE",
            "Potential": "EMT_Asap_Standard_JacobsenStoltzeNorskov_1996_AlAgAuCuNiPdPt__MO_115316750986_001",
            "Integrator": "Velocity-Verlet",
            "Lattice structure": "CUB(a=20.4)",
            "a": 20.4,
            "b": 20.4,
            "c": 20.4,
            "Alpha": 90.0,
            "Beta": 90.0,
            "Gamma": 90.0,
            "Volume": 8489.664,
            "Initial Temperature": 400,
            "Run time": 3000
        }
    ],
    "Simulation output": [
        {
            "Mean Square Displacement": 0.049834766934110646,
            "Self diffusion coefficient": 0.00029663551746494433,
            "Lindemann Criterion": 0.08074852342261778,
            "Specific Heat": 63.311835114328524,
            "Internal Temperature": 200.89266555811332,
            "Cohesive Energy": 3.7722454456208703,
            "Internal Pressure": 5.618800804534106e-07,
            "Bulk_modulus": 173.2521862018693,
            "Lattice constant": 3.8073118842991214
        }
    ]
}