{
    "Simulation input": [
        {
            "Chemical formula": "Ag124Pd",
            "Database": "Materials Project",
            "Potential": "EMT",
            "Integrator": "Velocity-Verlet",
            "Lattice structure": "FCC(a=16.6422)",
            "a": 11.767806800000002,
            "b": 11.7678068,
            "c": 11.7678068,
            "Alpha": 59.999999999999986,
            "Beta": 59.99999999999999,
            "Gamma": 59.99999999999999,
            "Volume": 1152.3159974732619,
            "Initial Temperature": 300,
            "Run time": 1000
        }
    ],
    "Simulation output": [
        {
            "Mean Square Displacement": 0.03305059127517108,
            "Self diffusion coefficient": 0.0006885539848993974,
            "Lindemann Criterion": 0.06445097774728208,
            "Specific Heat": 115.61937822317415,
            "Internal Temperature": 166.8366310318744,
            "Cohesive Energy": 0.046227526449125624,
            "Internal Pressure": -6.976713193756447e-07,
            "Bulk_modulus": null,
            "Lattice constant": 0
        }
    ]
}