{
    "Simulation input": [
        {
            "Chemical formula": "Au500",
            "Database": "ASE",
            "Potential": "EMT_Asap_Standard_JacobsenStoltzeNorskov_1996_AlAgAuCuNiPdPt__MO_115316750986_001",
            "Integrator": "Velocity-Verlet",
            "Lattice structure": "CUB(a=20.4)",
            "a": 20.4,
            "b": 20.4,
            "c": 20.4,
            "Alpha": 90.0,
            "Beta": 90.0,
            "Gamma": 90.0,
            "Volume": 8489.664,
            "Initial Temperature": 700,
            "Run time": 3000
        }
    ],
    "Simulation output": [
        {
            "Mean Square Displacement": 0.0762707061216618,
            "Self diffusion coefficient": 0.000453992298343225,
            "Lindemann Criterion": 0.10003941590773206,
            "Specific Heat": 63.311835114316764,
            "Internal Temperature": 357.1112849971079,
            "Cohesive Energy": 3.75368224233736,
            "Internal Pressure": -5.138793051743315e-07,
            "Bulk_modulus": 170.1634299756564,
            "Lattice constant": 3.8073118842991214
        }
    ]
}