{
    "Simulation input": [
        {
            "Chemical formula": "AgAu125Pd374",
            "Database": "Materials Project",
            "Potential": "EMT",
            "Integrator": "Velocity-Verlet",
            "Lattice structure": "CUB(a=20.027)",
            "a": 20.026955,
            "b": 20.026955,
            "c": 20.026955,
            "Alpha": 90.0,
            "Beta": 90.0,
            "Gamma": 90.0,
            "Volume": 8032.389613906253,
            "Initial Temperature": 300,
            "Run time": 1000
        }
    ],
    "Simulation output": [
        {
            "Mean Square Displacement": 0.0540419442046356,
            "Self diffusion coefficient": 0.001125873837596575,
            "Lindemann Criterion": 0.08784036089061506,
            "Specific Heat": 96.62451187937924,
            "Internal Temperature": 284.5656175041467,
            "Cohesive Energy": 0.07884614423849556,
            "Internal Pressure": -2.088325678203291e-05,
            "Bulk_modulus": 168.31518277129084,
            "Lattice constant": 0
        }
    ]
}