{
    "Simulation input": [
        {
            "Chemical formula": "AgAu499",
            "Database": "ASE",
            "Potential": "EMT_Asap_Standard_JacobsenStoltzeNorskov_1996_AlAgAuCuNiPdPt__MO_115316750986_001",
            "Integrator": "Velocity-Verlet",
            "Lattice structure": "CUB(a=20.4)",
            "a": 20.4,
            "b": 20.4,
            "c": 20.4,
            "Alpha": 90.0,
            "Beta": 90.0,
            "Gamma": 90.0,
            "Volume": 8489.664,
            "Initial Temperature": 1200,
            "Run time": 3000
        }
    ],
    "Simulation output": [
        {
            "Mean Square Displacement": 0.1859736884126391,
            "Self diffusion coefficient": 0.001106986240551423,
            "Lindemann Criterion": 0.15956686630633285,
            "Specific Heat": 63.36916554680073,
            "Internal Temperature": 784.353412645764,
            "Cohesive Energy": 3.695586872932126,
            "Internal Pressure": -2.526091159472001e-06,
            "Bulk_modulus": 161.77061752354413,
            "Lattice constant": 3.8073118842989633
        }
    ]
}