{
    "Simulation input": [
        {
            "Chemical formula": "Al499Cu",
            "Database": "ASE",
            "Potential": "EMT_Asap_Standard_JacobsenStoltzeNorskov_1996_AlAgAuCuNiPdPt__MO_115316750986_001",
            "Integrator": "Velocity-Verlet",
            "Lattice structure": "CUB(a=20.25)",
            "a": 20.25,
            "b": 20.25,
            "c": 20.25,
            "Alpha": 90.0,
            "Beta": 90.0,
            "Gamma": 90.0,
            "Volume": 8303.765624999998,
            "Initial Temperature": 800,
            "Run time": 3000
        }
    ],
    "Simulation output": [
        {
            "Mean Square Displacement": 0.20419744098508896,
            "Self diffusion coefficient": 0.0012154609582445772,
            "Lindemann Criterion": 0.18289256065021242,
            "Specific Heat": 460.930261850352,
            "Internal Temperature": 442.04201108888856,
            "Cohesive Energy": 3.219375528300148,
            "Internal Pressure": 4.812849202322146e-07,
            "Bulk_modulus": 34.30357293614059,
            "Lattice constant": 3.9156921639693607
        }
    ]
}