{
    "Simulation input": [
        {
            "Chemical formula": "Au125",
            "Database": "Materials Project",
            "Potential": "EMT",
            "Integrator": "Langevin",
            "Lattice structure": "FCC(a=16.6852)",
            "a": 11.798184120000002,
            "b": 11.798184120000002,
            "c": 11.79818412,
            "Alpha": 59.99999999999999,
            "Beta": 59.99999999999999,
            "Gamma": 60.00000000000001,
            "Volume": 1161.2627901639548,
            "Initial Temperature": 300,
            "Run time": 1000
        }
    ],
    "Simulation output": [
        {
            "Mean Square Displacement": 0.010716115895674321,
            "Self diffusion coefficient": 0.00022325241449321502,
            "Lindemann Criterion": 0.03585712298104502,
            "Specific Heat": 6293897421.910954,
            "Internal Temperature": 32.16016953071664,
            "Cohesive Energy": 0.06193145887910702,
            "Internal Pressure": -1.8561241059735142e-06,
            "Bulk_modulus": null,
            "Lattice constant": 0
        }
    ]
}