{
    "Simulation input": [
        {
            "Chemical formula": "AuCu124",
            "Database": "Materials Project",
            "Potential": "EMT",
            "Integrator": "Velocity-Verlet",
            "Lattice structure": "BCC(a=14.3633)",
            "a": 12.438956699999999,
            "b": 12.4389567,
            "c": 12.438956699999999,
            "Alpha": 109.47122063,
            "Beta": 109.47122063,
            "Gamma": 109.47122063,
            "Volume": 1481.5966161712952,
            "Initial Temperature": 300,
            "Run time": 1000
        }
    ],
    "Simulation output": [
        {
            "Mean Square Displacement": 0.07447337042544541,
            "Self diffusion coefficient": 0.0015515285505301128,
            "Lindemann Criterion": 0.11219235939674292,
            "Specific Heat": 192.99899917527435,
            "Internal Temperature": 149.4177918655193,
            "Cohesive Energy": 0.04280112865153858,
            "Internal Pressure": -4.273618597779056e-06,
            "Bulk_modulus": 123.21896311915656,
            "Lattice constant": 0
        }
    ]
}