{
    "Simulation input": [
        {
            "Chemical formula": "Al249Au125",
            "Database": "Materials Project",
            "Potential": "EMT",
            "Integrator": "Velocity-Verlet",
            "Lattice structure": "FCC(a=30.3168)",
            "a": 21.4372007,
            "b": 21.4372007,
            "c": 21.437200699999998,
            "Alpha": 59.999999999999986,
            "Beta": 59.999999999999986,
            "Gamma": 59.99999999999999,
            "Volume": 6966.092291278917,
            "Initial Temperature": 300,
            "Run time": 1000
        }
    ],
    "Simulation output": [
        {
            "Mean Square Displacement": 4.128397600040651,
            "Self diffusion coefficient": 0.08600828333418022,
            "Lindemann Criterion": 0.7933126497646118,
            "Specific Heat": 148.81982225098625,
            "Internal Temperature": 1249.399665147647,
            "Cohesive Energy": 0.27628803970608357,
            "Internal Pressure": 7.7348549328056e-07,
            "Bulk_modulus": 50.062847085027066,
            "Lattice constant": 0
        }
    ]
}