{
    "Simulation input": [
        {
            "Chemical formula": "AlAu499",
            "Database": "ASE",
            "Potential": "EMT_Asap_Standard_JacobsenStoltzeNorskov_1996_AlAgAuCuNiPdPt__MO_115316750986_001",
            "Integrator": "Velocity-Verlet",
            "Lattice structure": "CUB(a=20.4)",
            "a": 20.4,
            "b": 20.4,
            "c": 20.4,
            "Alpha": 90.0,
            "Beta": 90.0,
            "Gamma": 90.0,
            "Volume": 8489.664,
            "Initial Temperature": 1000,
            "Run time": 3000
        }
    ],
    "Simulation output": [
        {
            "Mean Square Displacement": 0.13008042444779078,
            "Self diffusion coefficient": 0.0007742882407606594,
            "Lindemann Criterion": 0.1310970269167969,
            "Specific Heat": 63.421302137391244,
            "Internal Temperature": 575.7824136265749,
            "Cohesive Energy": 3.7212090196031933,
            "Internal Pressure": -3.07349159106517e-07,
            "Bulk_modulus": 165.0907661786264,
            "Lattice constant": 3.8073118842989633
        }
    ]
}