{
    "Simulation input": [
        {
            "Chemical formula": "AgNi374Pt125",
            "Database": "Materials Project",
            "Potential": "EMT",
            "Integrator": "Velocity-Verlet",
            "Lattice structure": "CUB(a=18.2425)",
            "a": 18.24251,
            "b": 18.24251,
            "c": 18.24251,
            "Alpha": 90.0,
            "Beta": 90.0,
            "Gamma": 90.0,
            "Volume": 6070.909781685288,
            "Initial Temperature": 300,
            "Run time": 1000
        }
    ],
    "Simulation output": [
        {
            "Mean Square Displacement": 0.032481805429286525,
            "Self diffusion coefficient": 0.0006767042797768026,
            "Lindemann Criterion": 0.07352945321699193,
            "Specific Heat": 134.24906371692205,
            "Internal Temperature": 325.0346667714656,
            "Cohesive Energy": 0.05268893904151002,
            "Internal Pressure": 6.671300349825084e-06,
            "Bulk_modulus": 181.9578595021657,
            "Lattice constant": 0
        }
    ]
}