{
    "Simulation input": [
        {
            "Chemical formula": "Cu125Pd124Pt",
            "Database": "Materials Project",
            "Potential": "EMT",
            "Integrator": "Velocity-Verlet",
            "Lattice structure": "CUB(a=15.0907)",
            "a": 15.090655,
            "b": 15.090655,
            "c": 15.090655,
            "Alpha": 90.0,
            "Beta": 90.0,
            "Gamma": 90.0,
            "Volume": 3436.562694838742,
            "Initial Temperature": 300,
            "Run time": 1000
        }
    ],
    "Simulation output": [
        {
            "Mean Square Displacement": 0.0848216504975297,
            "Self diffusion coefficient": 0.0017671177186985353,
            "Lindemann Criterion": 0.11476664166261562,
            "Specific Heat": 146.12910014763747,
            "Internal Temperature": 161.33615568563155,
            "Cohesive Energy": 0.014777405466893472,
            "Internal Pressure": 2.8076869761707182e-06,
            "Bulk_modulus": 145.69184393362474,
            "Lattice constant": 3.018131
        }
    ]
}