{
    "Simulation input": [
        {
            "Chemical formula": "Au125Cu374",
            "Database": "Materials Project",
            "Potential": "EMT",
            "Integrator": "Velocity-Verlet",
            "Lattice structure": "CUB(a=18.8696)",
            "a": 18.869575,
            "b": 18.869575,
            "c": 18.869575,
            "Alpha": 90.0,
            "Beta": 90.0,
            "Gamma": 90.0,
            "Volume": 6718.717115177602,
            "Initial Temperature": 300,
            "Run time": 1000
        }
    ],
    "Simulation output": [
        {
            "Mean Square Displacement": 0.0801450420661893,
            "Self diffusion coefficient": 0.0016696883763789438,
            "Lindemann Criterion": 0.11620408759694198,
            "Specific Heat": 128.60239148305936,
            "Internal Temperature": 495.1041327268086,
            "Cohesive Energy": 0.06485960841634078,
            "Internal Pressure": -3.1789604744285283e-06,
            "Bulk_modulus": 128.77052711933496,
            "Lattice constant": 0
        }
    ]
}