{
    "Simulation input": [
        {
            "Chemical formula": "AgAl124",
            "Database": "Materials Project",
            "Potential": "EMT",
            "Integrator": "Velocity-Verlet",
            "Lattice structure": "BCC(a=16.1025)",
            "a": 13.94517405,
            "b": 13.945174050000002,
            "c": 13.945174049999999,
            "Alpha": 109.47122063,
            "Beta": 109.47122063,
            "Gamma": 109.47122062999999,
            "Volume": 2087.6126823078234,
            "Initial Temperature": 300,
            "Run time": 1000
        }
    ],
    "Simulation output": [
        {
            "Mean Square Displacement": 0.18742721655261818,
            "Self diffusion coefficient": 0.0039047336781795456,
            "Lindemann Criterion": 0.16160798935828757,
            "Specific Heat": 451.35476802095985,
            "Internal Temperature": 163.5504915263981,
            "Cohesive Energy": 0.041146406611634254,
            "Internal Pressure": -1.3725189574413684e-06,
            "Bulk_modulus": 35.6192578421372,
            "Lattice constant": 0
        }
    ]
}