{
    "Simulation input": [
        {
            "Chemical formula": "CuPd499",
            "Database": "ASE",
            "Potential": "EMT_Asap_Standard_JacobsenStoltzeNorskov_1996_AlAgAuCuNiPdPt__MO_115316750986_001",
            "Integrator": "Velocity-Verlet",
            "Lattice structure": "CUB(a=19.45)",
            "a": 19.45,
            "b": 19.45,
            "c": 19.45,
            "Alpha": 90.0,
            "Beta": 90.0,
            "Gamma": 90.0,
            "Volume": 7357.983625000011,
            "Initial Temperature": 300,
            "Run time": 3000
        }
    ],
    "Simulation output": [
        {
            "Mean Square Displacement": 0.028638184493501608,
            "Self diffusion coefficient": 0.0001704653838898905,
            "Lindemann Criterion": 0.06547805098712317,
            "Specific Heat": 117.27467589237142,
            "Internal Temperature": 213.5700283953462,
            "Cohesive Energy": 3.863820872097954,
            "Internal Pressure": -2.800400677560799e-07,
            "Bulk_modulus": 174.58377382387488,
            "Lattice constant": 3.7486362256057384
        }
    ]
}