{
    "Simulation input": [
        {
            "Chemical formula": "PdPt124",
            "Database": "Materials Project",
            "Potential": "EMT",
            "Integrator": "Velocity-Verlet",
            "Lattice structure": "FCC(a=19.8838)",
            "a": 14.060005149999999,
            "b": 14.060005149999999,
            "c": 14.060005149999999,
            "Alpha": 59.999999999999986,
            "Beta": 59.99999999999999,
            "Gamma": 59.99999999999999,
            "Volume": 1965.356961751065,
            "Initial Temperature": 300,
            "Run time": 1000
        }
    ],
    "Simulation output": [
        {
            "Mean Square Displacement": 0.021368587883208525,
            "Self diffusion coefficient": 0.00044517891423351096,
            "Lindemann Criterion": 0.054359450788049005,
            "Specific Heat": 64.15606282222757,
            "Internal Temperature": 172.59748291642134,
            "Cohesive Energy": 0.042680788605228656,
            "Internal Pressure": 1.9998707034180415e-06,
            "Bulk_modulus": 276.25346543833757,
            "Lattice constant": 0
        }
    ]
}