{
    "Simulation input": [
        {
            "Chemical formula": "Ag124Ni",
            "Database": "Materials Project",
            "Potential": "EMT",
            "Integrator": "Velocity-Verlet",
            "Lattice structure": "FCC(a=16.6422)",
            "a": 11.767806800000002,
            "b": 11.7678068,
            "c": 11.7678068,
            "Alpha": 59.999999999999986,
            "Beta": 59.99999999999999,
            "Gamma": 59.99999999999999,
            "Volume": 1152.3159974732619,
            "Initial Temperature": 300,
            "Run time": 1000
        }
    ],
    "Simulation output": [
        {
            "Mean Square Displacement": 0.025045301220936254,
            "Self diffusion coefficient": 0.0005217771087695053,
            "Lindemann Criterion": 0.056659815016149355,
            "Specific Heat": 116.03012527991604,
            "Internal Temperature": 132.36964012324924,
            "Cohesive Energy": 0.046528059588932726,
            "Internal Pressure": 1.1964404523615836e-06,
            "Bulk_modulus": null,
            "Lattice constant": 2.9419517
        }
    ]
}