{
    "Simulation input": [
        {
            "Chemical formula": "Al125Pd124Pt",
            "Database": "Materials Project",
            "Potential": "EMT",
            "Integrator": "Velocity-Verlet",
            "Lattice structure": "CUB(a=15.3878)",
            "a": 15.387830000000001,
            "b": 15.387830000000001,
            "c": 15.387830000000001,
            "Alpha": 90.0,
            "Beta": 90.0,
            "Gamma": 90.0,
            "Volume": 3643.612129228699,
            "Initial Temperature": 300,
            "Run time": 1000
        }
    ],
    "Simulation output": [
        {
            "Mean Square Displacement": 0.4772623735325506,
            "Self diffusion coefficient": 0.00994296611526147,
            "Lindemann Criterion": 0.2749615968581362,
            "Specific Heat": 185.97025991477867,
            "Internal Temperature": 236.3108767190172,
            "Cohesive Energy": 0.1789894349718105,
            "Internal Pressure": 2.0970516726571856e-06,
            "Bulk_modulus": 77.2038925762838,
            "Lattice constant": 0
        }
    ]
}