{
    "Simulation input": [
        {
            "Chemical formula": "AlPd499",
            "Database": "ASE",
            "Potential": "EMT_Asap_Standard_JacobsenStoltzeNorskov_1996_AlAgAuCuNiPdPt__MO_115316750986_001",
            "Integrator": "Velocity-Verlet",
            "Lattice structure": "CUB(a=19.45)",
            "a": 19.45,
            "b": 19.45,
            "c": 19.45,
            "Alpha": 90.0,
            "Beta": 90.0,
            "Gamma": 90.0,
            "Volume": 7357.983625000011,
            "Initial Temperature": 800,
            "Run time": 3000
        }
    ],
    "Simulation output": [
        {
            "Mean Square Displacement": 0.07164075169537681,
            "Self diffusion coefficient": 0.00042643304580581437,
            "Lindemann Criterion": 0.10415479403089732,
            "Specific Heat": 117.3553843442917,
            "Internal Temperature": 479.1797761844332,
            "Cohesive Energy": 3.829089060526533,
            "Internal Pressure": 7.766089306319748e-07,
            "Bulk_modulus": 169.72850064426072,
            "Lattice constant": 3.7486362256057384
        }
    ]
}