{
    "Simulation input": [
        {
            "Chemical formula": "Ag125Au375",
            "Database": "Materials Project",
            "Potential": "EMT",
            "Integrator": "Langevin",
            "Lattice structure": "CUB(a=20.8511)",
            "a": 20.851065000000002,
            "b": 20.851065000000002,
            "c": 20.851065000000002,
            "Alpha": 90.0,
            "Beta": 90.0,
            "Gamma": 90.0,
            "Volume": 9065.353134334478,
            "Initial Temperature": 300,
            "Run time": 1000
        }
    ],
    "Simulation output": [
        {
            "Mean Square Displacement": 0.01133618834014844,
            "Self diffusion coefficient": 0.00023617059041975916,
            "Lindemann Criterion": 0.03726508769149112,
            "Specific Heat": 20579724498.84411,
            "Internal Temperature": 32.84330931727457,
            "Cohesive Energy": 0.05349606877243039,
            "Internal Pressure": 3.2797225813030377e-07,
            "Bulk_modulus": 153.1310720997447,
            "Lattice constant": 0
        }
    ]
}