{
    "Simulation input": [
        {
            "Chemical formula": "Al125Au125",
            "Database": "Materials Project",
            "Potential": "EMT",
            "Integrator": "Velocity-Verlet",
            "Lattice structure": "CUB(a=16.1197)",
            "a": 16.11971,
            "b": 16.11971,
            "c": 16.11971,
            "Alpha": 90.0,
            "Beta": 90.0,
            "Gamma": 90.0,
            "Volume": 4188.626858739057,
            "Initial Temperature": 20,
            "Run time": 1000
        }
    ],
    "Simulation output": [
        {
            "Mean Square Displacement": 0.21709901762189002,
            "Self diffusion coefficient": 0.004522896200456042,
            "Lindemann Criterion": 0.1717711254454547,
            "Specific Heat": 111.3678966976164,
            "Internal Temperature": 40.58877624169978,
            "Cohesive Energy": 0.03231865393236284,
            "Internal Pressure": 3.677164238901655e-07,
            "Bulk_modulus": 78.11744480673966,
            "Lattice constant": 0
        }
    ]
}