{
    "Simulation input": [
        {
            "Chemical formula": "Al499Pd500Pt",
            "Database": "Materials Project",
            "Potential": "EMT",
            "Integrator": "Velocity-Verlet",
            "Lattice structure": "CUB(a=24.5437)",
            "a": 24.543685000000004,
            "b": 24.543685000000004,
            "c": 24.543685000000004,
            "Alpha": 90.0,
            "Beta": 90.0,
            "Gamma": 90.0,
            "Volume": 14784.931112990605,
            "Initial Temperature": 300,
            "Run time": 1000
        }
    ],
    "Simulation output": [
        {
            "Mean Square Displacement": 1.100908451222255,
            "Self diffusion coefficient": 0.022935592733796976,
            "Lindemann Criterion": 0.4254438981533223,
            "Specific Heat": 186.4890885319768,
            "Internal Temperature": 560.3580394752248,
            "Cohesive Energy": 0.25109519393384405,
            "Internal Pressure": -7.471186531773084e-06,
            "Bulk_modulus": 73.39499983159288,
            "Lattice constant": 0
        }
    ]
}