{
    "Simulation input": [
        {
            "Chemical formula": "Al499AuPd500",
            "Database": "Materials Project",
            "Potential": "EMT",
            "Integrator": "Velocity-Verlet",
            "Lattice structure": "CUB(a=24.5437)",
            "a": 24.543685000000004,
            "b": 24.543685000000004,
            "c": 24.543685000000004,
            "Alpha": 90.0,
            "Beta": 90.0,
            "Gamma": 90.0,
            "Volume": 14784.931112990605,
            "Initial Temperature": 300,
            "Run time": 1000
        }
    ],
    "Simulation output": [
        {
            "Mean Square Displacement": 1.0880739327219613,
            "Self diffusion coefficient": 0.022668206931707527,
            "Lindemann Criterion": 0.4309121858757086,
            "Specific Heat": 186.4838384237288,
            "Internal Temperature": 541.645078676062,
            "Cohesive Energy": 0.24815784811063715,
            "Internal Pressure": -6.2709030324691635e-06,
            "Bulk_modulus": 73.34367979704258,
            "Lattice constant": 0
        }
    ]
}