{
    "Simulation input": [
        {
            "Chemical formula": "AgNi499",
            "Database": "ASE",
            "Potential": "EMT_Asap_Standard_JacobsenStoltzeNorskov_1996_AlAgAuCuNiPdPt__MO_115316750986_001",
            "Integrator": "Velocity-Verlet",
            "Lattice structure": "CUB(a=17.6)",
            "a": 17.6,
            "b": 17.6,
            "c": 17.6,
            "Alpha": 90.0,
            "Beta": 90.0,
            "Gamma": 90.0,
            "Volume": 5451.776,
            "Initial Temperature": 700,
            "Run time": 3000
        }
    ],
    "Simulation output": [
        {
            "Mean Square Displacement": 0.08630503622608006,
            "Self diffusion coefficient": 0.000513720453726667,
            "Lindemann Criterion": 0.12451444199893878,
            "Specific Heat": 212.10994781408834,
            "Internal Temperature": 670.9025967851223,
            "Cohesive Energy": 4.34526947279032,
            "Internal Pressure": 7.805179539829624e-06,
            "Bulk_modulus": 160.22762793341627,
            "Lattice constant": 3.4914114204442335
        }
    ]
}