{
    "Simulation input": [
        {
            "Chemical formula": "Au375Pd124",
            "Database": "Materials Project",
            "Potential": "EMT",
            "Integrator": "Velocity-Verlet",
            "Lattice structure": "CUB(a=20.5786)",
            "a": 20.578590000000002,
            "b": 20.578590000000002,
            "c": 20.578590000000002,
            "Alpha": 90.0,
            "Beta": 90.0,
            "Gamma": 90.0,
            "Volume": 8714.587675770497,
            "Initial Temperature": 300,
            "Run time": 1000
        }
    ],
    "Simulation output": [
        {
            "Mean Square Displacement": 0.09158630112326117,
            "Self diffusion coefficient": 0.0019080479400679412,
            "Lindemann Criterion": 0.11013846114808837,
            "Specific Heat": 71.47704184543223,
            "Internal Temperature": 335.79661028800257,
            "Cohesive Energy": 0.0923392632082906,
            "Internal Pressure": -2.86262597082245e-06,
            "Bulk_modulus": 165.39960969001956,
            "Lattice constant": 0
        }
    ]
}