{
    "Simulation input": [
        {
            "Chemical formula": "AlCu374Pt125",
            "Database": "Materials Project",
            "Potential": "EMT",
            "Integrator": "Velocity-Verlet",
            "Lattice structure": "CUB(a=18.6144)",
            "a": 18.614425,
            "b": 18.614425,
            "c": 18.614425,
            "Alpha": 90.0,
            "Beta": 90.0,
            "Gamma": 90.0,
            "Volume": 6449.83903290044,
            "Initial Temperature": 300,
            "Run time": 1000
        }
    ],
    "Simulation output": [
        {
            "Mean Square Displacement": 0.02537579882643967,
            "Self diffusion coefficient": 0.0005286624755508265,
            "Lindemann Criterion": 0.06342863318591917,
            "Specific Heat": 129.41734281514633,
            "Internal Temperature": 219.58293059283272,
            "Cohesive Energy": 0.05351666199834217,
            "Internal Pressure": -1.0025562842143104e-05,
            "Bulk_modulus": 157.20347247815744,
            "Lattice constant": 0
        }
    ]
}