{
    "Simulation input": [
        {
            "Chemical formula": "Au124Cu",
            "Database": "Materials Project",
            "Potential": "EMT",
            "Integrator": "Velocity-Verlet",
            "Lattice structure": "FCC(a=16.6852)",
            "a": 11.798184120000002,
            "b": 11.798184120000002,
            "c": 11.79818412,
            "Alpha": 59.99999999999999,
            "Beta": 59.99999999999999,
            "Gamma": 60.00000000000001,
            "Volume": 1161.2627901639548,
            "Initial Temperature": 300,
            "Run time": 1000
        }
    ],
    "Simulation output": [
        {
            "Mean Square Displacement": 0.06708408447838875,
            "Self diffusion coefficient": 0.0013975850932997655,
            "Lindemann Criterion": 0.09333283156563726,
            "Specific Heat": 63.6567908912995,
            "Internal Temperature": 156.89470373450413,
            "Cohesive Energy": 0.07916847247297124,
            "Internal Pressure": -2.205080928961773e-06,
            "Bulk_modulus": null,
            "Lattice constant": 0
        }
    ]
}