{
    "Simulation input": [
        {
            "Chemical formula": "PdPt124",
            "Database": "Materials Project",
            "Potential": "EMT",
            "Integrator": "Velocity-Verlet",
            "Lattice structure": "FCC(a=19.8838)",
            "a": 14.060005149999999,
            "b": 14.060005149999999,
            "c": 14.060005149999999,
            "Alpha": 59.999999999999986,
            "Beta": 59.99999999999999,
            "Gamma": 59.99999999999999,
            "Volume": 1965.356961751065,
            "Initial Temperature": 300,
            "Run time": 1000
        }
    ],
    "Simulation output": [
        {
            "Mean Square Displacement": 0.01943865960650839,
            "Self diffusion coefficient": 0.00040497207513559146,
            "Lindemann Criterion": 0.050414037714866876,
            "Specific Heat": 64.15606282505836,
            "Internal Temperature": 156.52694178749124,
            "Cohesive Energy": 0.04103137348577503,
            "Internal Pressure": -3.0328682259633123e-07,
            "Bulk_modulus": 276.857079554931,
            "Lattice constant": 0
        }
    ]
}