{
    "Simulation input": [
        {
            "Chemical formula": "CuPd499",
            "Database": "ASE",
            "Potential": "EMT_Asap_Standard_JacobsenStoltzeNorskov_1996_AlAgAuCuNiPdPt__MO_115316750986_001",
            "Integrator": "Velocity-Verlet",
            "Lattice structure": "CUB(a=19.45)",
            "a": 19.45,
            "b": 19.45,
            "c": 19.45,
            "Alpha": 90.0,
            "Beta": 90.0,
            "Gamma": 90.0,
            "Volume": 7357.983625000011,
            "Initial Temperature": 1300,
            "Run time": 3000
        }
    ],
    "Simulation output": [
        {
            "Mean Square Displacement": 0.09415238547966119,
            "Self diffusion coefficient": 0.0005604308659503643,
            "Lindemann Criterion": 0.11945218110567764,
            "Specific Heat": 117.27467589237288,
            "Internal Temperature": 675.8307812630702,
            "Cohesive Energy": 3.807206363023847,
            "Internal Pressure": 1.2483288277602246e-06,
            "Bulk_modulus": 167.00676105628912,
            "Lattice constant": 3.7486362256057384
        }
    ]
}