{
    "Simulation input": [
        {
            "Chemical formula": "Ni500",
            "Database": "ASE",
            "Potential": "EMT_Asap_Standard_JacobsenStoltzeNorskov_1996_AlAgAuCuNiPdPt__MO_115316750986_001",
            "Integrator": "Velocity-Verlet",
            "Lattice structure": "CUB(a=17.6)",
            "a": 17.6,
            "b": 17.6,
            "c": 17.6,
            "Alpha": 90.0,
            "Beta": 90.0,
            "Gamma": 90.0,
            "Volume": 5451.776,
            "Initial Temperature": 1000,
            "Run time": 3000
        }
    ],
    "Simulation output": [
        {
            "Mean Square Displacement": 0.04046937467906085,
            "Self diffusion coefficient": 0.00024088913499440982,
            "Lindemann Criterion": 0.08832512286177506,
            "Specific Heat": 212.4653698637081,
            "Internal Temperature": 489.64085805643583,
            "Cohesive Energy": 4.385546037237286,
            "Internal Pressure": 8.791536070336944e-07,
            "Bulk_modulus": 163.8667288939493,
            "Lattice constant": 3.491411420444396
        }
    ]
}