{
    "Simulation input": [
        {
            "Chemical formula": "Ag124PdPt375",
            "Database": "Materials Project",
            "Potential": "EMT",
            "Integrator": "Velocity-Verlet",
            "Lattice structure": "CUB(a=20.0342)",
            "a": 20.03422,
            "b": 20.03422,
            "c": 20.03422,
            "Alpha": 90.0,
            "Beta": 90.0,
            "Gamma": 90.0,
            "Volume": 8041.134300575908,
            "Initial Temperature": 300,
            "Run time": 1000
        }
    ],
    "Simulation output": [
        {
            "Mean Square Displacement": 0.06446067150822757,
            "Self diffusion coefficient": 0.0013429306564214077,
            "Lindemann Criterion": 0.09841709560730037,
            "Specific Heat": 71.96745021753513,
            "Internal Temperature": 322.26474019294017,
            "Cohesive Energy": 0.10588031221938507,
            "Internal Pressure": -3.558147515403099e-05,
            "Bulk_modulus": 212.9309392673343,
            "Lattice constant": 0
        }
    ]
}