{
    "Simulation input": [
        {
            "Chemical formula": "AgAl499",
            "Database": "ASE",
            "Potential": "EMT_Asap_Standard_JacobsenStoltzeNorskov_1996_AlAgAuCuNiPdPt__MO_115316750986_001",
            "Integrator": "Velocity-Verlet",
            "Lattice structure": "CUB(a=20.25)",
            "a": 20.25,
            "b": 20.25,
            "c": 20.25,
            "Alpha": 90.0,
            "Beta": 90.0,
            "Gamma": 90.0,
            "Volume": 8303.765624999998,
            "Initial Temperature": 400,
            "Run time": 3000
        }
    ],
    "Simulation output": [
        {
            "Mean Square Displacement": 0.12679965864492113,
            "Self diffusion coefficient": 0.0007547598728864353,
            "Lindemann Criterion": 0.13521960439808967,
            "Specific Heat": 459.4249596686775,
            "Internal Temperature": 268.83812465614557,
            "Cohesive Energy": 3.2413439717547075,
            "Internal Pressure": 2.637634309497691e-07,
            "Bulk_modulus": 34.89781204400292,
            "Lattice constant": 3.9156921639693607
        }
    ]
}