{
    "Simulation input": [
        {
            "Chemical formula": "Al499Au",
            "Database": "ASE",
            "Potential": "EMT_Asap_Standard_JacobsenStoltzeNorskov_1996_AlAgAuCuNiPdPt__MO_115316750986_001",
            "Integrator": "Velocity-Verlet",
            "Lattice structure": "CUB(a=20.25)",
            "a": 20.25,
            "b": 20.25,
            "c": 20.25,
            "Alpha": 90.0,
            "Beta": 90.0,
            "Gamma": 90.0,
            "Volume": 8303.765624999998,
            "Initial Temperature": 500,
            "Run time": 3000
        }
    ],
    "Simulation output": [
        {
            "Mean Square Displacement": 0.16313230499881518,
            "Self diffusion coefficient": 0.0009710256249929475,
            "Lindemann Criterion": 0.15564719144438688,
            "Specific Heat": 456.4284915569411,
            "Internal Temperature": 323.38451184916175,
            "Cohesive Energy": 3.2360542152588487,
            "Internal Pressure": 2.486704593319047e-07,
            "Bulk_modulus": 34.773016487296374,
            "Lattice constant": 3.9156921639693607
        }
    ]
}