{
    "Simulation input": [
        {
            "Chemical formula": "AgAu499",
            "Database": "ASE",
            "Potential": "EMT_Asap_Standard_JacobsenStoltzeNorskov_1996_AlAgAuCuNiPdPt__MO_115316750986_001",
            "Integrator": "Velocity-Verlet",
            "Lattice structure": "CUB(a=20.4)",
            "a": 20.4,
            "b": 20.4,
            "c": 20.4,
            "Alpha": 90.0,
            "Beta": 90.0,
            "Gamma": 90.0,
            "Volume": 8489.664,
            "Initial Temperature": 1000,
            "Run time": 3000
        }
    ],
    "Simulation output": [
        {
            "Mean Square Displacement": 0.18791655543453298,
            "Self diffusion coefficient": 0.0011185509252055535,
            "Lindemann Criterion": 0.15845856158108773,
            "Specific Heat": 63.36916554681565,
            "Internal Temperature": 635.8368500703623,
            "Cohesive Energy": 3.7123682353600307,
            "Internal Pressure": -1.0911986883208374e-06,
            "Bulk_modulus": 164.0607207592398,
            "Lattice constant": 3.8073118842989633
        }
    ]
}