{
    "Simulation input": [
        {
            "Chemical formula": "Al124Au",
            "Database": "Materials Project",
            "Potential": "EMT",
            "Integrator": "Velocity-Verlet",
            "Lattice structure": "FCC(a=20.1946)",
            "a": 14.279773950000001,
            "b": 14.279773950000001,
            "c": 14.279773950000001,
            "Alpha": 59.99999999999999,
            "Beta": 59.99999999999999,
            "Gamma": 59.99999999999999,
            "Volume": 2058.965169334094,
            "Initial Temperature": 300,
            "Run time": 1000
        }
    ],
    "Simulation output": [
        {
            "Mean Square Displacement": 0.03267365418408322,
            "Self diffusion coefficient": 0.000680701128835067,
            "Lindemann Criterion": 0.06556583777750156,
            "Specific Heat": 440.0031914297304,
            "Internal Temperature": 145.38311563715143,
            "Cohesive Energy": 0.015358746754213292,
            "Internal Pressure": 1.3734134629807117e-06,
            "Bulk_modulus": 36.05102680853438,
            "Lattice constant": 0
        }
    ]
}