{
    "Simulation input": [
        {
            "Chemical formula": "Al500",
            "Database": "ASE",
            "Potential": "EMT_Asap_Standard_JacobsenStoltzeNorskov_1996_AlAgAuCuNiPdPt__MO_115316750986_001",
            "Integrator": "Velocity-Verlet",
            "Lattice structure": "CUB(a=20.25)",
            "a": 20.25,
            "b": 20.25,
            "c": 20.25,
            "Alpha": 90.0,
            "Beta": 90.0,
            "Gamma": 90.0,
            "Volume": 8303.765624999998,
            "Initial Temperature": 700,
            "Run time": 3000
        }
    ],
    "Simulation output": [
        {
            "Mean Square Displacement": 0.12983615659084413,
            "Self diffusion coefficient": 0.0007728342654216913,
            "Lindemann Criterion": 0.13593469004048317,
            "Specific Heat": 462.17953581703296,
            "Internal Temperature": 368.88345067630684,
            "Cohesive Energy": 3.2337615896390814,
            "Internal Pressure": 4.456838061891965e-07,
            "Bulk_modulus": 34.567055559253205,
            "Lattice constant": 3.915692163969525
        }
    ]
}