{
    "Simulation input": [
        {
            "Chemical formula": "Cu375Pt125",
            "Database": "Materials Project",
            "Potential": "EMT",
            "Integrator": "Velocity-Verlet",
            "Lattice structure": "CUB(a=18.6144)",
            "a": 18.614425,
            "b": 18.614425,
            "c": 18.614425,
            "Alpha": 90.0,
            "Beta": 90.0,
            "Gamma": 90.0,
            "Volume": 6449.83903290044,
            "Initial Temperature": 300,
            "Run time": 1000
        }
    ],
    "Simulation output": [
        {
            "Mean Square Displacement": 0.015451795451009888,
            "Self diffusion coefficient": 0.00032191240522937267,
            "Lindemann Criterion": 0.049633623341857974,
            "Specific Heat": 129.31919802859366,
            "Internal Temperature": 157.40242376377628,
            "Cohesive Energy": 0.06577623680186595,
            "Internal Pressure": 4.635593180771606e-06,
            "Bulk_modulus": 159.23213498983668,
            "Lattice constant": 0
        }
    ]
}