{
    "Simulation input": [
        {
            "Chemical formula": "Pt125",
            "Database": "Materials Project",
            "Potential": "EMT",
            "Integrator": "Velocity-Verlet",
            "Lattice structure": "FCC(a=19.8838)",
            "a": 14.060005149999999,
            "b": 14.060005149999999,
            "c": 14.060005149999999,
            "Alpha": 59.999999999999986,
            "Beta": 59.99999999999999,
            "Gamma": 59.99999999999999,
            "Volume": 1965.356961751065,
            "Initial Temperature": 300,
            "Run time": 1000
        }
    ],
    "Simulation output": [
        {
            "Mean Square Displacement": 0.015763653828768105,
            "Self diffusion coefficient": 0.0003284094547660022,
            "Lindemann Criterion": 0.045446715029837007,
            "Specific Heat": 63.922795806924476,
            "Internal Temperature": 138.94121442928645,
            "Cohesive Energy": 0.03900666091224135,
            "Internal Pressure": 1.5968367727638197e-06,
            "Bulk_modulus": 277.7675104938441,
            "Lattice constant": 0
        }
    ]
}