{
    "Simulation input": [
        {
            "Chemical formula": "Al10499NiPt2500",
            "Database": "Materials Project",
            "Potential": "EMT",
            "Integrator": "Velocity-Verlet",
            "Lattice structure": "FCC(a=94.5362)",
            "a": 66.84715275,
            "b": 66.84715275,
            "c": 66.84715274999999,
            "Alpha": 59.999999999999986,
            "Beta": 59.999999999999986,
            "Gamma": 59.99999999999999,
            "Volume": 211219.37045405942,
            "Initial Temperature": 300,
            "Run time": 1000
        }
    ],
    "Simulation output": [
        {
            "Mean Square Displacement": 0.1958047110177517,
            "Self diffusion coefficient": 0.004079264812869827,
            "Lindemann Criterion": 0.17326051610094212,
            "Specific Heat": 210.2516605719201,
            "Internal Temperature": 377.8030726918298,
            "Cohesive Energy": 0.09501393001997113,
            "Internal Pressure": -8.874401150709388e-07,
            "Bulk_modulus": 55.37543512037447,
            "Lattice constant": 13.36943055
        }
    ]
}