{
    "Simulation input": [
        {
            "Chemical formula": "Al125NiPd124",
            "Database": "Materials Project",
            "Potential": "EMT",
            "Integrator": "Velocity-Verlet",
            "Lattice structure": "CUB(a=15.3878)",
            "a": 15.387830000000001,
            "b": 15.387830000000001,
            "c": 15.387830000000001,
            "Alpha": 90.0,
            "Beta": 90.0,
            "Gamma": 90.0,
            "Volume": 3643.612129228699,
            "Initial Temperature": 300,
            "Run time": 1000
        }
    ],
    "Simulation output": [
        {
            "Mean Square Displacement": 0.8661006323159951,
            "Self diffusion coefficient": 0.018043763173249898,
            "Lindemann Criterion": 0.35379751190418746,
            "Specific Heat": 187.49572340394715,
            "Internal Temperature": 298.02644501566596,
            "Cohesive Energy": 0.17097037654527242,
            "Internal Pressure": 4.95720397899858e-07,
            "Bulk_modulus": 79.5006646317007,
            "Lattice constant": 3.077566
        }
    ]
}