{
    "Simulation input": [
        {
            "Chemical formula": "Al125Au124Cu",
            "Database": "Materials Project",
            "Potential": "EMT",
            "Integrator": "Velocity-Verlet",
            "Lattice structure": "CUB(a=16.1197)",
            "a": 16.11971,
            "b": 16.11971,
            "c": 16.11971,
            "Alpha": 90.0,
            "Beta": 90.0,
            "Gamma": 90.0,
            "Volume": 4188.626858739057,
            "Initial Temperature": 300,
            "Run time": 1000
        }
    ],
    "Simulation output": [
        {
            "Mean Square Displacement": 0.231147590481295,
            "Self diffusion coefficient": 0.004815574801693646,
            "Lindemann Criterion": 0.17615322167270397,
            "Specific Heat": 111.90123214514452,
            "Internal Temperature": 187.76483266526495,
            "Cohesive Energy": 0.04985022028034312,
            "Internal Pressure": -2.2502890191410507e-07,
            "Bulk_modulus": 76.5619464658783,
            "Lattice constant": 0
        }
    ]
}