{
    "Simulation input": [
        {
            "Chemical formula": "Au499Pt",
            "Database": "ASE",
            "Potential": "EMT_Asap_Standard_JacobsenStoltzeNorskov_1996_AlAgAuCuNiPdPt__MO_115316750986_001",
            "Integrator": "Velocity-Verlet",
            "Lattice structure": "CUB(a=20.4)",
            "a": 20.4,
            "b": 20.4,
            "c": 20.4,
            "Alpha": 90.0,
            "Beta": 90.0,
            "Gamma": 90.0,
            "Volume": 8489.664,
            "Initial Temperature": 300,
            "Run time": 3000
        }
    ],
    "Simulation output": [
        {
            "Mean Square Displacement": 0.12583263751107845,
            "Self diffusion coefficient": 0.0007490037947088003,
            "Lindemann Criterion": 0.1341102584608233,
            "Specific Heat": 63.31304538236242,
            "Internal Temperature": 337.29987845186366,
            "Cohesive Energy": 3.7526085233327584,
            "Internal Pressure": -2.0129598867982324e-06,
            "Bulk_modulus": 169.74564367608224,
            "Lattice constant": 3.8073118842989633
        }
    ]
}