{
    "Simulation input": [
        {
            "Chemical formula": "Al500Pd500",
            "Database": "Materials Project",
            "Potential": "EMT",
            "Integrator": "Velocity-Verlet",
            "Lattice structure": "CUB(a=25.6599)",
            "a": 25.659875365428558,
            "b": 25.659875365428558,
            "c": 25.659875365428558,
            "Alpha": 90.0,
            "Beta": 90.0,
            "Gamma": 90.0,
            "Volume": 16895.211305679313,
            "Initial Temperature": 300,
            "Run time": 1000
        }
    ],
    "Simulation output": [
        {
            "Mean Square Displacement": 1.1578881171338598,
            "Self diffusion coefficient": 0.024122669106955413,
            "Lindemann Criterion": 0.41001937444289344,
            "Specific Heat": 186.95908723138598,
            "Internal Temperature": 463.8740759355435,
            "Cohesive Energy": 0.17549644408430548,
            "Internal Pressure": -6.735751439078541e-07,
            "Bulk_modulus": 71.12223462056897,
            "Lattice constant": 5.131975073085711
        }
    ]
}