{
    "Simulation input": [
        {
            "Chemical formula": "Al124Cu375Pt",
            "Database": "Materials Project",
            "Potential": "EMT",
            "Integrator": "Velocity-Verlet",
            "Lattice structure": "CUB(a=18.3574)",
            "a": 18.357405,
            "b": 18.357405,
            "c": 18.357405,
            "Alpha": 90.0,
            "Beta": 90.0,
            "Gamma": 90.0,
            "Volume": 6186.341184356621,
            "Initial Temperature": 300,
            "Run time": 1000
        }
    ],
    "Simulation output": [
        {
            "Mean Square Displacement": 0.04853566757277707,
            "Self diffusion coefficient": 0.0010111597410995224,
            "Lindemann Criterion": 0.09059134989898911,
            "Specific Heat": 227.80538400645457,
            "Internal Temperature": 369.8407807376361,
            "Cohesive Energy": 0.16707364684127604,
            "Internal Pressure": 1.1050735834421225e-05,
            "Bulk_modulus": 83.5189843312138,
            "Lattice constant": 0
        }
    ]
}