{
    "Simulation input": [
        {
            "Chemical formula": "Ag124PdPt375",
            "Database": "Materials Project",
            "Potential": "EMT",
            "Integrator": "Velocity-Verlet",
            "Lattice structure": "CUB(a=20.0342)",
            "a": 20.03422,
            "b": 20.03422,
            "c": 20.03422,
            "Alpha": 90.0,
            "Beta": 90.0,
            "Gamma": 90.0,
            "Volume": 8041.134300575908,
            "Initial Temperature": 300,
            "Run time": 1000
        }
    ],
    "Simulation output": [
        {
            "Mean Square Displacement": 0.062171466965421585,
            "Self diffusion coefficient": 0.0012952388951129497,
            "Lindemann Criterion": 0.09583361106032372,
            "Specific Heat": 71.96745021750293,
            "Internal Temperature": 317.1546763854259,
            "Cohesive Energy": 0.10560258608609092,
            "Internal Pressure": -3.6947370790021365e-05,
            "Bulk_modulus": 212.75538237980408,
            "Lattice constant": 0
        }
    ]
}