{
    "Simulation input": [
        {
            "Chemical formula": "Au375CuPd124",
            "Database": "Materials Project",
            "Potential": "EMT",
            "Integrator": "Velocity-Verlet",
            "Lattice structure": "CUB(a=20.5786)",
            "a": 20.578590000000002,
            "b": 20.578590000000002,
            "c": 20.578590000000002,
            "Alpha": 90.0,
            "Beta": 90.0,
            "Gamma": 90.0,
            "Volume": 8714.587675770497,
            "Initial Temperature": 300,
            "Run time": 1000
        }
    ],
    "Simulation output": [
        {
            "Mean Square Displacement": 0.06518685759266979,
            "Self diffusion coefficient": 0.0013580595331806205,
            "Lindemann Criterion": 0.09424516086126708,
            "Specific Heat": 71.56804327644116,
            "Internal Temperature": 207.7041292640773,
            "Cohesive Energy": 0.07944147940572445,
            "Internal Pressure": -2.072863012290614e-06,
            "Bulk_modulus": 167.55599440120918,
            "Lattice constant": 0
        }
    ]
}