{
    "Simulation input": [
        {
            "Chemical formula": "CuNi499",
            "Database": "ASE",
            "Potential": "EMT_Asap_Standard_JacobsenStoltzeNorskov_1996_AlAgAuCuNiPdPt__MO_115316750986_001",
            "Integrator": "Velocity-Verlet",
            "Lattice structure": "CUB(a=17.6)",
            "a": 17.6,
            "b": 17.6,
            "c": 17.6,
            "Alpha": 90.0,
            "Beta": 90.0,
            "Gamma": 90.0,
            "Volume": 5451.776,
            "Initial Temperature": 300,
            "Run time": 3000
        }
    ],
    "Simulation output": [
        {
            "Mean Square Displacement": 0.020913933844674642,
            "Self diffusion coefficient": 0.0001244877014563967,
            "Lindemann Criterion": 0.06143060929026752,
            "Specific Heat": 212.43024363144696,
            "Internal Temperature": 275.18675333640647,
            "Cohesive Energy": 4.398878629841917,
            "Internal Pressure": 6.581895342779954e-06,
            "Bulk_modulus": 165.09388660747274,
            "Lattice constant": 3.4914114204442335
        }
    ]
}