{
    "Simulation input": [
        {
            "Chemical formula": "Al124Ni",
            "Database": "Materials Project",
            "Potential": "EMT",
            "Integrator": "Velocity-Verlet",
            "Lattice structure": "BCC(a=16.1025)",
            "a": 13.94517405,
            "b": 13.945174050000002,
            "c": 13.945174049999999,
            "Alpha": 109.47122063,
            "Beta": 109.47122063,
            "Gamma": 109.47122062999999,
            "Volume": 2087.6126823078234,
            "Initial Temperature": 300,
            "Run time": 1000
        }
    ],
    "Simulation output": [
        {
            "Mean Square Displacement": 0.1658083028391557,
            "Self diffusion coefficient": 0.0034543396424824104,
            "Lindemann Criterion": 0.1562580751585018,
            "Specific Heat": 457.87434663278856,
            "Internal Temperature": 164.8402410300407,
            "Cohesive Energy": 0.048630051341641736,
            "Internal Pressure": -4.824214454717735e-07,
            "Bulk_modulus": 35.682140706745095,
            "Lattice constant": 0
        }
    ]
}