{
    "Simulation input": [
        {
            "Chemical formula": "AgAl499Pt500",
            "Database": "Materials Project",
            "Potential": "EMT",
            "Integrator": "Velocity-Verlet",
            "Lattice structure": "CUB(a=24.5872)",
            "a": 24.587245000000003,
            "b": 24.587245000000003,
            "c": 24.587245000000003,
            "Alpha": 90.0,
            "Beta": 90.0,
            "Gamma": 90.0,
            "Volume": 14863.791557048735,
            "Initial Temperature": 300,
            "Run time": 1000
        }
    ],
    "Simulation output": [
        {
            "Mean Square Displacement": 1.0664720471113378,
            "Self diffusion coefficient": 0.022218167648152872,
            "Lindemann Criterion": 0.42260363253139654,
            "Specific Heat": 112.23026399483066,
            "Internal Temperature": 584.1915549638105,
            "Cohesive Energy": 0.29878121297087085,
            "Internal Pressure": -5.099174006064355e-06,
            "Bulk_modulus": 101.97250677754185,
            "Lattice constant": 0
        }
    ]
}