{
    "Simulation input": [
        {
            "Chemical formula": "AuNi124Pt375",
            "Database": "Materials Project",
            "Potential": "EMT",
            "Integrator": "Velocity-Verlet",
            "Lattice structure": "CUB(a=19.3952)",
            "a": 19.3952,
            "b": 19.3952,
            "c": 19.3952,
            "Alpha": 90.0,
            "Beta": 90.0,
            "Gamma": 90.0,
            "Volume": 7295.965756817409,
            "Initial Temperature": 300,
            "Run time": 1000
        }
    ],
    "Simulation output": [
        {
            "Mean Square Displacement": 0.0880644367390012,
            "Self diffusion coefficient": 0.0018346757653958585,
            "Lindemann Criterion": 0.1127840160009968,
            "Specific Heat": 77.32910178442624,
            "Internal Temperature": 439.551522362615,
            "Cohesive Energy": 0.02741586877009397,
            "Internal Pressure": -5.4824795712367194e-05,
            "Bulk_modulus": 237.36254154388644,
            "Lattice constant": 0
        }
    ]
}