{
    "Simulation input": [
        {
            "Chemical formula": "Al125Ni375",
            "Database": "Materials Project",
            "Potential": "EMT",
            "Integrator": "Velocity-Verlet",
            "Lattice structure": "CUB(a=17.8054)",
            "a": 17.80542,
            "b": 17.80542,
            "c": 17.80542,
            "Alpha": 90.0,
            "Beta": 90.0,
            "Gamma": 90.0,
            "Volume": 5644.905387258983,
            "Initial Temperature": 300,
            "Run time": 1000
        }
    ],
    "Simulation output": [
        {
            "Mean Square Displacement": 0.013387170038209401,
            "Self diffusion coefficient": 0.0002788993757960292,
            "Lindemann Criterion": 0.047229691731182716,
            "Specific Heat": 245.645782757862,
            "Internal Temperature": 143.62142520435222,
            "Cohesive Energy": 0.29492835463256306,
            "Internal Pressure": 1.9923320660305487e-07,
            "Bulk_modulus": 103.8293716311493,
            "Lattice constant": 0
        }
    ]
}