{
    "Simulation input": [
        {
            "Chemical formula": "Au125Pd375",
            "Database": "Materials Project",
            "Potential": "EMT",
            "Integrator": "Langevin",
            "Lattice structure": "CUB(a=20.027)",
            "a": 20.026955,
            "b": 20.026955,
            "c": 20.026955,
            "Alpha": 90.0,
            "Beta": 90.0,
            "Gamma": 90.0,
            "Volume": 8032.389613906253,
            "Initial Temperature": 300,
            "Run time": 1000
        }
    ],
    "Simulation output": [
        {
            "Mean Square Displacement": 0.008527315729262082,
            "Self diffusion coefficient": 0.00020303132688719242,
            "Lindemann Criterion": 0.03370334001305638,
            "Specific Heat": 11357219204.83492,
            "Internal Temperature": 37.32541283214637,
            "Cohesive Energy": 0.043039129358480865,
            "Internal Pressure": -8.176544597337302e-07,
            "Bulk_modulus": 175.40837708848426,
            "Lattice constant": 0
        }
    ]
}