{
    "Simulation input": [
        {
            "Chemical formula": "AlAu499",
            "Database": "ASE",
            "Potential": "EMT_Asap_Standard_JacobsenStoltzeNorskov_1996_AlAgAuCuNiPdPt__MO_115316750986_001",
            "Integrator": "Velocity-Verlet",
            "Lattice structure": "CUB(a=20.4)",
            "a": 20.4,
            "b": 20.4,
            "c": 20.4,
            "Alpha": 90.0,
            "Beta": 90.0,
            "Gamma": 90.0,
            "Volume": 8489.664,
            "Initial Temperature": 400,
            "Run time": 3000
        }
    ],
    "Simulation output": [
        {
            "Mean Square Displacement": 0.06641595200517197,
            "Self diffusion coefficient": 0.0003953330476498332,
            "Lindemann Criterion": 0.09437234200353922,
            "Specific Heat": 63.421302137404965,
            "Internal Temperature": 264.5851156967727,
            "Cohesive Energy": 3.757586485502348,
            "Internal Pressure": 1.0455344575251111e-07,
            "Bulk_modulus": 170.5813674055915,
            "Lattice constant": 3.8073118842989633
        }
    ]
}