{
    "Simulation input": [
        {
            "Chemical formula": "Al250Pt125",
            "Database": "Materials Project",
            "Potential": "EMT",
            "Integrator": "Langevin",
            "Lattice structure": "FCC(a=29.7438)",
            "a": 21.032021450000002,
            "b": 21.032021450000002,
            "c": 21.03202145,
            "Alpha": 59.999999999999986,
            "Beta": 59.999999999999986,
            "Gamma": 59.99999999999999,
            "Volume": 6578.517741046045,
            "Initial Temperature": 300,
            "Run time": 1000
        }
    ],
    "Simulation output": [
        {
            "Mean Square Displacement": 4.021928783470517,
            "Self diffusion coefficient": 0.0837901829889691,
            "Lindemann Criterion": 0.8095980308337815,
            "Specific Heat": 2524702851.1305175,
            "Internal Temperature": 1127.3182801336995,
            "Cohesive Energy": 0.38921215813546695,
            "Internal Pressure": 3.1561695658395723e-06,
            "Bulk_modulus": 65.27208382232405,
            "Lattice constant": 0
        }
    ]
}