{
    "Simulation input": [
        {
            "Chemical formula": "Al124Ni375Pd",
            "Database": "Materials Project",
            "Potential": "EMT",
            "Integrator": "Velocity-Verlet",
            "Lattice structure": "CUB(a=17.8054)",
            "a": 17.80542,
            "b": 17.80542,
            "c": 17.80542,
            "Alpha": 90.0,
            "Beta": 90.0,
            "Gamma": 90.0,
            "Volume": 5644.905387258983,
            "Initial Temperature": 300,
            "Run time": 1000
        }
    ],
    "Simulation output": [
        {
            "Mean Square Displacement": 0.04758006396813472,
            "Self diffusion coefficient": 0.0009912513326694732,
            "Lindemann Criterion": 0.08865312094441727,
            "Specific Heat": 244.8794013396271,
            "Internal Temperature": 371.2937288806548,
            "Cohesive Energy": 0.33252119159070187,
            "Internal Pressure": -3.813999201871851e-06,
            "Bulk_modulus": 103.06007939439077,
            "Lattice constant": 0
        }
    ]
}