{
    "Simulation input": [
        {
            "Chemical formula": "Au125Cu375",
            "Database": "Materials Project",
            "Potential": "EMT",
            "Integrator": "Velocity-Verlet",
            "Lattice structure": "CUB(a=18.8696)",
            "a": 18.869575,
            "b": 18.869575,
            "c": 18.869575,
            "Alpha": 90.0,
            "Beta": 90.0,
            "Gamma": 90.0,
            "Volume": 6718.717115177602,
            "Initial Temperature": 300,
            "Run time": 1000
        }
    ],
    "Simulation output": [
        {
            "Mean Square Displacement": 0.028924919225112963,
            "Self diffusion coefficient": 0.0006026024838565201,
            "Lindemann Criterion": 0.06605170344859737,
            "Specific Heat": 128.69110348991347,
            "Internal Temperature": 154.0457092896813,
            "Cohesive Energy": 0.01994258792313126,
            "Internal Pressure": -1.4757008525292447e-07,
            "Bulk_modulus": 134.25894389347283,
            "Lattice constant": 0
        }
    ]
}