{
    "Simulation input": [
        {
            "Chemical formula": "Au124",
            "Database": "Materials Project",
            "Potential": "EMT",
            "Integrator": "Velocity-Verlet",
            "Lattice structure": "FCC(a=16.6852)",
            "a": 11.798184120000002,
            "b": 11.798184120000002,
            "c": 11.79818412,
            "Alpha": 59.99999999999999,
            "Beta": 59.99999999999999,
            "Gamma": 60.00000000000001,
            "Volume": 1161.2627901639548,
            "Initial Temperature": 300,
            "Run time": 1000
        }
    ],
    "Simulation output": [
        {
            "Mean Square Displacement": 0.11132735238185897,
            "Self diffusion coefficient": 0.0023193198412887286,
            "Lindemann Criterion": 0.12010838117244564,
            "Specific Heat": 63.3118338423222,
            "Internal Temperature": 286.8857693074406,
            "Cohesive Energy": 0.09817232423139106,
            "Internal Pressure": -2.0482882727719708e-06,
            "Bulk_modulus": null,
            "Lattice constant": 2.94954603
        }
    ]
}