{
    "Simulation input": [
        {
            "Chemical formula": "Au375Cu125",
            "Database": "Materials Project",
            "Potential": "EMT",
            "Integrator": "Velocity-Verlet",
            "Lattice structure": "CUB(a=20.0162)",
            "a": 20.01616200475441,
            "b": 20.01616200475441,
            "c": 20.01616200475441,
            "Alpha": 90.0,
            "Beta": 90.0,
            "Gamma": 90.0,
            "Volume": 8019.410082550842,
            "Initial Temperature": 300,
            "Run time": 1000
        }
    ],
    "Simulation output": [
        {
            "Mean Square Displacement": 0.033319659828859594,
            "Self diffusion coefficient": 0.0006941595797679082,
            "Lindemann Criterion": 0.06822085927748389,
            "Specific Heat": 76.21909528604189,
            "Internal Temperature": 170.8070576897608,
            "Cohesive Energy": 0.03651791544795347,
            "Internal Pressure": -2.1295946991548836e-06,
            "Bulk_modulus": 159.76501312297168,
            "Lattice constant": 4.003232400950882
        }
    ]
}