{
    "Simulation input": [
        {
            "Chemical formula": "Au375Cu125",
            "Database": "Materials Project",
            "Potential": "EMT",
            "Integrator": "Velocity-Verlet",
            "Lattice structure": "CUB(a=20.0162)",
            "a": 20.01616200475441,
            "b": 20.01616200475441,
            "c": 20.01616200475441,
            "Alpha": 90.0,
            "Beta": 90.0,
            "Gamma": 90.0,
            "Volume": 8019.410082550842,
            "Initial Temperature": 300,
            "Run time": 1000
        }
    ],
    "Simulation output": [
        {
            "Mean Square Displacement": 0.03439046990447133,
            "Self diffusion coefficient": 0.0007164681230098194,
            "Lindemann Criterion": 0.06817534158419715,
            "Specific Heat": 76.21909528639384,
            "Internal Temperature": 152.87531542576014,
            "Cohesive Energy": 0.03435688317114334,
            "Internal Pressure": -9.38537748005055e-07,
            "Bulk_modulus": 160.3566633655256,
            "Lattice constant": 4.003232400950882
        }
    ]
}