{
    "Simulation input": [
        {
            "Chemical formula": "Au375Pd125",
            "Database": "Materials Project",
            "Potential": "EMT",
            "Integrator": "Langevin",
            "Lattice structure": "CUB(a=20.5786)",
            "a": 20.578590000000002,
            "b": 20.578590000000002,
            "c": 20.578590000000002,
            "Alpha": 90.0,
            "Beta": 90.0,
            "Gamma": 90.0,
            "Volume": 8714.587675770497,
            "Initial Temperature": 300,
            "Run time": 1000
        }
    ],
    "Simulation output": [
        {
            "Mean Square Displacement": 0.009469753595296993,
            "Self diffusion coefficient": 0.00019728653323535403,
            "Lindemann Criterion": 0.034444691493448164,
            "Specific Heat": 22181575513.357132,
            "Internal Temperature": 32.841745946510045,
            "Cohesive Energy": 0.05562510498342695,
            "Internal Pressure": -2.941149841371898e-06,
            "Bulk_modulus": 174.33013894094452,
            "Lattice constant": 0
        }
    ]
}