{
    "Simulation input": [
        {
            "Chemical formula": "AuPd499",
            "Database": "ASE",
            "Potential": "EMT_Asap_Standard_JacobsenStoltzeNorskov_1996_AlAgAuCuNiPdPt__MO_115316750986_001",
            "Integrator": "Velocity-Verlet",
            "Lattice structure": "CUB(a=19.45)",
            "a": 19.45,
            "b": 19.45,
            "c": 19.45,
            "Alpha": 90.0,
            "Beta": 90.0,
            "Gamma": 90.0,
            "Volume": 7357.983625000011,
            "Initial Temperature": 1000,
            "Run time": 3000
        }
    ],
    "Simulation output": [
        {
            "Mean Square Displacement": 0.12316444159626895,
            "Self diffusion coefficient": 0.0007331216761682675,
            "Lindemann Criterion": 0.1383417266720519,
            "Specific Heat": 116.9811169141769,
            "Internal Temperature": 744.1406780093321,
            "Cohesive Energy": 3.7972643555671484,
            "Internal Pressure": 1.7118808202365908e-07,
            "Bulk_modulus": 166.55973840408458,
            "Lattice constant": 3.7486362256057384
        }
    ]
}