{
    "Simulation input": [
        {
            "Chemical formula": "Ag374Au125",
            "Database": "Materials Project",
            "Potential": "EMT",
            "Integrator": "Velocity-Verlet",
            "Lattice structure": "CUB(a=20.8081)",
            "a": 20.808144999999996,
            "b": 20.808144999999996,
            "c": 20.808144999999996,
            "Alpha": 90.0,
            "Beta": 90.0,
            "Gamma": 90.0,
            "Volume": 9009.487698620313,
            "Initial Temperature": 300,
            "Run time": 1000
        }
    ],
    "Simulation output": [
        {
            "Mean Square Displacement": 0.09119034429417333,
            "Self diffusion coefficient": 0.0018997988394619445,
            "Lindemann Criterion": 0.11167851418867962,
            "Specific Heat": 95.78739558238581,
            "Internal Temperature": 358.193116545026,
            "Cohesive Energy": 0.07777870998863434,
            "Internal Pressure": -4.840748622206204e-06,
            "Bulk_modulus": 106.52709297719329,
            "Lattice constant": 4.161629
        }
    ]
}