{
    "Simulation input": [
        {
            "Chemical formula": "Au499Pt",
            "Database": "ASE",
            "Potential": "EMT_Asap_Standard_JacobsenStoltzeNorskov_1996_AlAgAuCuNiPdPt__MO_115316750986_001",
            "Integrator": "Velocity-Verlet",
            "Lattice structure": "CUB(a=20.4)",
            "a": 20.4,
            "b": 20.4,
            "c": 20.4,
            "Alpha": 90.0,
            "Beta": 90.0,
            "Gamma": 90.0,
            "Volume": 8489.664,
            "Initial Temperature": 800,
            "Run time": 3000
        }
    ],
    "Simulation output": [
        {
            "Mean Square Displacement": 0.1473365070991457,
            "Self diffusion coefficient": 0.0008770030184472958,
            "Lindemann Criterion": 0.1448428868474607,
            "Specific Heat": 63.313045382381915,
            "Internal Temperature": 624.4682090406106,
            "Cohesive Energy": 3.719121149295931,
            "Internal Pressure": -2.4359567392820026e-06,
            "Bulk_modulus": 164.3818614115292,
            "Lattice constant": 3.8073118842989633
        }
    ]
}