{
    "Simulation input": [
        {
            "Chemical formula": "Ag499Ni",
            "Database": "ASE",
            "Potential": "EMT_Asap_Standard_JacobsenStoltzeNorskov_1996_AlAgAuCuNiPdPt__MO_115316750986_001",
            "Integrator": "Velocity-Verlet",
            "Lattice structure": "CUB(a=20.45)",
            "a": 20.45,
            "b": 20.45,
            "c": 20.45,
            "Alpha": 90.0,
            "Beta": 90.0,
            "Gamma": 90.0,
            "Volume": 8552.241125000002,
            "Initial Temperature": 900,
            "Run time": 3000
        }
    ],
    "Simulation output": [
        {
            "Mean Square Displacement": 0.0918449443197523,
            "Self diffusion coefficient": 0.0005466960971413828,
            "Lindemann Criterion": 0.11234393323458694,
            "Specific Heat": 115.71246404511037,
            "Internal Temperature": 489.5786306398251,
            "Cohesive Energy": 2.8924905754082766,
            "Internal Pressure": -4.69946024656052e-06,
            "Bulk_modulus": 91.08926773328804,
            "Lattice constant": 3.8347786021727415
        }
    ]
}