{
    "Simulation input": [
        {
            "Chemical formula": "AlAu499",
            "Database": "ASE",
            "Potential": "EMT_Asap_Standard_JacobsenStoltzeNorskov_1996_AlAgAuCuNiPdPt__MO_115316750986_001",
            "Integrator": "Velocity-Verlet",
            "Lattice structure": "CUB(a=20.4)",
            "a": 20.4,
            "b": 20.4,
            "c": 20.4,
            "Alpha": 90.0,
            "Beta": 90.0,
            "Gamma": 90.0,
            "Volume": 8489.664,
            "Initial Temperature": 300,
            "Run time": 3000
        }
    ],
    "Simulation output": [
        {
            "Mean Square Displacement": 0.04497612703557928,
            "Self diffusion coefficient": 0.0002677150418784481,
            "Lindemann Criterion": 0.07626796935131264,
            "Specific Heat": 63.42130213739445,
            "Internal Temperature": 197.23996223685668,
            "Cohesive Energy": 3.765759476250477,
            "Internal Pressure": -1.1224392008258801e-07,
            "Bulk_modulus": 171.88718078889016,
            "Lattice constant": 3.8073118842989633
        }
    ]
}