{
    "Simulation input": [
        {
            "Chemical formula": "AlPt499",
            "Database": "ASE",
            "Potential": "EMT_Asap_Standard_JacobsenStoltzeNorskov_1996_AlAgAuCuNiPdPt__MO_115316750986_001",
            "Integrator": "Velocity-Verlet",
            "Lattice structure": "CUB(a=19.6)",
            "a": 19.6,
            "b": 19.6,
            "c": 19.6,
            "Alpha": 90.0,
            "Beta": 90.0,
            "Gamma": 90.0,
            "Volume": 7529.536000000013,
            "Initial Temperature": 800,
            "Run time": 3000
        }
    ],
    "Simulation output": [
        {
            "Mean Square Displacement": 0.05047203143073246,
            "Self diffusion coefficient": 0.0003004287585162646,
            "Lindemann Criterion": 0.0876771237908327,
            "Specific Heat": 64.0331508483982,
            "Internal Temperature": 512.3690238808722,
            "Cohesive Energy": 5.769379117159015,
            "Internal Pressure": -6.874770339202019e-06,
            "Bulk_modulus": 267.80561184798114,
            "Lattice constant": 3.763694624804003
        }
    ]
}