{
    "Simulation input": [
        {
            "Chemical formula": "AgAu499",
            "Database": "ASE",
            "Potential": "EMT_Asap_Standard_JacobsenStoltzeNorskov_1996_AlAgAuCuNiPdPt__MO_115316750986_001",
            "Integrator": "Velocity-Verlet",
            "Lattice structure": "CUB(a=20.4)",
            "a": 20.4,
            "b": 20.4,
            "c": 20.4,
            "Alpha": 90.0,
            "Beta": 90.0,
            "Gamma": 90.0,
            "Volume": 8489.664,
            "Initial Temperature": 300,
            "Run time": 3000
        }
    ],
    "Simulation output": [
        {
            "Mean Square Displacement": 0.07926955232612574,
            "Self diffusion coefficient": 0.00047184257336979607,
            "Lindemann Criterion": 0.1035115281035958,
            "Specific Heat": 63.369165546812916,
            "Internal Temperature": 277.14668552621225,
            "Cohesive Energy": 3.7543624253642918,
            "Internal Pressure": -4.2338803537033604e-07,
            "Bulk_modulus": 170.7172924641947,
            "Lattice constant": 3.8073118842989633
        }
    ]
}