{
    "Simulation input": [
        {
            "Chemical formula": "Ni374Pt125",
            "Database": "Materials Project",
            "Potential": "EMT",
            "Integrator": "Velocity-Verlet",
            "Lattice structure": "CUB(a=18.2425)",
            "a": 18.24251,
            "b": 18.24251,
            "c": 18.24251,
            "Alpha": 90.0,
            "Beta": 90.0,
            "Gamma": 90.0,
            "Volume": 6070.909781685288,
            "Initial Temperature": 300,
            "Run time": 1000
        }
    ],
    "Simulation output": [
        {
            "Mean Square Displacement": 0.057954814908855457,
            "Self diffusion coefficient": 0.001207391977267822,
            "Lindemann Criterion": 0.09936065358800687,
            "Specific Heat": 134.29246094198024,
            "Internal Temperature": 713.7291889091142,
            "Cohesive Energy": 0.00873904679459098,
            "Internal Pressure": 2.0292669710354084e-06,
            "Bulk_modulus": 176.7994947360969,
            "Lattice constant": 0
        }
    ]
}