{
    "Simulation input": [
        {
            "Chemical formula": "AgAl249Au125",
            "Database": "Materials Project",
            "Potential": "EMT",
            "Integrator": "Velocity-Verlet",
            "Lattice structure": "FCC(a=30.3168)",
            "a": 21.4372007,
            "b": 21.4372007,
            "c": 21.437200699999998,
            "Alpha": 59.999999999999986,
            "Beta": 59.999999999999986,
            "Gamma": 59.99999999999999,
            "Volume": 6966.092291278917,
            "Initial Temperature": 300,
            "Run time": 1000
        }
    ],
    "Simulation output": [
        {
            "Mean Square Displacement": 3.2388489478478877,
            "Self diffusion coefficient": 0.067476019746831,
            "Lindemann Criterion": 0.6565902126458019,
            "Specific Heat": 148.7058971613997,
            "Internal Temperature": 809.3941357652052,
            "Cohesive Energy": 0.24713931284294088,
            "Internal Pressure": 1.3416334254340201e-06,
            "Bulk_modulus": 52.00696699422987,
            "Lattice constant": 4.28744014
        }
    ]
}