{
    "Simulation input": [
        {
            "Chemical formula": "Ag375Ni124",
            "Database": "Materials Project",
            "Potential": "EMT",
            "Integrator": "Velocity-Verlet",
            "Lattice structure": "CUB(a=20.0451)",
            "a": 20.04515,
            "b": 20.04515,
            "c": 20.04515,
            "Alpha": 90.0,
            "Beta": 90.0,
            "Gamma": 90.0,
            "Volume": 8054.302403389292,
            "Initial Temperature": 300,
            "Run time": 1000
        }
    ],
    "Simulation output": [
        {
            "Mean Square Displacement": 0.08130280246202487,
            "Self diffusion coefficient": 0.001693808384625518,
            "Lindemann Criterion": 0.10744328455966379,
            "Specific Heat": 130.37660451235246,
            "Internal Temperature": 454.2651797129986,
            "Cohesive Energy": 0.17590402917468184,
            "Internal Pressure": 1.389233972199239e-06,
            "Bulk_modulus": 101.78354103782704,
            "Lattice constant": 0
        }
    ]
}