{
    "Simulation input": [
        {
            "Chemical formula": "Al125Au125",
            "Database": "Materials Project",
            "Potential": "EMT",
            "Integrator": "Velocity-Verlet",
            "Lattice structure": "CUB(a=16.1197)",
            "a": 16.11971,
            "b": 16.11971,
            "c": 16.11971,
            "Alpha": 90.0,
            "Beta": 90.0,
            "Gamma": 90.0,
            "Volume": 4188.626858739057,
            "Initial Temperature": 300,
            "Run time": 1000
        }
    ],
    "Simulation output": [
        {
            "Mean Square Displacement": 0.19412352639963135,
            "Self diffusion coefficient": 0.004044240133325653,
            "Lindemann Criterion": 0.1596333852058273,
            "Specific Heat": 111.36789693691868,
            "Internal Temperature": 186.99074441556343,
            "Cohesive Energy": 0.04972886326174761,
            "Internal Pressure": -4.3257892738434745e-07,
            "Bulk_modulus": 76.09573122362053,
            "Lattice constant": 0
        }
    ]
}