{
    "Simulation input": [
        {
            "Chemical formula": "Pd499Pt",
            "Database": "ASE",
            "Potential": "EMT_Asap_Standard_JacobsenStoltzeNorskov_1996_AlAgAuCuNiPdPt__MO_115316750986_001",
            "Integrator": "Velocity-Verlet",
            "Lattice structure": "CUB(a=19.45)",
            "a": 19.45,
            "b": 19.45,
            "c": 19.45,
            "Alpha": 90.0,
            "Beta": 90.0,
            "Gamma": 90.0,
            "Volume": 7357.983625000011,
            "Initial Temperature": 1000,
            "Run time": 3000
        }
    ],
    "Simulation output": [
        {
            "Mean Square Displacement": 0.12481831432791733,
            "Self diffusion coefficient": 0.0007429661567137936,
            "Lindemann Criterion": 0.13891641504679356,
            "Specific Heat": 116.98524881933446,
            "Internal Temperature": 758.3851781832968,
            "Cohesive Energy": 3.800215386611803,
            "Internal Pressure": 1.2251354604648324e-07,
            "Bulk_modulus": 166.17431543257445,
            "Lattice constant": 3.7486362256057384
        }
    ]
}