{
    "Simulation input": [
        {
            "Chemical formula": "PdPt499",
            "Database": "ASE",
            "Potential": "EMT_Asap_Standard_JacobsenStoltzeNorskov_1996_AlAgAuCuNiPdPt__MO_115316750986_001",
            "Integrator": "Velocity-Verlet",
            "Lattice structure": "CUB(a=19.6)",
            "a": 19.6,
            "b": 19.6,
            "c": 19.6,
            "Alpha": 90.0,
            "Beta": 90.0,
            "Gamma": 90.0,
            "Volume": 7529.536000000013,
            "Initial Temperature": 900,
            "Run time": 3000
        }
    ],
    "Simulation output": [
        {
            "Mean Square Displacement": 0.09176602766607689,
            "Self diffusion coefficient": 0.0005462263551552196,
            "Lindemann Criterion": 0.117355610881223,
            "Specific Heat": 63.98095463637521,
            "Internal Temperature": 659.1858332797581,
            "Cohesive Energy": 5.753162571775128,
            "Internal Pressure": -1.0006256897922847e-05,
            "Bulk_modulus": 266.43570695474733,
            "Lattice constant": 3.763694624804003
        }
    ]
}