{
    "Simulation input": [
        {
            "Chemical formula": "Al375Pd125",
            "Database": "Materials Project",
            "Potential": "EMT",
            "Integrator": "Langevin",
            "Lattice structure": "CUB(a=19.7345)",
            "a": 19.73455,
            "b": 19.73455,
            "c": 19.73455,
            "Alpha": 90.0,
            "Beta": 90.0,
            "Gamma": 90.0,
            "Volume": 7685.669117560159,
            "Initial Temperature": 300,
            "Run time": 1000
        }
    ],
    "Simulation output": [
        {
            "Mean Square Displacement": 0.006916833355890954,
            "Self diffusion coefficient": 0.00016468650847359414,
            "Lindemann Criterion": 0.03052415426426519,
            "Specific Heat": 29879550528.592457,
            "Internal Temperature": 36.30767976746752,
            "Cohesive Energy": 0.0409300408207389,
            "Internal Pressure": 1.068022227834686e-06,
            "Bulk_modulus": 54.77891717293784,
            "Lattice constant": 0
        }
    ]
}