{
    "Simulation input": [
        {
            "Chemical formula": "Ag375AlNi124",
            "Database": "Materials Project",
            "Potential": "EMT",
            "Integrator": "Velocity-Verlet",
            "Lattice structure": "CUB(a=20.0451)",
            "a": 20.04515,
            "b": 20.04515,
            "c": 20.04515,
            "Alpha": 90.0,
            "Beta": 90.0,
            "Gamma": 90.0,
            "Volume": 8054.302403389292,
            "Initial Temperature": 300,
            "Run time": 1000
        }
    ],
    "Simulation output": [
        {
            "Mean Square Displacement": 0.03071520712442653,
            "Self diffusion coefficient": 0.0006399001484255527,
            "Lindemann Criterion": 0.06583531089309272,
            "Specific Heat": 130.56407080362837,
            "Internal Temperature": 153.06770133319765,
            "Cohesive Energy": 0.13610979984784086,
            "Internal Pressure": -4.0368804291654555e-06,
            "Bulk_modulus": 105.77767802026327,
            "Lattice constant": 4.00903
        }
    ]
}