{
    "Simulation input": [
        {
            "Chemical formula": "Al499Au2000Ni",
            "Database": "Materials Project",
            "Potential": "EMT",
            "Integrator": "Velocity-Verlet",
            "Lattice structure": "CUB(a=35.2732)",
            "a": 35.27325,
            "b": 35.27325,
            "c": 35.27325,
            "Alpha": 90.0,
            "Beta": 90.0,
            "Gamma": 90.0,
            "Volume": 43887.05403642744,
            "Initial Temperature": 300,
            "Run time": 1000
        }
    ],
    "Simulation output": [
        {
            "Mean Square Displacement": 0.1280021590154948,
            "Self diffusion coefficient": 0.0026667116461561416,
            "Lindemann Criterion": 0.13499336984938504,
            "Specific Heat": 76.51333271229825,
            "Internal Temperature": 270.1402949890026,
            "Cohesive Energy": 0.09018124550107601,
            "Internal Pressure": -4.990416580386214e-06,
            "Bulk_modulus": 121.07029021161684,
            "Lattice constant": 7.05465
        }
    ]
}