{
    "Simulation input": [
        {
            "Chemical formula": "Al375Pd125",
            "Database": "Materials Project",
            "Potential": "EMT",
            "Integrator": "Velocity-Verlet",
            "Lattice structure": "CUB(a=19.7345)",
            "a": 19.73455,
            "b": 19.73455,
            "c": 19.73455,
            "Alpha": 90.0,
            "Beta": 90.0,
            "Gamma": 90.0,
            "Volume": 7685.669117560159,
            "Initial Temperature": 20,
            "Run time": 1000
        }
    ],
    "Simulation output": [
        {
            "Mean Square Displacement": 0.0018401688996145,
            "Self diffusion coefficient": 3.833685207530208e-05,
            "Lindemann Criterion": 0.015576650036167587,
            "Specific Heat": 266.22561345877796,
            "Internal Temperature": 9.933545614366839,
            "Cohesive Energy": 0.03749285503563663,
            "Internal Pressure": 6.744015477676752e-07,
            "Bulk_modulus": 54.92184336272445,
            "Lattice constant": 0
        }
    ]
}