{
    "Simulation input": [
        {
            "Chemical formula": "AgNi374Pt125",
            "Database": "Materials Project",
            "Potential": "EMT",
            "Integrator": "Velocity-Verlet",
            "Lattice structure": "CUB(a=18.2425)",
            "a": 18.24251,
            "b": 18.24251,
            "c": 18.24251,
            "Alpha": 90.0,
            "Beta": 90.0,
            "Gamma": 90.0,
            "Volume": 6070.909781685288,
            "Initial Temperature": 300,
            "Run time": 1000
        }
    ],
    "Simulation output": [
        {
            "Mean Square Displacement": 0.04900306637688413,
            "Self diffusion coefficient": 0.001020897216185086,
            "Lindemann Criterion": 0.08972316089358881,
            "Specific Heat": 134.24906371572436,
            "Internal Temperature": 333.41898481099975,
            "Cohesive Energy": 0.052414150232795796,
            "Internal Pressure": 1.3642976713151354e-05,
            "Bulk_modulus": 181.642459474722,
            "Lattice constant": 0
        }
    ]
}