{
    "Simulation input": [
        {
            "Chemical formula": "Ag499Pt",
            "Database": "ASE",
            "Potential": "EMT_Asap_Standard_JacobsenStoltzeNorskov_1996_AlAgAuCuNiPdPt__MO_115316750986_001",
            "Integrator": "Velocity-Verlet",
            "Lattice structure": "CUB(a=20.45)",
            "a": 20.45,
            "b": 20.45,
            "c": 20.45,
            "Alpha": 90.0,
            "Beta": 90.0,
            "Gamma": 90.0,
            "Volume": 8552.241125000002,
            "Initial Temperature": 1000,
            "Run time": 3000
        }
    ],
    "Simulation output": [
        {
            "Mean Square Displacement": 0.16190735999276823,
            "Self diffusion coefficient": 0.0009637342856712394,
            "Lindemann Criterion": 0.14920693662853582,
            "Specific Heat": 115.42031839546486,
            "Internal Temperature": 700.9281312064721,
            "Cohesive Energy": 2.8691256032458354,
            "Internal Pressure": -6.088989106824397e-06,
            "Bulk_modulus": 88.92030222787737,
            "Lattice constant": 3.8347786021727415
        }
    ]
}