{
    "Simulation input": [
        {
            "Chemical formula": "Al500",
            "Database": "ASE",
            "Potential": "EMT_Asap_Standard_JacobsenStoltzeNorskov_1996_AlAgAuCuNiPdPt__MO_115316750986_001",
            "Integrator": "Velocity-Verlet",
            "Lattice structure": "CUB(a=20.25)",
            "a": 20.25,
            "b": 20.25,
            "c": 20.25,
            "Alpha": 90.0,
            "Beta": 90.0,
            "Gamma": 90.0,
            "Volume": 8303.765624999998,
            "Initial Temperature": 900,
            "Run time": 3000
        }
    ],
    "Simulation output": [
        {
            "Mean Square Displacement": 0.20738269826219183,
            "Self diffusion coefficient": 0.001234420822989237,
            "Lindemann Criterion": 0.1644826329990595,
            "Specific Heat": 462.17953581698106,
            "Internal Temperature": 498.22527048181746,
            "Cohesive Energy": 3.211854562811833,
            "Internal Pressure": -1.2920903812482273e-07,
            "Bulk_modulus": 33.95170219354844,
            "Lattice constant": 3.9156921639693607
        }
    ]
}