{
    "Simulation input": [
        {
            "Chemical formula": "Al375Pd125",
            "Database": "Materials Project",
            "Potential": "EMT",
            "Integrator": "Velocity-Verlet",
            "Lattice structure": "CUB(a=19.7345)",
            "a": 19.73455,
            "b": 19.73455,
            "c": 19.73455,
            "Alpha": 90.0,
            "Beta": 90.0,
            "Gamma": 90.0,
            "Volume": 7685.669117560159,
            "Initial Temperature": 300,
            "Run time": 3000
        }
    ],
    "Simulation output": [
        {
            "Mean Square Displacement": 0.019152093984059895,
            "Self diffusion coefficient": 0.00011400055942892794,
            "Lindemann Criterion": 0.05082985986369856,
            "Specific Heat": 266.22561375910465,
            "Internal Temperature": 137.71801905477741,
            "Cohesive Energy": 0.05421384757186768,
            "Internal Pressure": 1.4333278823626438e-07,
            "Bulk_modulus": 54.45126428897146,
            "Lattice constant": 3.7486362256057384
        }
    ]
}