{
    "Simulation input": [
        {
            "Chemical formula": "Ni500",
            "Database": "ASE",
            "Potential": "EMT_Asap_Standard_JacobsenStoltzeNorskov_1996_AlAgAuCuNiPdPt__MO_115316750986_001",
            "Integrator": "Velocity-Verlet",
            "Lattice structure": "CUB(a=17.6)",
            "a": 17.6,
            "b": 17.6,
            "c": 17.6,
            "Alpha": 90.0,
            "Beta": 90.0,
            "Gamma": 90.0,
            "Volume": 5451.776,
            "Initial Temperature": 300,
            "Run time": 3000
        }
    ],
    "Simulation output": [
        {
            "Mean Square Displacement": 0.010552185803231052,
            "Self diffusion coefficient": 6.281062978113721e-05,
            "Lindemann Criterion": 0.04211039457418748,
            "Specific Heat": 212.4653698637007,
            "Internal Temperature": 162.61080042128737,
            "Cohesive Energy": 4.427747891684381,
            "Internal Pressure": 2.801659884920947e-07,
            "Bulk_modulus": 167.6708088943918,
            "Lattice constant": 3.491411420444396
        }
    ]
}