{
    "Simulation input": [
        {
            "Chemical formula": "Ag375Au125",
            "Database": "Materials Project",
            "Potential": "EMT",
            "Integrator": "Langevin",
            "Lattice structure": "CUB(a=20.8081)",
            "a": 20.808144999999996,
            "b": 20.808144999999996,
            "c": 20.808144999999996,
            "Alpha": 90.0,
            "Beta": 90.0,
            "Gamma": 90.0,
            "Volume": 9009.487698620313,
            "Initial Temperature": 300,
            "Run time": 1000
        }
    ],
    "Simulation output": [
        {
            "Mean Square Displacement": 0.012735329159502751,
            "Self diffusion coefficient": 0.000424510971983425,
            "Lindemann Criterion": 0.03915976509992294,
            "Specific Heat": 3727177494.86801,
            "Internal Temperature": 42.20744606014987,
            "Cohesive Energy": 0.03774957442219883,
            "Internal Pressure": 1.9740199248468046e-06,
            "Bulk_modulus": 112.98311840062867,
            "Lattice constant": 0
        }
    ]
}