{
    "Simulation input": [
        {
            "Chemical formula": "Cu375Pd125",
            "Database": "Materials Project",
            "Potential": "EMT",
            "Integrator": "Velocity-Verlet",
            "Lattice structure": "CUB(a=18.5609)",
            "a": 18.56087764748083,
            "b": 18.56087764748083,
            "c": 18.56087764748083,
            "Alpha": 90.0,
            "Beta": 90.0,
            "Gamma": 90.0,
            "Volume": 6394.33703805079,
            "Initial Temperature": 300,
            "Run time": 1000
        }
    ],
    "Simulation output": [
        {
            "Mean Square Displacement": 0.01663924923813109,
            "Self diffusion coefficient": 0.0003466510257943977,
            "Lindemann Criterion": 0.05115569646483845,
            "Specific Heat": 167.91757738201986,
            "Internal Temperature": 151.27831705874902,
            "Cohesive Energy": 0.0048839394634443475,
            "Internal Pressure": -1.5573503690523095e-06,
            "Bulk_modulus": 137.3681392962065,
            "Lattice constant": 3.712175529496166
        }
    ]
}