{
    "Simulation input": [
        {
            "Chemical formula": "Al124Pt",
            "Database": "Materials Project",
            "Potential": "EMT",
            "Integrator": "Velocity-Verlet",
            "Lattice structure": "FCC(a=20.1946)",
            "a": 14.279773950000001,
            "b": 14.279773950000001,
            "c": 14.279773950000001,
            "Alpha": 59.99999999999999,
            "Beta": 59.99999999999999,
            "Gamma": 59.99999999999999,
            "Volume": 2058.965169334094,
            "Initial Temperature": 300,
            "Run time": 1000
        }
    ],
    "Simulation output": [
        {
            "Mean Square Displacement": 0.043235007019441295,
            "Self diffusion coefficient": 0.0009007293129050269,
            "Lindemann Criterion": 0.07714381046465923,
            "Specific Heat": 440.237132183113,
            "Internal Temperature": 149.98954553267015,
            "Cohesive Energy": 0.016294509956712767,
            "Internal Pressure": 1.8289375535893015e-06,
            "Bulk_modulus": 36.42576547164414,
            "Lattice constant": 0
        }
    ]
}