{
    "Simulation input": [
        {
            "Chemical formula": "Ag375Au125",
            "Database": "Materials Project",
            "Potential": "EMT",
            "Integrator": "Velocity-Verlet",
            "Lattice structure": "CUB(a=20.8081)",
            "a": 20.808144999999996,
            "b": 20.808144999999996,
            "c": 20.808144999999996,
            "Alpha": 90.0,
            "Beta": 90.0,
            "Gamma": 90.0,
            "Volume": 9009.487698620313,
            "Initial Temperature": 300,
            "Run time": 1000
        }
    ],
    "Simulation output": [
        {
            "Mean Square Displacement": 0.04717815216182396,
            "Self diffusion coefficient": 0.000982878170037999,
            "Lindemann Criterion": 0.0778096893791666,
            "Specific Heat": 95.8202502799363,
            "Internal Temperature": 152.8929199802369,
            "Cohesive Energy": 0.0510624854987596,
            "Internal Pressure": 2.5395505786732903e-06,
            "Bulk_modulus": 110.72450642485761,
            "Lattice constant": 0
        }
    ]
}