{
    "Simulation input": [
        {
            "Chemical formula": "Cu125Pd125",
            "Database": "Materials Project",
            "Potential": "EMT",
            "Integrator": "Velocity-Verlet",
            "Lattice structure": "CUB(a=15.0311)",
            "a": 15.031092463530662,
            "b": 15.031092463530662,
            "c": 15.031092463530662,
            "Alpha": 90.0,
            "Beta": 90.0,
            "Gamma": 90.0,
            "Volume": 3396.0309462995438,
            "Initial Temperature": 300,
            "Run time": 1000
        }
    ],
    "Simulation output": [
        {
            "Mean Square Displacement": 0.07196112814566132,
            "Self diffusion coefficient": 0.0014991901697012774,
            "Lindemann Criterion": 0.10589155079582506,
            "Specific Heat": 146.73893460501736,
            "Internal Temperature": 152.58006277355452,
            "Cohesive Energy": 0.009518823404345636,
            "Internal Pressure": 2.7251950671722185e-06,
            "Bulk_modulus": 146.10718757288134,
            "Lattice constant": 3.0062184927061324
        }
    ]
}