{
    "Simulation input": [
        {
            "Chemical formula": "AlCu499",
            "Database": "ASE",
            "Potential": "EMT_Asap_Standard_JacobsenStoltzeNorskov_1996_AlAgAuCuNiPdPt__MO_115316750986_001",
            "Integrator": "Velocity-Verlet",
            "Lattice structure": "CUB(a=18.05)",
            "a": 18.05,
            "b": 18.05,
            "c": 18.05,
            "Alpha": 90.0,
            "Beta": 90.0,
            "Gamma": 90.0,
            "Volume": 5880.735125000003,
            "Initial Temperature": 400,
            "Run time": 3000
        }
    ],
    "Simulation output": [
        {
            "Mean Square Displacement": 0.07124978714053128,
            "Self diffusion coefficient": 0.0004241058758364957,
            "Lindemann Criterion": 0.11031094998763714,
            "Specific Heat": 196.4668484024485,
            "Internal Temperature": 287.7215340192863,
            "Cohesive Energy": 3.4685621266387674,
            "Internal Pressure": -1.739564707306949e-06,
            "Bulk_modulus": 122.51874427159916,
            "Lattice constant": 3.58690945865129
        }
    ]
}