{
    "Simulation input": [
        {
            "Chemical formula": "Au375Cu125",
            "Database": "Materials Project",
            "Potential": "EMT",
            "Integrator": "Velocity-Verlet",
            "Lattice structure": "CUB(a=20.2664)",
            "a": 20.26643,
            "b": 20.26643,
            "c": 20.26643,
            "Alpha": 90.0,
            "Beta": 90.0,
            "Gamma": 90.0,
            "Volume": 8323.994009212862,
            "Initial Temperature": 20,
            "Run time": 1000
        }
    ],
    "Simulation output": [
        {
            "Mean Square Displacement": 0.002854738502229794,
            "Self diffusion coefficient": 5.9473718796454044e-05,
            "Lindemann Criterion": 0.01880163309394726,
            "Specific Heat": 76.21909528765627,
            "Internal Temperature": 10.073955598463257,
            "Cohesive Energy": 0.04604813451854991,
            "Internal Pressure": 5.159534999012751e-07,
            "Bulk_modulus": 163.34132197624268,
            "Lattice constant": 4.053286
        }
    ]
}