{
    "Simulation input": [
        {
            "Chemical formula": "Au375Ni125",
            "Database": "Materials Project",
            "Potential": "EMT",
            "Integrator": "Langevin",
            "Lattice structure": "CUB(a=20.1408)",
            "a": 20.14084,
            "b": 20.14084,
            "c": 20.14084,
            "Alpha": 90.0,
            "Beta": 90.0,
            "Gamma": 90.0,
            "Volume": 8170.200948024946,
            "Initial Temperature": 300,
            "Run time": 1000
        }
    ],
    "Simulation output": [
        {
            "Mean Square Displacement": 0.008478748433149868,
            "Self diffusion coefficient": 0.00017664059235728891,
            "Lindemann Criterion": 0.03365598064812659,
            "Specific Heat": 75377602384.84396,
            "Internal Temperature": 34.33074629078805,
            "Cohesive Energy": 0.10588253080133511,
            "Internal Pressure": 2.3186806674197732e-06,
            "Bulk_modulus": 167.9630433718436,
            "Lattice constant": 0
        }
    ]
}