{
    "Simulation input": [
        {
            "Chemical formula": "Ag499Ni",
            "Database": "ASE",
            "Potential": "EMT_Asap_Standard_JacobsenStoltzeNorskov_1996_AlAgAuCuNiPdPt__MO_115316750986_001",
            "Integrator": "Velocity-Verlet",
            "Lattice structure": "CUB(a=20.45)",
            "a": 20.45,
            "b": 20.45,
            "c": 20.45,
            "Alpha": 90.0,
            "Beta": 90.0,
            "Gamma": 90.0,
            "Volume": 8552.241125000002,
            "Initial Temperature": 400,
            "Run time": 3000
        }
    ],
    "Simulation output": [
        {
            "Mean Square Displacement": 0.05085678130282047,
            "Self diffusion coefficient": 0.0003027189363263123,
            "Lindemann Criterion": 0.08008492594901122,
            "Specific Heat": 115.71246404511477,
            "Internal Temperature": 267.3883831137641,
            "Cohesive Energy": 2.9201617027582163,
            "Internal Pressure": -4.14906583316723e-06,
            "Bulk_modulus": 93.10649743488547,
            "Lattice constant": 3.8347786021727415
        }
    ]
}