{
    "Simulation input": [
        {
            "Chemical formula": "Au375Ni125",
            "Database": "Materials Project",
            "Potential": "EMT",
            "Integrator": "Velocity-Verlet",
            "Lattice structure": "CUB(a=20.1408)",
            "a": 20.14084,
            "b": 20.14084,
            "c": 20.14084,
            "Alpha": 90.0,
            "Beta": 90.0,
            "Gamma": 90.0,
            "Volume": 8170.200948024946,
            "Initial Temperature": 300,
            "Run time": 1000
        }
    ],
    "Simulation output": [
        {
            "Mean Square Displacement": 0.04935998944288757,
            "Self diffusion coefficient": 0.001028333113393491,
            "Lindemann Criterion": 0.08205351048755825,
            "Specific Heat": 76.78846829586372,
            "Internal Temperature": 155.58608564163603,
            "Cohesive Energy": 0.12089125538887295,
            "Internal Pressure": -1.1672342058140841e-08,
            "Bulk_modulus": 165.2530472687267,
            "Lattice constant": 4.028168
        }
    ]
}