{
    "Simulation input": [
        {
            "Chemical formula": "Al499Pd",
            "Database": "ASE",
            "Potential": "EMT_Asap_Standard_JacobsenStoltzeNorskov_1996_AlAgAuCuNiPdPt__MO_115316750986_001",
            "Integrator": "Velocity-Verlet",
            "Lattice structure": "CUB(a=20.25)",
            "a": 20.25,
            "b": 20.25,
            "c": 20.25,
            "Alpha": 90.0,
            "Beta": 90.0,
            "Gamma": 90.0,
            "Volume": 8303.765624999998,
            "Initial Temperature": 500,
            "Run time": 3000
        }
    ],
    "Simulation output": [
        {
            "Mean Square Displacement": 0.14325414669848052,
            "Self diffusion coefficient": 0.0008527032541576222,
            "Lindemann Criterion": 0.13755503191372484,
            "Specific Heat": 459.473989074895,
            "Internal Temperature": 318.09599901291637,
            "Cohesive Energy": 3.236665982925276,
            "Internal Pressure": 5.108974280975915e-07,
            "Bulk_modulus": 34.81516499914334,
            "Lattice constant": 3.9156921639693607
        }
    ]
}