{
    "Simulation input": [
        {
            "Chemical formula": "AgAl124Pt375",
            "Database": "Materials Project",
            "Potential": "EMT",
            "Integrator": "Velocity-Verlet",
            "Lattice structure": "CUB(a=19.614)",
            "a": 19.61404,
            "b": 19.61404,
            "c": 19.61404,
            "Alpha": 90.0,
            "Beta": 90.0,
            "Gamma": 90.0,
            "Volume": 7545.72841271767,
            "Initial Temperature": 300,
            "Run time": 1000
        }
    ],
    "Simulation output": [
        {
            "Mean Square Displacement": 0.04741941756870171,
            "Self diffusion coefficient": 0.0009879045326812855,
            "Lindemann Criterion": 0.08068220483295338,
            "Specific Heat": 81.38821348546628,
            "Internal Temperature": 320.79099574975015,
            "Cohesive Energy": 0.10631238524769501,
            "Internal Pressure": -4.401183573467803e-05,
            "Bulk_modulus": 170.64803649947632,
            "Lattice constant": 0
        }
    ]
}