{
    "Simulation input": [
        {
            "Chemical formula": "Au375Pd125",
            "Database": "Materials Project",
            "Potential": "EMT",
            "Integrator": "Velocity-Verlet",
            "Lattice structure": "CUB(a=20.5786)",
            "a": 20.578590000000002,
            "b": 20.578590000000002,
            "c": 20.578590000000002,
            "Alpha": 90.0,
            "Beta": 90.0,
            "Gamma": 90.0,
            "Volume": 8714.587675770497,
            "Initial Temperature": 300,
            "Run time": 1000
        }
    ],
    "Simulation output": [
        {
            "Mean Square Displacement": 0.05552578824029166,
            "Self diffusion coefficient": 0.0011567872550060762,
            "Lindemann Criterion": 0.08416089309967716,
            "Specific Heat": 71.53284096415334,
            "Internal Temperature": 160.58927727280306,
            "Cohesive Energy": 0.07061198116628596,
            "Internal Pressure": -1.908626770283104e-06,
            "Bulk_modulus": 170.5893176338443,
            "Lattice constant": 0
        }
    ]
}