{
    "Simulation input": [
        {
            "Chemical formula": "Pd500",
            "Database": "ASE",
            "Potential": "EMT_Asap_Standard_JacobsenStoltzeNorskov_1996_AlAgAuCuNiPdPt__MO_115316750986_001",
            "Integrator": "Velocity-Verlet",
            "Lattice structure": "CUB(a=19.45)",
            "a": 19.45,
            "b": 19.45,
            "c": 19.45,
            "Alpha": 90.0,
            "Beta": 90.0,
            "Gamma": 90.0,
            "Volume": 7357.983625000011,
            "Initial Temperature": 400,
            "Run time": 3000
        }
    ],
    "Simulation output": [
        {
            "Mean Square Displacement": 0.022234796799098153,
            "Self diffusion coefficient": 0.00013234998094701283,
            "Lindemann Criterion": 0.05714700786213334,
            "Specific Heat": 117.1801817285846,
            "Internal Temperature": 195.9797028571687,
            "Cohesive Energy": 3.874705158590179,
            "Internal Pressure": 1.3370985374910357e-07,
            "Bulk_modulus": 176.01321837163374,
            "Lattice constant": 3.7486362256057384
        }
    ]
}