{
    "Simulation input": [
        {
            "Chemical formula": "Cu124",
            "Database": "Materials Project",
            "Potential": "EMT",
            "Integrator": "Velocity-Verlet",
            "Lattice structure": "FCC(a=18.1063)",
            "a": 12.8030946,
            "b": 12.8030946,
            "c": 12.8030946,
            "Alpha": 60.00000000000001,
            "Beta": 60.00000000000001,
            "Gamma": 60.00000000000001,
            "Volume": 1483.9862107102726,
            "Initial Temperature": 300,
            "Run time": 1000
        }
    ],
    "Simulation output": [
        {
            "Mean Square Displacement": 0.05768245322309111,
            "Self diffusion coefficient": 0.0012017177754810647,
            "Lindemann Criterion": 0.10112787699714638,
            "Specific Heat": 196.24074987002135,
            "Internal Temperature": 522.3689922529841,
            "Cohesive Energy": 0.07744338156805225,
            "Internal Pressure": 7.043449117365503e-08,
            "Bulk_modulus": 119.94786828150589,
            "Lattice constant": 0
        }
    ]
}