{
    "Simulation input": [
        {
            "Chemical formula": "Ag499Pt",
            "Database": "ASE",
            "Potential": "EMT_Asap_Standard_JacobsenStoltzeNorskov_1996_AlAgAuCuNiPdPt__MO_115316750986_001",
            "Integrator": "Velocity-Verlet",
            "Lattice structure": "CUB(a=20.45)",
            "a": 20.45,
            "b": 20.45,
            "c": 20.45,
            "Alpha": 90.0,
            "Beta": 90.0,
            "Gamma": 90.0,
            "Volume": 8552.241125000002,
            "Initial Temperature": 800,
            "Run time": 3000
        }
    ],
    "Simulation output": [
        {
            "Mean Square Displacement": 0.14324131116616895,
            "Self diffusion coefficient": 0.0008526268521795771,
            "Lindemann Criterion": 0.13683614212356984,
            "Specific Heat": 115.42031839547215,
            "Internal Temperature": 593.4588460461115,
            "Cohesive Energy": 2.8818156817111835,
            "Internal Pressure": -5.876627409289199e-06,
            "Bulk_modulus": 89.80073295761986,
            "Lattice constant": 3.8347786021727415
        }
    ]
}