{
    "Simulation input": [
        {
            "Chemical formula": "Au499Pd",
            "Database": "ASE",
            "Potential": "EMT_Asap_Standard_JacobsenStoltzeNorskov_1996_AlAgAuCuNiPdPt__MO_115316750986_001",
            "Integrator": "Velocity-Verlet",
            "Lattice structure": "CUB(a=20.4)",
            "a": 20.4,
            "b": 20.4,
            "c": 20.4,
            "Alpha": 90.0,
            "Beta": 90.0,
            "Gamma": 90.0,
            "Volume": 8489.664,
            "Initial Temperature": 1300,
            "Run time": 3000
        }
    ],
    "Simulation output": [
        {
            "Mean Square Displacement": 0.19402308112301664,
            "Self diffusion coefficient": 0.0011548992923989085,
            "Lindemann Criterion": 0.16634147018626697,
            "Specific Heat": 63.370098250052706,
            "Internal Temperature": 830.4595735188681,
            "Cohesive Energy": 3.692245166373671,
            "Internal Pressure": -2.1990868529834226e-06,
            "Bulk_modulus": 160.55282110994895,
            "Lattice constant": 3.8073118842989633
        }
    ]
}