{
    "Simulation input": [
        {
            "Chemical formula": "AgAl499",
            "Database": "ASE",
            "Potential": "EMT_Asap_Standard_JacobsenStoltzeNorskov_1996_AlAgAuCuNiPdPt__MO_115316750986_001",
            "Integrator": "Velocity-Verlet",
            "Lattice structure": "CUB(a=20.25)",
            "a": 20.25,
            "b": 20.25,
            "c": 20.25,
            "Alpha": 90.0,
            "Beta": 90.0,
            "Gamma": 90.0,
            "Volume": 8303.765624999998,
            "Initial Temperature": 1300,
            "Run time": 3000
        }
    ],
    "Simulation output": [
        {
            "Mean Square Displacement": 0.3786724039523412,
            "Self diffusion coefficient": 0.0022540024044782215,
            "Lindemann Criterion": 0.24012355434335095,
            "Specific Heat": 459.4249596687126,
            "Internal Temperature": 682.9607859347202,
            "Cohesive Energy": 3.186486353205771,
            "Internal Pressure": -9.523558815720571e-07,
            "Bulk_modulus": 33.354521074447405,
            "Lattice constant": 3.9156921639693607
        }
    ]
}