{
    "Simulation input": [
        {
            "Chemical formula": "Al124Cu",
            "Database": "Materials Project",
            "Potential": "EMT",
            "Integrator": "Velocity-Verlet",
            "Lattice structure": "FCC(a=20.1946)",
            "a": 14.279773950000001,
            "b": 14.279773950000001,
            "c": 14.279773950000001,
            "Alpha": 59.99999999999999,
            "Beta": 59.99999999999999,
            "Gamma": 59.99999999999999,
            "Volume": 2058.965169334094,
            "Initial Temperature": 300,
            "Run time": 1000
        }
    ],
    "Simulation output": [
        {
            "Mean Square Displacement": 0.03420101254037213,
            "Self diffusion coefficient": 0.0007125210945910861,
            "Lindemann Criterion": 0.06805875458428695,
            "Specific Heat": 457.22262669084694,
            "Internal Temperature": 148.2260670639172,
            "Cohesive Energy": 0.019081237362558942,
            "Internal Pressure": 1.748294709042452e-06,
            "Bulk_modulus": 35.746805397084124,
            "Lattice constant": 0
        }
    ]
}