{
    "Simulation input": [
        {
            "Chemical formula": "AgAl499",
            "Database": "ASE",
            "Potential": "EMT_Asap_Standard_JacobsenStoltzeNorskov_1996_AlAgAuCuNiPdPt__MO_115316750986_001",
            "Integrator": "Velocity-Verlet",
            "Lattice structure": "CUB(a=20.25)",
            "a": 20.25,
            "b": 20.25,
            "c": 20.25,
            "Alpha": 90.0,
            "Beta": 90.0,
            "Gamma": 90.0,
            "Volume": 8303.765624999998,
            "Initial Temperature": 1000,
            "Run time": 3000
        }
    ],
    "Simulation output": [
        {
            "Mean Square Displacement": 0.26779667772153437,
            "Self diffusion coefficient": 0.0015940278435805618,
            "Lindemann Criterion": 0.19268046300272712,
            "Specific Heat": 459.42495966867483,
            "Internal Temperature": 564.2573546534408,
            "Cohesive Energy": 3.2026725029215766,
            "Internal Pressure": 2.6328455053691926e-07,
            "Bulk_modulus": 33.81218449976999,
            "Lattice constant": 3.9156921639693607
        }
    ]
}