{
    "Simulation input": [
        {
            "Chemical formula": "Au125Cu374Pd",
            "Database": "Materials Project",
            "Potential": "EMT",
            "Integrator": "Velocity-Verlet",
            "Lattice structure": "CUB(a=18.8696)",
            "a": 18.869575,
            "b": 18.869575,
            "c": 18.869575,
            "Alpha": 90.0,
            "Beta": 90.0,
            "Gamma": 90.0,
            "Volume": 6718.717115177602,
            "Initial Temperature": 300,
            "Run time": 1000
        }
    ],
    "Simulation output": [
        {
            "Mean Square Displacement": 0.060173655372625014,
            "Self diffusion coefficient": 0.0012536178202630212,
            "Lindemann Criterion": 0.10074730063288082,
            "Specific Heat": 128.57732517608105,
            "Internal Temperature": 287.7609738185323,
            "Cohesive Energy": 0.04108315372676928,
            "Internal Pressure": -1.4840849723446327e-05,
            "Bulk_modulus": 131.58751270044937,
            "Lattice constant": 0
        }
    ]
}