{
    "Simulation input": [
        {
            "Chemical formula": "Ag124AlAu375",
            "Database": "Materials Project",
            "Potential": "EMT",
            "Integrator": "Velocity-Verlet",
            "Lattice structure": "CUB(a=20.8511)",
            "a": 20.851065000000002,
            "b": 20.851065000000002,
            "c": 20.851065000000002,
            "Alpha": 90.0,
            "Beta": 90.0,
            "Gamma": 90.0,
            "Volume": 9065.353134334478,
            "Initial Temperature": 300,
            "Run time": 1000
        }
    ],
    "Simulation output": [
        {
            "Mean Square Displacement": 0.05551973063809908,
            "Self diffusion coefficient": 0.0011566610549603974,
            "Lindemann Criterion": 0.08295851459846335,
            "Specific Heat": 71.45075568898423,
            "Internal Temperature": 147.16361048643265,
            "Cohesive Energy": 0.06653412360994258,
            "Internal Pressure": -3.4687387732450588e-06,
            "Bulk_modulus": 149.41844247460722,
            "Lattice constant": 4.170213
        }
    ]
}