{
    "Simulation input": [
        {
            "Chemical formula": "AgCu124",
            "Database": "Materials Project",
            "Potential": "EMT",
            "Integrator": "Velocity-Verlet",
            "Lattice structure": "FCC(a=18.1063)",
            "a": 12.8030946,
            "b": 12.8030946,
            "c": 12.8030946,
            "Alpha": 60.00000000000001,
            "Beta": 60.00000000000001,
            "Gamma": 60.00000000000001,
            "Volume": 1483.9862107102726,
            "Initial Temperature": 300,
            "Run time": 1000
        }
    ],
    "Simulation output": [
        {
            "Mean Square Displacement": 0.01745515708674202,
            "Self diffusion coefficient": 0.00036364910597379204,
            "Lindemann Criterion": 0.054271292266841124,
            "Specific Heat": 195.15183060966356,
            "Internal Temperature": 140.62103751716955,
            "Cohesive Energy": 0.014854048284926211,
            "Internal Pressure": 7.605084062656845e-08,
            "Bulk_modulus": 125.12772638133586,
            "Lattice constant": 0
        }
    ]
}