{
    "Simulation input": [
        {
            "Chemical formula": "AlNi374Pt125",
            "Database": "Materials Project",
            "Potential": "EMT",
            "Integrator": "Velocity-Verlet",
            "Lattice structure": "CUB(a=18.2425)",
            "a": 18.24251,
            "b": 18.24251,
            "c": 18.24251,
            "Alpha": 90.0,
            "Beta": 90.0,
            "Gamma": 90.0,
            "Volume": 6070.909781685288,
            "Initial Temperature": 300,
            "Run time": 1000
        }
    ],
    "Simulation output": [
        {
            "Mean Square Displacement": 0.021494316081686365,
            "Self diffusion coefficient": 0.0004477982517017993,
            "Lindemann Criterion": 0.0600568101698268,
            "Specific Heat": 134.48327565623998,
            "Internal Temperature": 234.5005077632894,
            "Cohesive Energy": 0.06457871276681633,
            "Internal Pressure": 4.376133702046865e-06,
            "Bulk_modulus": 182.26651918205903,
            "Lattice constant": 3.648502
        }
    ]
}