{
    "Simulation input": [
        {
            "Chemical formula": "AuNi499",
            "Database": "ASE",
            "Potential": "EMT_Asap_Standard_JacobsenStoltzeNorskov_1996_AlAgAuCuNiPdPt__MO_115316750986_001",
            "Integrator": "Velocity-Verlet",
            "Lattice structure": "CUB(a=17.6)",
            "a": 17.6,
            "b": 17.6,
            "c": 17.6,
            "Alpha": 90.0,
            "Beta": 90.0,
            "Gamma": 90.0,
            "Volume": 5451.776,
            "Initial Temperature": 1300,
            "Run time": 3000
        }
    ],
    "Simulation output": [
        {
            "Mean Square Displacement": 0.10708443560961871,
            "Self diffusion coefficient": 0.000637407354819159,
            "Lindemann Criterion": 0.14125356888974921,
            "Specific Heat": 211.46898910302608,
            "Internal Temperature": 902.1151002992968,
            "Cohesive Energy": 4.31852190755509,
            "Internal Pressure": 7.168331288642084e-06,
            "Bulk_modulus": 158.13792718085122,
            "Lattice constant": 3.4914114204442335
        }
    ]
}