{
    "Simulation input": [
        {
            "Chemical formula": "Ag375Pt125",
            "Database": "Materials Project",
            "Potential": "EMT",
            "Integrator": "Velocity-Verlet",
            "Lattice structure": "CUB(a=20.52)",
            "a": 20.52002,
            "b": 20.52002,
            "c": 20.52002,
            "Alpha": 90.0,
            "Beta": 90.0,
            "Gamma": 90.0,
            "Volume": 8640.389872248625,
            "Initial Temperature": 300,
            "Run time": 1000
        }
    ],
    "Simulation output": [
        {
            "Mean Square Displacement": 0.04399246003742877,
            "Self diffusion coefficient": 0.0009165095841130994,
            "Lindemann Criterion": 0.07530777839909981,
            "Specific Heat": 96.16802779701382,
            "Internal Temperature": 152.08557445548595,
            "Cohesive Energy": 0.08750060458125207,
            "Internal Pressure": 3.267375517509781e-07,
            "Bulk_modulus": 128.28040458400417,
            "Lattice constant": 0
        }
    ]
}