{
    "Simulation input": [
        {
            "Chemical formula": "Au499Pt",
            "Database": "ASE",
            "Potential": "EMT_Asap_Standard_JacobsenStoltzeNorskov_1996_AlAgAuCuNiPdPt__MO_115316750986_001",
            "Integrator": "Velocity-Verlet",
            "Lattice structure": "CUB(a=20.4)",
            "a": 20.4,
            "b": 20.4,
            "c": 20.4,
            "Alpha": 90.0,
            "Beta": 90.0,
            "Gamma": 90.0,
            "Volume": 8489.664,
            "Initial Temperature": 600,
            "Run time": 3000
        }
    ],
    "Simulation output": [
        {
            "Mean Square Displacement": 0.13477137707996245,
            "Self diffusion coefficient": 0.0008022105778569194,
            "Lindemann Criterion": 0.14481810926640384,
            "Specific Heat": 63.31304538238942,
            "Internal Temperature": 504.31335184218267,
            "Cohesive Energy": 3.7330620227931224,
            "Internal Pressure": -5.428208138915988e-07,
            "Bulk_modulus": 166.92094067766476,
            "Lattice constant": 3.8073118842989633
        }
    ]
}