{
    "Simulation input": [
        {
            "Chemical formula": "Au375Pd125",
            "Database": "Materials Project",
            "Potential": "EMT",
            "Integrator": "Langevin",
            "Lattice structure": "CUB(a=20.5786)",
            "a": 20.578590000000002,
            "b": 20.578590000000002,
            "c": 20.578590000000002,
            "Alpha": 90.0,
            "Beta": 90.0,
            "Gamma": 90.0,
            "Volume": 8714.587675770497,
            "Initial Temperature": 300,
            "Run time": 1000
        }
    ],
    "Simulation output": [
        {
            "Mean Square Displacement": 0.009627346897464936,
            "Self diffusion coefficient": 0.0002005697270305195,
            "Lindemann Criterion": 0.03469363535857061,
            "Specific Heat": 20084318158.242695,
            "Internal Temperature": 34.756749964442,
            "Cohesive Energy": 0.055842740718709774,
            "Internal Pressure": -2.7268449251385933e-07,
            "Bulk_modulus": 174.29107216318457,
            "Lattice constant": 0
        }
    ]
}