{
    "Simulation input": [
        {
            "Chemical formula": "AgAu499",
            "Database": "ASE",
            "Potential": "EMT_Asap_Standard_JacobsenStoltzeNorskov_1996_AlAgAuCuNiPdPt__MO_115316750986_001",
            "Integrator": "Velocity-Verlet",
            "Lattice structure": "CUB(a=20.4)",
            "a": 20.4,
            "b": 20.4,
            "c": 20.4,
            "Alpha": 90.0,
            "Beta": 90.0,
            "Gamma": 90.0,
            "Volume": 8489.664,
            "Initial Temperature": 600,
            "Run time": 3000
        }
    ],
    "Simulation output": [
        {
            "Mean Square Displacement": 0.0889907644577539,
            "Self diffusion coefficient": 0.0005297069312961541,
            "Lindemann Criterion": 0.11342572962067853,
            "Specific Heat": 63.369165546820106,
            "Internal Temperature": 422.26704063799707,
            "Cohesive Energy": 3.7371013356203506,
            "Internal Pressure": -1.7424960588072975e-06,
            "Bulk_modulus": 167.6173433797988,
            "Lattice constant": 3.8073118842989633
        }
    ]
}