{
    "Simulation input": [
        {
            "Chemical formula": "Al1999AuCu4500",
            "Database": "Materials Project",
            "Potential": "EMT",
            "Integrator": "Velocity-Verlet",
            "Lattice structure": "CUB(a=43.5073)",
            "a": 43.50731,
            "b": 43.50731,
            "c": 43.50731,
            "Alpha": 90.0,
            "Beta": 90.0,
            "Gamma": 90.0,
            "Volume": 82354.37901630164,
            "Initial Temperature": 300,
            "Run time": 1000
        }
    ],
    "Simulation output": [
        {
            "Mean Square Displacement": 0.11842112645683338,
            "Self diffusion coefficient": 0.0024671068011840286,
            "Lindemann Criterion": 0.14165765710154646,
            "Specific Heat": 238.33994628014702,
            "Internal Temperature": 204.63071248914355,
            "Cohesive Energy": 0.17476501892230684,
            "Internal Pressure": -2.6914040546202685e-06,
            "Bulk_modulus": 77.98781808990852,
            "Lattice constant": 0
        }
    ]
}