{
    "Simulation input": [
        {
            "Chemical formula": "Ag499Pd",
            "Database": "ASE",
            "Potential": "EMT_Asap_Standard_JacobsenStoltzeNorskov_1996_AlAgAuCuNiPdPt__MO_115316750986_001",
            "Integrator": "Velocity-Verlet",
            "Lattice structure": "CUB(a=20.45)",
            "a": 20.45,
            "b": 20.45,
            "c": 20.45,
            "Alpha": 90.0,
            "Beta": 90.0,
            "Gamma": 90.0,
            "Volume": 8552.241125000002,
            "Initial Temperature": 300,
            "Run time": 3000
        }
    ],
    "Simulation output": [
        {
            "Mean Square Displacement": 0.0640073810721131,
            "Self diffusion coefficient": 0.0003809963159054351,
            "Lindemann Criterion": 0.09291809321196837,
            "Specific Heat": 115.61006666055408,
            "Internal Temperature": 268.8517564063977,
            "Cohesive Energy": 2.9186958458308445,
            "Internal Pressure": -5.789982286792126e-06,
            "Bulk_modulus": 93.18949844767027,
            "Lattice constant": 3.8347786021727415
        }
    ]
}