{
    "Simulation input": [
        {
            "Chemical formula": "Ag124Au375",
            "Database": "Materials Project",
            "Potential": "EMT",
            "Integrator": "Velocity-Verlet",
            "Lattice structure": "CUB(a=20.8511)",
            "a": 20.851065000000002,
            "b": 20.851065000000002,
            "c": 20.851065000000002,
            "Alpha": 90.0,
            "Beta": 90.0,
            "Gamma": 90.0,
            "Volume": 9065.353134334478,
            "Initial Temperature": 300,
            "Run time": 1000
        }
    ],
    "Simulation output": [
        {
            "Mean Square Displacement": 0.10429276504539325,
            "Self diffusion coefficient": 0.002172765938445693,
            "Lindemann Criterion": 0.11609566422404963,
            "Specific Heat": 71.32990870656113,
            "Internal Temperature": 313.89360673557115,
            "Cohesive Energy": 0.08757362921491325,
            "Internal Pressure": 4.830786413477645e-07,
            "Bulk_modulus": 144.3138451571873,
            "Lattice constant": 0
        }
    ]
}