{
    "Simulation input": [
        {
            "Chemical formula": "Au124Pd",
            "Database": "Materials Project",
            "Potential": "EMT",
            "Integrator": "Velocity-Verlet",
            "Lattice structure": "FCC(a=16.6852)",
            "a": 11.798184120000002,
            "b": 11.798184120000002,
            "c": 11.79818412,
            "Alpha": 59.99999999999999,
            "Beta": 59.99999999999999,
            "Gamma": 60.00000000000001,
            "Volume": 1161.2627901639548,
            "Initial Temperature": 300,
            "Run time": 1000
        }
    ],
    "Simulation output": [
        {
            "Mean Square Displacement": 0.06585158832593567,
            "Self diffusion coefficient": 0.0013719080901236599,
            "Lindemann Criterion": 0.09143834053279895,
            "Specific Heat": 63.54553160402078,
            "Internal Temperature": 150.23455461906286,
            "Cohesive Energy": 0.07678883794025311,
            "Internal Pressure": -3.0339685278457035e-06,
            "Bulk_modulus": null,
            "Lattice constant": 0
        }
    ]
}