{
    "Simulation input": [
        {
            "Chemical formula": "Au500",
            "Database": "ASE",
            "Potential": "EMT_Asap_Standard_JacobsenStoltzeNorskov_1996_AlAgAuCuNiPdPt__MO_115316750986_001",
            "Integrator": "Velocity-Verlet",
            "Lattice structure": "CUB(a=20.4)",
            "a": 20.4,
            "b": 20.4,
            "c": 20.4,
            "Alpha": 90.0,
            "Beta": 90.0,
            "Gamma": 90.0,
            "Volume": 8489.664,
            "Initial Temperature": 300,
            "Run time": 3000
        }
    ],
    "Simulation output": [
        {
            "Mean Square Displacement": 0.0734537646130862,
            "Self diffusion coefficient": 0.00043722478936360833,
            "Lindemann Criterion": 0.10041601781231964,
            "Specific Heat": 63.3118351143011,
            "Internal Temperature": 315.2986256632106,
            "Cohesive Energy": 3.751397153962761,
            "Internal Pressure": -1.5858750243484174e-06,
            "Bulk_modulus": 170.13869765376452,
            "Lattice constant": 3.8073118842989633
        }
    ]
}