{
    "Simulation input": [
        {
            "Chemical formula": "Al124",
            "Database": "Materials Project",
            "Potential": "EMT",
            "Integrator": "Velocity-Verlet",
            "Lattice structure": "FCC(a=20.1946)",
            "a": 14.279773950000001,
            "b": 14.279773950000001,
            "c": 14.279773950000001,
            "Alpha": 59.99999999999999,
            "Beta": 59.99999999999999,
            "Gamma": 59.99999999999999,
            "Volume": 2058.965169334094,
            "Initial Temperature": 300,
            "Run time": 1000
        }
    ],
    "Simulation output": [
        {
            "Mean Square Displacement": 0.08157935379994641,
            "Self diffusion coefficient": 0.0016995698708322168,
            "Lindemann Criterion": 0.11034058122448659,
            "Specific Heat": 462.17952664326714,
            "Internal Temperature": 315.0524433857441,
            "Cohesive Energy": 0.045384902042465744,
            "Internal Pressure": -9.885514312622656e-07,
            "Bulk_modulus": 34.64845853274264,
            "Lattice constant": 2.85595479
        }
    ]
}