{
    "Simulation input": [
        {
            "Chemical formula": "AlAu499",
            "Database": "ASE",
            "Potential": "EMT_Asap_Standard_JacobsenStoltzeNorskov_1996_AlAgAuCuNiPdPt__MO_115316750986_001",
            "Integrator": "Velocity-Verlet",
            "Lattice structure": "CUB(a=20.4)",
            "a": 20.4,
            "b": 20.4,
            "c": 20.4,
            "Alpha": 90.0,
            "Beta": 90.0,
            "Gamma": 90.0,
            "Volume": 8489.664,
            "Initial Temperature": 700,
            "Run time": 3000
        }
    ],
    "Simulation output": [
        {
            "Mean Square Displacement": 0.09000550160902415,
            "Self diffusion coefficient": 0.0005357470333870485,
            "Lindemann Criterion": 0.10864017324939795,
            "Specific Heat": 63.42130213740519,
            "Internal Temperature": 387.48125479655766,
            "Cohesive Energy": 3.7429674017230616,
            "Internal Pressure": -1.3150301403877752e-07,
            "Bulk_modulus": 167.76204612539746,
            "Lattice constant": 3.8073118842989633
        }
    ]
}