{
    "Simulation input": [
        {
            "Chemical formula": "AgCu499",
            "Database": "ASE",
            "Potential": "EMT_Asap_Standard_JacobsenStoltzeNorskov_1996_AlAgAuCuNiPdPt__MO_115316750986_001",
            "Integrator": "Velocity-Verlet",
            "Lattice structure": "CUB(a=18.05)",
            "a": 18.05,
            "b": 18.05,
            "c": 18.05,
            "Alpha": 90.0,
            "Beta": 90.0,
            "Gamma": 90.0,
            "Volume": 5880.735125000003,
            "Initial Temperature": 600,
            "Run time": 3000
        }
    ],
    "Simulation output": [
        {
            "Mean Square Displacement": 0.11741836491813529,
            "Self diffusion coefficient": 0.0006989188387984244,
            "Lindemann Criterion": 0.13722754616623223,
            "Specific Heat": 195.96738627419856,
            "Internal Temperature": 537.0648249820613,
            "Cohesive Energy": 3.4358530163981635,
            "Internal Pressure": 1.624986672544416e-06,
            "Bulk_modulus": 119.84593058640132,
            "Lattice constant": 3.58690945865129
        }
    ]
}