{
    "Simulation input": [
        {
            "Chemical formula": "Al500Pd500",
            "Database": "Materials Project",
            "Potential": "EMT",
            "Integrator": "Velocity-Verlet",
            "Lattice structure": "CUB(a=25.6599)",
            "a": 25.659875365428558,
            "b": 25.659875365428558,
            "c": 25.659875365428558,
            "Alpha": 90.0,
            "Beta": 90.0,
            "Gamma": 90.0,
            "Volume": 16895.211305679313,
            "Initial Temperature": 300,
            "Run time": 1000
        }
    ],
    "Simulation output": [
        {
            "Mean Square Displacement": 0.9889254355567585,
            "Self diffusion coefficient": 0.020602613240765802,
            "Lindemann Criterion": 0.3913137737179722,
            "Specific Heat": 186.95908723115625,
            "Internal Temperature": 447.99050269885294,
            "Cohesive Energy": 0.17818876784648938,
            "Internal Pressure": 1.1020327909563184e-07,
            "Bulk_modulus": 70.9450952339246,
            "Lattice constant": 5.131975073085711
        }
    ]
}