{
    "Simulation input": [
        {
            "Chemical formula": "Pd500",
            "Database": "ASE",
            "Potential": "EMT_Asap_Standard_JacobsenStoltzeNorskov_1996_AlAgAuCuNiPdPt__MO_115316750986_001",
            "Integrator": "Velocity-Verlet",
            "Lattice structure": "CUB(a=19.45)",
            "a": 19.45,
            "b": 19.45,
            "c": 19.45,
            "Alpha": 90.0,
            "Beta": 90.0,
            "Gamma": 90.0,
            "Volume": 7357.983625000011,
            "Initial Temperature": 700,
            "Run time": 3000
        }
    ],
    "Simulation output": [
        {
            "Mean Square Displacement": 0.04401010311492244,
            "Self diffusion coefficient": 0.00026196489949358595,
            "Lindemann Criterion": 0.08135577981665468,
            "Specific Heat": 117.18018172858254,
            "Internal Temperature": 350.57553854510496,
            "Cohesive Energy": 3.8554353223335616,
            "Internal Pressure": 2.707489790442532e-07,
            "Bulk_modulus": 173.34721085304406,
            "Lattice constant": 3.7486362256057384
        }
    ]
}