{
    "Simulation input": [
        {
            "Chemical formula": "Al124Cu",
            "Database": "Materials Project",
            "Potential": "EMT",
            "Integrator": "Velocity-Verlet",
            "Lattice structure": "FCC(a=20.1946)",
            "a": 14.279773950000001,
            "b": 14.279773950000001,
            "c": 14.279773950000001,
            "Alpha": 59.99999999999999,
            "Beta": 59.99999999999999,
            "Gamma": 59.99999999999999,
            "Volume": 2058.965169334094,
            "Initial Temperature": 300,
            "Run time": 1000
        }
    ],
    "Simulation output": [
        {
            "Mean Square Displacement": 0.04224983133524296,
            "Self diffusion coefficient": 0.0008802048194842283,
            "Lindemann Criterion": 0.07634646298303532,
            "Specific Heat": 457.2226266589462,
            "Internal Temperature": 149.3074708569262,
            "Cohesive Energy": 0.019121005683427315,
            "Internal Pressure": 5.019401764875447e-07,
            "Bulk_modulus": 35.76937549543298,
            "Lattice constant": 0
        }
    ]
}