{
    "Simulation input": [
        {
            "Chemical formula": "Ag125Al374Cu",
            "Database": "Materials Project",
            "Potential": "EMT",
            "Integrator": "Velocity-Verlet",
            "Lattice structure": "CUB(a=20.4076)",
            "a": 20.407565,
            "b": 20.407565,
            "c": 20.407565,
            "Alpha": 90.0,
            "Beta": 90.0,
            "Gamma": 90.0,
            "Volume": 8499.11225406152,
            "Initial Temperature": 300,
            "Run time": 1000
        }
    ],
    "Simulation output": [
        {
            "Mean Square Displacement": 0.04350494801024954,
            "Self diffusion coefficient": 0.0009063530835468654,
            "Lindemann Criterion": 0.07603873045262967,
            "Specific Heat": 263.77500511265424,
            "Internal Temperature": 182.40985117858168,
            "Cohesive Energy": 0.0011017092794637323,
            "Internal Pressure": -8.478479447214343e-07,
            "Bulk_modulus": 46.337860131636745,
            "Lattice constant": 4.081513
        }
    ]
}