{
    "Simulation input": [
        {
            "Chemical formula": "CuPt499",
            "Database": "ASE",
            "Potential": "EMT_Asap_Standard_JacobsenStoltzeNorskov_1996_AlAgAuCuNiPdPt__MO_115316750986_001",
            "Integrator": "Velocity-Verlet",
            "Lattice structure": "CUB(a=19.6)",
            "a": 19.6,
            "b": 19.6,
            "c": 19.6,
            "Alpha": 90.0,
            "Beta": 90.0,
            "Gamma": 90.0,
            "Volume": 7529.536000000013,
            "Initial Temperature": 1100,
            "Run time": 3000
        }
    ],
    "Simulation output": [
        {
            "Mean Square Displacement": 0.07084377300039099,
            "Self diffusion coefficient": 0.00042168912500232733,
            "Lindemann Criterion": 0.10517032579307993,
            "Specific Heat": 64.00911505562637,
            "Internal Temperature": 641.52553443267,
            "Cohesive Energy": 5.75797115297071,
            "Internal Pressure": -5.3613038330146796e-06,
            "Bulk_modulus": 266.3803601557341,
            "Lattice constant": 3.763694624804003
        }
    ]
}