{
    "Simulation input": [
        {
            "Chemical formula": "Al10499CuPt2500",
            "Database": "Materials Project",
            "Potential": "EMT",
            "Integrator": "Velocity-Verlet",
            "Lattice structure": "FCC(a=94.5362)",
            "a": 66.84715275,
            "b": 66.84715275,
            "c": 66.84715274999999,
            "Alpha": 59.999999999999986,
            "Beta": 59.999999999999986,
            "Gamma": 59.99999999999999,
            "Volume": 211219.37045405942,
            "Initial Temperature": 300,
            "Run time": 1000
        }
    ],
    "Simulation output": [
        {
            "Mean Square Displacement": 0.18326772028365632,
            "Self diffusion coefficient": 0.0038180775059095066,
            "Lindemann Criterion": 0.16683947411095743,
            "Specific Heat": 210.2503373586255,
            "Internal Temperature": 378.16307060062206,
            "Cohesive Energy": 0.0951955985128635,
            "Internal Pressure": 3.901052505068983e-07,
            "Bulk_modulus": 55.42824225326773,
            "Lattice constant": 0
        }
    ]
}