{
    "Simulation input": [
        {
            "Chemical formula": "Ag125Pt375",
            "Database": "Materials Project",
            "Potential": "EMT",
            "Integrator": "Langevin",
            "Lattice structure": "CUB(a=20.0342)",
            "a": 20.03422,
            "b": 20.03422,
            "c": 20.03422,
            "Alpha": 90.0,
            "Beta": 90.0,
            "Gamma": 90.0,
            "Volume": 8041.134300575908,
            "Initial Temperature": 300,
            "Run time": 1000
        }
    ],
    "Simulation output": [
        {
            "Mean Square Displacement": 0.005086578173495514,
            "Self diffusion coefficient": 0.00010597037861448989,
            "Lindemann Criterion": 0.02572602752022566,
            "Specific Heat": 29020907620.948402,
            "Internal Temperature": 33.70171495464638,
            "Cohesive Energy": 0.0654563114963057,
            "Internal Pressure": 8.671507867942045e-07,
            "Bulk_modulus": 221.16851146432342,
            "Lattice constant": 4.006844
        }
    ]
}