{
    "Simulation input": [
        {
            "Chemical formula": "Al249Au125Pt",
            "Database": "Materials Project",
            "Potential": "EMT",
            "Integrator": "Velocity-Verlet",
            "Lattice structure": "FCC(a=30.3168)",
            "a": 21.4372007,
            "b": 21.4372007,
            "c": 21.437200699999998,
            "Alpha": 59.999999999999986,
            "Beta": 59.999999999999986,
            "Gamma": 59.99999999999999,
            "Volume": 6966.092291278917,
            "Initial Temperature": 300,
            "Run time": 1000
        }
    ],
    "Simulation output": [
        {
            "Mean Square Displacement": 3.259448952047589,
            "Self diffusion coefficient": 0.06790518650099144,
            "Lindemann Criterion": 0.7532782883775213,
            "Specific Heat": 148.29461483155157,
            "Internal Temperature": 830.7342985258656,
            "Cohesive Energy": 0.2460296402756636,
            "Internal Pressure": 8.34463472802127e-06,
            "Bulk_modulus": 52.563990714239516,
            "Lattice constant": 0
        }
    ]
}