{
    "Simulation input": [
        {
            "Chemical formula": "Au500",
            "Database": "ASE",
            "Potential": "EMT_Asap_Standard_JacobsenStoltzeNorskov_1996_AlAgAuCuNiPdPt__MO_115316750986_001",
            "Integrator": "Velocity-Verlet",
            "Lattice structure": "CUB(a=20.4)",
            "a": 20.4,
            "b": 20.4,
            "c": 20.4,
            "Alpha": 90.0,
            "Beta": 90.0,
            "Gamma": 90.0,
            "Volume": 8489.664,
            "Initial Temperature": 1200,
            "Run time": 3000
        }
    ],
    "Simulation output": [
        {
            "Mean Square Displacement": 0.13101274425464193,
            "Self diffusion coefficient": 0.0007798377634204877,
            "Lindemann Criterion": 0.13304518580132793,
            "Specific Heat": 63.31183511430191,
            "Internal Temperature": 595.1132338251861,
            "Cohesive Energy": 3.7259773066064166,
            "Internal Pressure": -6.124693796590888e-07,
            "Bulk_modulus": 166.21840262249808,
            "Lattice constant": 3.8073118842991214
        }
    ]
}