{
    "Simulation input": [
        {
            "Chemical formula": "Al124Pd375Pt",
            "Database": "Materials Project",
            "Potential": "EMT",
            "Integrator": "Velocity-Verlet",
            "Lattice structure": "CUB(a=19.5469)",
            "a": 19.54693,
            "b": 19.54693,
            "c": 19.54693,
            "Alpha": 90.0,
            "Beta": 90.0,
            "Gamma": 90.0,
            "Volume": 7468.539342716455,
            "Initial Temperature": 300,
            "Run time": 1000
        }
    ],
    "Simulation output": [
        {
            "Mean Square Displacement": 0.10902464435898761,
            "Self diffusion coefficient": 0.0022713467574789086,
            "Lindemann Criterion": 0.12394261722253054,
            "Specific Heat": 143.50752993269143,
            "Internal Temperature": 383.7371682392483,
            "Cohesive Energy": 0.10156191549675953,
            "Internal Pressure": -1.5967158842282865e-06,
            "Bulk_modulus": 112.28919741356162,
            "Lattice constant": 3.909386
        }
    ]
}