{
    "Simulation input": [
        {
            "Chemical formula": "AgCu374Pt125",
            "Database": "Materials Project",
            "Potential": "EMT",
            "Integrator": "Velocity-Verlet",
            "Lattice structure": "CUB(a=18.6144)",
            "a": 18.614425,
            "b": 18.614425,
            "c": 18.614425,
            "Alpha": 90.0,
            "Beta": 90.0,
            "Gamma": 90.0,
            "Volume": 6449.83903290044,
            "Initial Temperature": 300,
            "Run time": 1000
        }
    ],
    "Simulation output": [
        {
            "Mean Square Displacement": 0.0628291966733287,
            "Self diffusion coefficient": 0.0013089415973610147,
            "Lindemann Criterion": 0.10284025602847773,
            "Specific Heat": 129.20042964394037,
            "Internal Temperature": 301.17149058960877,
            "Cohesive Energy": 0.04303716762355615,
            "Internal Pressure": -8.232505125666857e-06,
            "Bulk_modulus": 156.29959814008987,
            "Lattice constant": 0
        }
    ]
}