{
    "Simulation input": [
        {
            "Chemical formula": "Au125",
            "Database": "Materials Project",
            "Potential": "EMT",
            "Integrator": "Velocity-Verlet",
            "Lattice structure": "FCC(a=16.6852)",
            "a": 11.798184120000002,
            "b": 11.798184120000002,
            "c": 11.79818412,
            "Alpha": 59.99999999999999,
            "Beta": 59.99999999999999,
            "Gamma": 60.00000000000001,
            "Volume": 1161.2627901639548,
            "Initial Temperature": 300,
            "Run time": 1000
        }
    ],
    "Simulation output": [
        {
            "Mean Square Displacement": 0.05327173244216566,
            "Self diffusion coefficient": 0.0011098277592117847,
            "Lindemann Criterion": 0.08219917421476201,
            "Specific Heat": 63.311833879046354,
            "Internal Temperature": 155.100944545115,
            "Cohesive Energy": 0.07629564057373162,
            "Internal Pressure": 1.7165392814221725e-06,
            "Bulk_modulus": null,
            "Lattice constant": 0
        }
    ]
}