{
    "Simulation input": [
        {
            "Chemical formula": "NiPt124",
            "Database": "Materials Project",
            "Potential": "EMT",
            "Integrator": "Velocity-Verlet",
            "Lattice structure": "FCC(a=19.8838)",
            "a": 14.060005149999999,
            "b": 14.060005149999999,
            "c": 14.060005149999999,
            "Alpha": 59.999999999999986,
            "Beta": 59.99999999999999,
            "Gamma": 59.99999999999999,
            "Volume": 1965.356961751065,
            "Initial Temperature": 300,
            "Run time": 1000
        }
    ],
    "Simulation output": [
        {
            "Mean Square Displacement": 0.01533703314925707,
            "Self diffusion coefficient": 0.00031952152394285565,
            "Lindemann Criterion": 0.04498925907269326,
            "Specific Heat": 64.28233348289577,
            "Internal Temperature": 148.00953154328687,
            "Cohesive Energy": 0.040950679597642065,
            "Internal Pressure": 4.898237490337735e-06,
            "Bulk_modulus": 276.46026228681006,
            "Lattice constant": 0
        }
    ]
}