{
    "Simulation input": [
        {
            "Chemical formula": "Ag125Al374Pd",
            "Database": "Materials Project",
            "Potential": "EMT",
            "Integrator": "Velocity-Verlet",
            "Lattice structure": "CUB(a=20.4076)",
            "a": 20.407565,
            "b": 20.407565,
            "c": 20.407565,
            "Alpha": 90.0,
            "Beta": 90.0,
            "Gamma": 90.0,
            "Volume": 8499.11225406152,
            "Initial Temperature": 300,
            "Run time": 1000
        }
    ],
    "Simulation output": [
        {
            "Mean Square Displacement": 0.08410877328477484,
            "Self diffusion coefficient": 0.001752266110099476,
            "Lindemann Criterion": 0.10588883857498937,
            "Specific Heat": 263.2974462975595,
            "Internal Temperature": 228.80564951070886,
            "Cohesive Energy": 0.005157642655031367,
            "Internal Pressure": -2.189132579667932e-06,
            "Bulk_modulus": 46.17188492906613,
            "Lattice constant": 0
        }
    ]
}