{
    "Simulation input": [
        {
            "Chemical formula": "Ag374Au125Ni",
            "Database": "Materials Project",
            "Potential": "EMT",
            "Integrator": "Velocity-Verlet",
            "Lattice structure": "CUB(a=20.8081)",
            "a": 20.808144999999996,
            "b": 20.808144999999996,
            "c": 20.808144999999996,
            "Alpha": 90.0,
            "Beta": 90.0,
            "Gamma": 90.0,
            "Volume": 9009.487698620313,
            "Initial Temperature": 300,
            "Run time": 1000
        }
    ],
    "Simulation output": [
        {
            "Mean Square Displacement": 0.058126253960058806,
            "Self diffusion coefficient": 0.0012109636241678919,
            "Lindemann Criterion": 0.08612615466450602,
            "Specific Heat": 95.89271691543433,
            "Internal Temperature": 195.15262888101694,
            "Cohesive Energy": 0.06183065837098809,
            "Internal Pressure": 9.215907418324651e-07,
            "Bulk_modulus": 109.03628424560694,
            "Lattice constant": 0
        }
    ]
}