{
    "Simulation input": [
        {
            "Chemical formula": "Ni499Pt",
            "Database": "ASE",
            "Potential": "EMT_Asap_Standard_JacobsenStoltzeNorskov_1996_AlAgAuCuNiPdPt__MO_115316750986_001",
            "Integrator": "Velocity-Verlet",
            "Lattice structure": "CUB(a=17.6)",
            "a": 17.6,
            "b": 17.6,
            "c": 17.6,
            "Alpha": 90.0,
            "Beta": 90.0,
            "Gamma": 90.0,
            "Volume": 5451.776,
            "Initial Temperature": 600,
            "Run time": 3000
        }
    ],
    "Simulation output": [
        {
            "Mean Square Displacement": 0.05597256632474495,
            "Self diffusion coefficient": 0.00033317003764729135,
            "Lindemann Criterion": 0.10445593674431199,
            "Specific Heat": 211.4824919263604,
            "Internal Temperature": 528.2464970960064,
            "Cohesive Energy": 4.3725936677742,
            "Internal Pressure": 6.2251488569539735e-06,
            "Bulk_modulus": 162.3822406740677,
            "Lattice constant": 3.4914114204442335
        }
    ]
}