{
    "Simulation input": [
        {
            "Chemical formula": "Al124Pd",
            "Database": "Materials Project",
            "Potential": "EMT",
            "Integrator": "Velocity-Verlet",
            "Lattice structure": "BCC(a=16.1025)",
            "a": 13.94517405,
            "b": 13.945174050000002,
            "c": 13.945174049999999,
            "Alpha": 109.47122063,
            "Beta": 109.47122063,
            "Gamma": 109.47122062999999,
            "Volume": 2087.6126823078234,
            "Initial Temperature": 300,
            "Run time": 1000
        }
    ],
    "Simulation output": [
        {
            "Mean Square Displacement": 0.1711518043308669,
            "Self diffusion coefficient": 0.003565662590226394,
            "Lindemann Criterion": 0.15667530956668282,
            "Specific Heat": 451.5441155051264,
            "Internal Temperature": 161.5038013901703,
            "Cohesive Energy": 0.04305855651749098,
            "Internal Pressure": 1.4511280299268812e-06,
            "Bulk_modulus": 35.904348402362395,
            "Lattice constant": 0
        }
    ]
}