{
    "Simulation input": [
        {
            "Chemical formula": "Al10499Pt2500",
            "Database": "Materials Project",
            "Potential": "EMT",
            "Integrator": "Velocity-Verlet",
            "Lattice structure": "FCC(a=94.5362)",
            "a": 66.84715275,
            "b": 66.84715275,
            "c": 66.84715274999999,
            "Alpha": 59.999999999999986,
            "Beta": 59.999999999999986,
            "Gamma": 59.99999999999999,
            "Volume": 211219.37045405942,
            "Initial Temperature": 300,
            "Run time": 1000
        }
    ],
    "Simulation output": [
        {
            "Mean Square Displacement": 0.33664256855261154,
            "Self diffusion coefficient": 0.007013386844846074,
            "Lindemann Criterion": 0.22576638008424696,
            "Specific Heat": 210.251492047989,
            "Internal Temperature": 670.0805303927089,
            "Cohesive Energy": 0.13304949940534008,
            "Internal Pressure": -1.8200989198039441e-06,
            "Bulk_modulus": 53.887645129044174,
            "Lattice constant": 13.36943055
        }
    ]
}