{
    "Simulation input": [
        {
            "Chemical formula": "Au499Cu",
            "Database": "ASE",
            "Potential": "EMT_Asap_Standard_JacobsenStoltzeNorskov_1996_AlAgAuCuNiPdPt__MO_115316750986_001",
            "Integrator": "Velocity-Verlet",
            "Lattice structure": "CUB(a=20.4)",
            "a": 20.4,
            "b": 20.4,
            "c": 20.4,
            "Alpha": 90.0,
            "Beta": 90.0,
            "Gamma": 90.0,
            "Volume": 8489.664,
            "Initial Temperature": 700,
            "Run time": 3000
        }
    ],
    "Simulation output": [
        {
            "Mean Square Displacement": 0.08487854726095974,
            "Self diffusion coefficient": 0.0005052294479819033,
            "Lindemann Criterion": 0.10667430349197356,
            "Specific Heat": 63.397723398519965,
            "Internal Temperature": 407.62333177763486,
            "Cohesive Energy": 3.741733060528658,
            "Internal Pressure": 3.967651189430836e-08,
            "Bulk_modulus": 168.44594712227854,
            "Lattice constant": 3.8073118842989633
        }
    ]
}