{
    "Simulation input": [
        {
            "Chemical formula": "Pd499Pt",
            "Database": "ASE",
            "Potential": "EMT_Asap_Standard_JacobsenStoltzeNorskov_1996_AlAgAuCuNiPdPt__MO_115316750986_001",
            "Integrator": "Velocity-Verlet",
            "Lattice structure": "CUB(a=19.45)",
            "a": 19.45,
            "b": 19.45,
            "c": 19.45,
            "Alpha": 90.0,
            "Beta": 90.0,
            "Gamma": 90.0,
            "Volume": 7357.983625000011,
            "Initial Temperature": 400,
            "Run time": 3000
        }
    ],
    "Simulation output": [
        {
            "Mean Square Displacement": 0.14289021505751687,
            "Self diffusion coefficient": 0.0008505369943899813,
            "Lindemann Criterion": 0.15401984965485255,
            "Specific Heat": 116.98524881935266,
            "Internal Temperature": 470.37994802564344,
            "Cohesive Energy": 3.8353190901893712,
            "Internal Pressure": 2.2144993938697613e-06,
            "Bulk_modulus": 170.69622788205666,
            "Lattice constant": 3.7486362256057384
        }
    ]
}