{
    "Simulation input": [
        {
            "Chemical formula": "AlNi124Pt375",
            "Database": "Materials Project",
            "Potential": "EMT",
            "Integrator": "Velocity-Verlet",
            "Lattice structure": "CUB(a=19.3952)",
            "a": 19.3952,
            "b": 19.3952,
            "c": 19.3952,
            "Alpha": 90.0,
            "Beta": 90.0,
            "Gamma": 90.0,
            "Volume": 7295.965756817409,
            "Initial Temperature": 300,
            "Run time": 1000
        }
    ],
    "Simulation output": [
        {
            "Mean Square Displacement": 0.053859586526594894,
            "Self diffusion coefficient": 0.0011220747193040604,
            "Lindemann Criterion": 0.08694379031393976,
            "Specific Heat": 77.49246930696543,
            "Internal Temperature": 229.55240811868498,
            "Cohesive Energy": 0.002367723365806557,
            "Internal Pressure": -3.921911646451367e-05,
            "Bulk_modulus": 241.3518626871456,
            "Lattice constant": 0
        }
    ]
}