{
    "Simulation input": [
        {
            "Chemical formula": "Al500",
            "Database": "ASE",
            "Potential": "EMT_Asap_Standard_JacobsenStoltzeNorskov_1996_AlAgAuCuNiPdPt__MO_115316750986_001",
            "Integrator": "Velocity-Verlet",
            "Lattice structure": "CUB(a=20.25)",
            "a": 20.25,
            "b": 20.25,
            "c": 20.25,
            "Alpha": 90.0,
            "Beta": 90.0,
            "Gamma": 90.0,
            "Volume": 8303.765624999998,
            "Initial Temperature": 900,
            "Run time": 3000
        }
    ],
    "Simulation output": [
        {
            "Mean Square Displacement": 0.14309607984039524,
            "Self diffusion coefficient": 0.0008517623800023527,
            "Lindemann Criterion": 0.1420414995745551,
            "Specific Heat": 462.1795358170018,
            "Internal Temperature": 449.54603347308336,
            "Cohesive Energy": 3.2233071736126546,
            "Internal Pressure": -6.115234522249971e-08,
            "Bulk_modulus": 34.29153438466148,
            "Lattice constant": 3.915692163969525
        }
    ]
}