{
    "Simulation input": [
        {
            "Chemical formula": "NiPt499",
            "Database": "ASE",
            "Potential": "EMT_Asap_Standard_JacobsenStoltzeNorskov_1996_AlAgAuCuNiPdPt__MO_115316750986_001",
            "Integrator": "Velocity-Verlet",
            "Lattice structure": "CUB(a=19.6)",
            "a": 19.6,
            "b": 19.6,
            "c": 19.6,
            "Alpha": 90.0,
            "Beta": 90.0,
            "Gamma": 90.0,
            "Volume": 7529.536000000013,
            "Initial Temperature": 900,
            "Run time": 3000
        }
    ],
    "Simulation output": [
        {
            "Mean Square Displacement": 0.059001123845022936,
            "Self diffusion coefficient": 0.00035119716574418414,
            "Lindemann Criterion": 0.09522282613236598,
            "Specific Heat": 64.01230389283641,
            "Internal Temperature": 500.82841255225657,
            "Cohesive Energy": 5.777695983523472,
            "Internal Pressure": -4.3778812029751825e-06,
            "Bulk_modulus": 269.4020528381526,
            "Lattice constant": 3.763694624804003
        }
    ]
}