{
    "Simulation input": [
        {
            "Chemical formula": "Ag124CuPt375",
            "Database": "Materials Project",
            "Potential": "EMT",
            "Integrator": "Velocity-Verlet",
            "Lattice structure": "CUB(a=20.0342)",
            "a": 20.03422,
            "b": 20.03422,
            "c": 20.03422,
            "Alpha": 90.0,
            "Beta": 90.0,
            "Gamma": 90.0,
            "Volume": 8041.134300575908,
            "Initial Temperature": 300,
            "Run time": 1000
        }
    ],
    "Simulation output": [
        {
            "Mean Square Displacement": 0.03703965914596044,
            "Self diffusion coefficient": 0.0007716595655408425,
            "Lindemann Criterion": 0.07217810322116862,
            "Specific Heat": 72.00308169109675,
            "Internal Temperature": 218.46707028069474,
            "Cohesive Energy": 0.09203799954975128,
            "Internal Pressure": -1.5041517846425338e-05,
            "Bulk_modulus": 215.67182624219342,
            "Lattice constant": 4.006844
        }
    ]
}