{
    "Simulation input": [
        {
            "Chemical formula": "Al500Cu2000",
            "Database": "Materials Project",
            "Potential": "EMT",
            "Integrator": "Velocity-Verlet",
            "Lattice structure": "CUB(a=31.4606)",
            "a": 31.460555,
            "b": 31.460555,
            "c": 31.460555,
            "Alpha": 90.0,
            "Beta": 90.0,
            "Gamma": 90.0,
            "Volume": 31138.60406818556,
            "Initial Temperature": 300,
            "Run time": 3000
        }
    ],
    "Simulation output": [
        {
            "Mean Square Displacement": 0.09508938802362295,
            "Self diffusion coefficient": 0.0005660082620453747,
            "Lindemann Criterion": 0.13442256487814372,
            "Specific Heat": 221.7610843651089,
            "Internal Temperature": 166.87957999244935,
            "Cohesive Energy": 0.20617281199942347,
            "Internal Pressure": 1.1929072759061418e-07,
            "Bulk_modulus": 84.51629525420017,
            "Lattice constant": 3.7486362256057384
        }
    ]
}