{
    "Simulation input": [
        {
            "Chemical formula": "Ag124Cu",
            "Database": "Materials Project",
            "Potential": "EMT",
            "Integrator": "Velocity-Verlet",
            "Lattice structure": "FCC(a=16.6422)",
            "a": 11.767806800000002,
            "b": 11.7678068,
            "c": 11.7678068,
            "Alpha": 59.999999999999986,
            "Beta": 59.99999999999999,
            "Gamma": 59.99999999999999,
            "Volume": 1152.3159974732619,
            "Initial Temperature": 300,
            "Run time": 1000
        }
    ],
    "Simulation output": [
        {
            "Mean Square Displacement": 0.03671212169132359,
            "Self diffusion coefficient": 0.0007648358685692414,
            "Lindemann Criterion": 0.07010792720237011,
            "Specific Heat": 115.98822936576342,
            "Internal Temperature": 174.63260329883255,
            "Cohesive Energy": 0.04825348080717346,
            "Internal Pressure": -1.3590393712725742e-07,
            "Bulk_modulus": null,
            "Lattice constant": 2.9419517
        }
    ]
}