{
    "Simulation input": [
        {
            "Chemical formula": "Al125Cu124Pt",
            "Database": "Materials Project",
            "Potential": "EMT",
            "Integrator": "Velocity-Verlet",
            "Lattice structure": "CUB(a=14.9875)",
            "a": 14.987545,
            "b": 14.987545,
            "c": 14.987545,
            "Alpha": 90.0,
            "Beta": 90.0,
            "Gamma": 90.0,
            "Volume": 3366.5998537840187,
            "Initial Temperature": 300,
            "Run time": 1000
        }
    ],
    "Simulation output": [
        {
            "Mean Square Displacement": 0.17571362928566414,
            "Self diffusion coefficient": 0.003660700610118003,
            "Lindemann Criterion": 0.16193152925533696,
            "Specific Heat": 272.3375480507391,
            "Internal Temperature": 169.09082472227476,
            "Cohesive Energy": 0.18635426522178022,
            "Internal Pressure": 1.1346667068764263e-06,
            "Bulk_modulus": 60.57474386770422,
            "Lattice constant": 0
        }
    ]
}