{
    "Simulation input": [
        {
            "Chemical formula": "Al499Au2000Pd",
            "Database": "Materials Project",
            "Potential": "EMT",
            "Integrator": "Velocity-Verlet",
            "Lattice structure": "CUB(a=35.2732)",
            "a": 35.27325,
            "b": 35.27325,
            "c": 35.27325,
            "Alpha": 90.0,
            "Beta": 90.0,
            "Gamma": 90.0,
            "Volume": 43887.05403642744,
            "Initial Temperature": 300,
            "Run time": 1000
        }
    ],
    "Simulation output": [
        {
            "Mean Square Displacement": 0.14317270617848704,
            "Self diffusion coefficient": 0.0029827647120518135,
            "Lindemann Criterion": 0.14335387421087484,
            "Specific Heat": 76.50437150678549,
            "Internal Temperature": 299.2256675436613,
            "Cohesive Energy": 0.09420432012183765,
            "Internal Pressure": -1.3485950807895313e-05,
            "Bulk_modulus": 120.7116014555994,
            "Lattice constant": 7.05465
        }
    ]
}