{
    "Simulation input": [
        {
            "Chemical formula": "Al10499NiPt2500",
            "Database": "Materials Project",
            "Potential": "EMT",
            "Integrator": "Velocity-Verlet",
            "Lattice structure": "FCC(a=94.5362)",
            "a": 66.84715275,
            "b": 66.84715275,
            "c": 66.84715274999999,
            "Alpha": 59.999999999999986,
            "Beta": 59.999999999999986,
            "Gamma": 59.99999999999999,
            "Volume": 211219.37045405942,
            "Initial Temperature": 300,
            "Run time": 1000
        }
    ],
    "Simulation output": [
        {
            "Mean Square Displacement": 0.18999249319800157,
            "Self diffusion coefficient": 0.003958176941625033,
            "Lindemann Criterion": 0.16644092406532685,
            "Specific Heat": 210.25166057191996,
            "Internal Temperature": 376.02467246691737,
            "Cohesive Energy": 0.094821308381577,
            "Internal Pressure": 8.676523575880157e-07,
            "Bulk_modulus": 55.422805583331666,
            "Lattice constant": 0
        }
    ]
}