{
    "Simulation input": [
        {
            "Chemical formula": "AuPt499",
            "Database": "ASE",
            "Potential": "EMT_Asap_Standard_JacobsenStoltzeNorskov_1996_AlAgAuCuNiPdPt__MO_115316750986_001",
            "Integrator": "Velocity-Verlet",
            "Lattice structure": "CUB(a=19.6)",
            "a": 19.6,
            "b": 19.6,
            "c": 19.6,
            "Alpha": 90.0,
            "Beta": 90.0,
            "Gamma": 90.0,
            "Volume": 7529.536000000013,
            "Initial Temperature": 900,
            "Run time": 3000
        }
    ],
    "Simulation output": [
        {
            "Mean Square Displacement": 0.10420367144393776,
            "Self diffusion coefficient": 0.0006202599490710581,
            "Lindemann Criterion": 0.1257894243841029,
            "Specific Heat": 63.921563357576034,
            "Internal Temperature": 734.8946765774484,
            "Cohesive Energy": 5.743109161681602,
            "Internal Pressure": -1.1336214309051463e-05,
            "Bulk_modulus": 265.0461613585068,
            "Lattice constant": 3.763694624804003
        }
    ]
}