{
    "Simulation input": [
        {
            "Chemical formula": "AlPd124",
            "Database": "Materials Project",
            "Potential": "EMT",
            "Integrator": "Velocity-Verlet",
            "Lattice structure": "FCC(a=19.7853)",
            "a": 13.990340999999999,
            "b": 13.990340999999999,
            "c": 13.990340999999999,
            "Alpha": 59.99999999999999,
            "Beta": 59.99999999999999,
            "Gamma": 59.99999999999999,
            "Volume": 1936.287770389967,
            "Initial Temperature": 300,
            "Run time": 1000
        }
    ],
    "Simulation output": [
        {
            "Mean Square Displacement": 0.019419946634050462,
            "Self diffusion coefficient": 0.00040458222154271794,
            "Lindemann Criterion": 0.051259310561812745,
            "Specific Heat": 117.88414751733455,
            "Internal Temperature": 162.62587693118604,
            "Cohesive Energy": 0.04633667250683643,
            "Internal Pressure": -6.345345765539468e-06,
            "Bulk_modulus": 173.5615005591971,
            "Lattice constant": 2.7980682
        }
    ]
}