{
    "Simulation input": [
        {
            "Chemical formula": "Ag500",
            "Database": "ASE",
            "Potential": "EMT_Asap_Standard_JacobsenStoltzeNorskov_1996_AlAgAuCuNiPdPt__MO_115316750986_001",
            "Integrator": "Velocity-Verlet",
            "Lattice structure": "CUB(a=20.45)",
            "a": 20.45,
            "b": 20.45,
            "c": 20.45,
            "Alpha": 90.0,
            "Beta": 90.0,
            "Gamma": 90.0,
            "Volume": 8552.241125000002,
            "Initial Temperature": 500,
            "Run time": 3000
        }
    ],
    "Simulation output": [
        {
            "Mean Square Displacement": 0.049562277721381116,
            "Self diffusion coefficient": 0.00029501355786536377,
            "Lindemann Criterion": 0.08116721498990846,
            "Specific Heat": 115.60696238148357,
            "Internal Temperature": 252.85007754507276,
            "Cohesive Energy": 2.9263331650710644,
            "Internal Pressure": 1.0998680261045178e-06,
            "Bulk_modulus": 93.9144429679846,
            "Lattice constant": 3.8347786021727415
        }
    ]
}