{
    "Simulation input": [
        {
            "Chemical formula": "Al125",
            "Database": "Materials Project",
            "Potential": "EMT",
            "Integrator": "Velocity-Verlet",
            "Lattice structure": "BCC(a=16.1025)",
            "a": 13.94517405,
            "b": 13.945174050000002,
            "c": 13.945174049999999,
            "Alpha": 109.47122063,
            "Beta": 109.47122063,
            "Gamma": 109.47122062999999,
            "Volume": 2087.6126823078234,
            "Initial Temperature": 300,
            "Run time": 1000
        }
    ],
    "Simulation output": [
        {
            "Mean Square Displacement": 0.2604269415208852,
            "Self diffusion coefficient": 0.005425561281685108,
            "Lindemann Criterion": 0.1975561895661322,
            "Specific Heat": 462.1795267010306,
            "Internal Temperature": 166.44061807196522,
            "Cohesive Energy": 0.04398081189463319,
            "Internal Pressure": 7.643584839048961e-07,
            "Bulk_modulus": 35.12300814860126,
            "Lattice constant": 2.78903481
        }
    ]
}