{
    "Simulation input": [
        {
            "Chemical formula": "Ag499Au",
            "Database": "ASE",
            "Potential": "EMT_Asap_Standard_JacobsenStoltzeNorskov_1996_AlAgAuCuNiPdPt__MO_115316750986_001",
            "Integrator": "Velocity-Verlet",
            "Lattice structure": "CUB(a=20.45)",
            "a": 20.45,
            "b": 20.45,
            "c": 20.45,
            "Alpha": 90.0,
            "Beta": 90.0,
            "Gamma": 90.0,
            "Volume": 8552.241125000002,
            "Initial Temperature": 300,
            "Run time": 3000
        }
    ],
    "Simulation output": [
        {
            "Mean Square Displacement": 0.08557582656002177,
            "Self diffusion coefficient": 0.0005093799200001296,
            "Lindemann Criterion": 0.10354177959529107,
            "Specific Heat": 115.41629629532972,
            "Internal Temperature": 285.1275946768761,
            "Cohesive Energy": 2.916703891459129,
            "Internal Pressure": -6.468053839833978e-06,
            "Bulk_modulus": 93.08778501499994,
            "Lattice constant": 3.8347786021727415
        }
    ]
}