{
    "Simulation input": [
        {
            "Chemical formula": "Al10500Pt2500",
            "Database": "Materials Project",
            "Potential": "EMT",
            "Integrator": "Velocity-Verlet",
            "Lattice structure": "FCC(a=100.242)",
            "a": 70.88162219926043,
            "b": 70.88162219926043,
            "c": 70.88162219926043,
            "Alpha": 59.99999999999999,
            "Beta": 59.99999999999999,
            "Gamma": 60.00000000000001,
            "Volume": 251817.52259301947,
            "Initial Temperature": 300,
            "Run time": 1000
        }
    ],
    "Simulation output": [
        {
            "Mean Square Displacement": 0.5682169821999274,
            "Self diffusion coefficient": 0.011837853795831821,
            "Lindemann Criterion": 0.2985345805091384,
            "Specific Heat": 210.26030821374312,
            "Internal Temperature": 670.3363843474315,
            "Cohesive Energy": 0.1922162054598334,
            "Internal Pressure": -3.525229517963478e-06,
            "Bulk_modulus": 50.45938098355433,
            "Lattice constant": 14.176324439852086
        }
    ]
}