{
    "Simulation input": [
        {
            "Chemical formula": "Al1999Cu4500Pt",
            "Database": "Materials Project",
            "Potential": "EMT",
            "Integrator": "Velocity-Verlet",
            "Lattice structure": "CUB(a=43.5073)",
            "a": 43.50731,
            "b": 43.50731,
            "c": 43.50731,
            "Alpha": 90.0,
            "Beta": 90.0,
            "Gamma": 90.0,
            "Volume": 82354.37901630164,
            "Initial Temperature": 300,
            "Run time": 1000
        }
    ],
    "Simulation output": [
        {
            "Mean Square Displacement": 0.12138238073868943,
            "Self diffusion coefficient": 0.0025287995987226964,
            "Lindemann Criterion": 0.14574170081531607,
            "Specific Heat": 238.34126561853336,
            "Internal Temperature": 210.43212406555133,
            "Cohesive Energy": 0.17526103263145226,
            "Internal Pressure": -3.2440024250806668e-06,
            "Bulk_modulus": 78.03545121352828,
            "Lattice constant": 0
        }
    ]
}