{
    "Simulation input": [
        {
            "Chemical formula": "CuPd499",
            "Database": "ASE",
            "Potential": "EMT_Asap_Standard_JacobsenStoltzeNorskov_1996_AlAgAuCuNiPdPt__MO_115316750986_001",
            "Integrator": "Velocity-Verlet",
            "Lattice structure": "CUB(a=19.45)",
            "a": 19.45,
            "b": 19.45,
            "c": 19.45,
            "Alpha": 90.0,
            "Beta": 90.0,
            "Gamma": 90.0,
            "Volume": 7357.983625000011,
            "Initial Temperature": 700,
            "Run time": 3000
        }
    ],
    "Simulation output": [
        {
            "Mean Square Displacement": 0.05382561174681911,
            "Self diffusion coefficient": 0.0003203905461120185,
            "Lindemann Criterion": 0.08696069340366037,
            "Specific Heat": 117.2746758923697,
            "Internal Temperature": 404.21569115078285,
            "Cohesive Energy": 3.84010435071671,
            "Internal Pressure": 1.100137292864993e-07,
            "Bulk_modulus": 171.2639069786372,
            "Lattice constant": 3.7486362256057384
        }
    ]
}