{
    "Simulation input": [
        {
            "Chemical formula": "Al125Pt375",
            "Database": "Materials Project",
            "Potential": "EMT",
            "Integrator": "Velocity-Verlet",
            "Lattice structure": "CUB(a=20.0521)",
            "a": 20.052080894378868,
            "b": 20.052080894378868,
            "c": 20.052080894378868,
            "Alpha": 90.0,
            "Beta": 90.0,
            "Gamma": 90.0,
            "Volume": 8062.659959693441,
            "Initial Temperature": 300,
            "Run time": 1000
        }
    ],
    "Simulation output": [
        {
            "Mean Square Displacement": 0.025473581226063628,
            "Self diffusion coefficient": 0.0005306996088763256,
            "Lindemann Criterion": 0.05989224812525477,
            "Specific Heat": 81.47423583646527,
            "Internal Temperature": 177.0705872819853,
            "Cohesive Energy": 0.0699571515200749,
            "Internal Pressure": 3.8577514227127105e-07,
            "Bulk_modulus": 171.01839776863147,
            "Lattice constant": 4.010416178875774
        }
    ]
}