{
    "Simulation input": [
        {
            "Chemical formula": "Ni499Pd",
            "Database": "ASE",
            "Potential": "EMT_Asap_Standard_JacobsenStoltzeNorskov_1996_AlAgAuCuNiPdPt__MO_115316750986_001",
            "Integrator": "Velocity-Verlet",
            "Lattice structure": "CUB(a=17.6)",
            "a": 17.6,
            "b": 17.6,
            "c": 17.6,
            "Alpha": 90.0,
            "Beta": 90.0,
            "Gamma": 90.0,
            "Volume": 5451.776,
            "Initial Temperature": 500,
            "Run time": 3000
        }
    ],
    "Simulation output": [
        {
            "Mean Square Displacement": 0.06166410950717159,
            "Self diffusion coefficient": 0.0003670482708760214,
            "Lindemann Criterion": 0.10895028549826007,
            "Specific Heat": 212.12039801371645,
            "Internal Temperature": 514.5009713484353,
            "Cohesive Energy": 4.368436010048536,
            "Internal Pressure": 6.878530324238477e-06,
            "Bulk_modulus": 162.14220173558218,
            "Lattice constant": 3.4914114204442335
        }
    ]
}