{
    "Simulation input": [
        {
            "Chemical formula": "CuPd499",
            "Database": "ASE",
            "Potential": "EMT_Asap_Standard_JacobsenStoltzeNorskov_1996_AlAgAuCuNiPdPt__MO_115316750986_001",
            "Integrator": "Velocity-Verlet",
            "Lattice structure": "CUB(a=19.45)",
            "a": 19.45,
            "b": 19.45,
            "c": 19.45,
            "Alpha": 90.0,
            "Beta": 90.0,
            "Gamma": 90.0,
            "Volume": 7357.983625000011,
            "Initial Temperature": 600,
            "Run time": 3000
        }
    ],
    "Simulation output": [
        {
            "Mean Square Displacement": 0.05200217857627181,
            "Self diffusion coefficient": 0.00030953677723971314,
            "Lindemann Criterion": 0.08897016734928122,
            "Specific Heat": 117.27467589237835,
            "Internal Temperature": 389.98120213226133,
            "Cohesive Energy": 3.841905610146406,
            "Internal Pressure": 5.262131218301935e-07,
            "Bulk_modulus": 171.5202052226787,
            "Lattice constant": 3.7486362256057384
        }
    ]
}