{
    "Simulation input": [
        {
            "Chemical formula": "Ag124Au375Cu",
            "Database": "Materials Project",
            "Potential": "EMT",
            "Integrator": "Velocity-Verlet",
            "Lattice structure": "CUB(a=20.8511)",
            "a": 20.851065000000002,
            "b": 20.851065000000002,
            "c": 20.851065000000002,
            "Alpha": 90.0,
            "Beta": 90.0,
            "Gamma": 90.0,
            "Volume": 9065.353134334478,
            "Initial Temperature": 300,
            "Run time": 1000
        }
    ],
    "Simulation output": [
        {
            "Mean Square Displacement": 0.06382010059662689,
            "Self diffusion coefficient": 0.0013295854290963935,
            "Lindemann Criterion": 0.09062533174695452,
            "Specific Heat": 71.42083004775805,
            "Internal Temperature": 158.52093657674962,
            "Cohesive Energy": 0.06917357444053814,
            "Internal Pressure": -2.156707843026913e-06,
            "Bulk_modulus": 149.2356373734416,
            "Lattice constant": 0
        }
    ]
}