{
    "Simulation input": [
        {
            "Chemical formula": "CuPd499",
            "Database": "ASE",
            "Potential": "EMT_Asap_Standard_JacobsenStoltzeNorskov_1996_AlAgAuCuNiPdPt__MO_115316750986_001",
            "Integrator": "Velocity-Verlet",
            "Lattice structure": "CUB(a=19.45)",
            "a": 19.45,
            "b": 19.45,
            "c": 19.45,
            "Alpha": 90.0,
            "Beta": 90.0,
            "Gamma": 90.0,
            "Volume": 7357.983625000011,
            "Initial Temperature": 900,
            "Run time": 3000
        }
    ],
    "Simulation output": [
        {
            "Mean Square Displacement": 0.06614585347448998,
            "Self diffusion coefficient": 0.0003937253183005356,
            "Lindemann Criterion": 0.09879910619508098,
            "Specific Heat": 117.27467589236367,
            "Internal Temperature": 508.1578122993418,
            "Cohesive Energy": 3.827602651162421,
            "Internal Pressure": 9.541934875823304e-07,
            "Bulk_modulus": 170.11402066011973,
            "Lattice constant": 3.7486362256057384
        }
    ]
}