{
    "Simulation input": [
        {
            "Chemical formula": "Au124Pt",
            "Database": "Materials Project",
            "Potential": "EMT",
            "Integrator": "Velocity-Verlet",
            "Lattice structure": "FCC(a=16.6852)",
            "a": 11.798184120000002,
            "b": 11.798184120000002,
            "c": 11.79818412,
            "Alpha": 59.99999999999999,
            "Beta": 59.99999999999999,
            "Gamma": 60.00000000000001,
            "Volume": 1161.2627901639548,
            "Initial Temperature": 300,
            "Run time": 1000
        }
    ],
    "Simulation output": [
        {
            "Mean Square Displacement": 0.08760431567779771,
            "Self diffusion coefficient": 0.001825089909954119,
            "Lindemann Criterion": 0.10609267716706554,
            "Specific Heat": 63.31667522615881,
            "Internal Temperature": 163.34203176181674,
            "Cohesive Energy": 0.0788245387475481,
            "Internal Pressure": 9.169462324351154e-07,
            "Bulk_modulus": null,
            "Lattice constant": 0
        }
    ]
}