{
    "Simulation input": [
        {
            "Chemical formula": "Al500Au2000",
            "Database": "Materials Project",
            "Potential": "EMT",
            "Integrator": "Velocity-Verlet",
            "Lattice structure": "CUB(a=35.2732)",
            "a": 35.27325,
            "b": 35.27325,
            "c": 35.27325,
            "Alpha": 90.0,
            "Beta": 90.0,
            "Gamma": 90.0,
            "Volume": 43887.05403642744,
            "Initial Temperature": 300,
            "Run time": 1000
        }
    ],
    "Simulation output": [
        {
            "Mean Square Displacement": 0.09075038130234571,
            "Self diffusion coefficient": 0.0018906329437988689,
            "Lindemann Criterion": 0.1158143316178736,
            "Specific Heat": 76.51928813162554,
            "Internal Temperature": 243.79992414846635,
            "Cohesive Energy": 0.08670071997441378,
            "Internal Pressure": -1.0031271020080926e-07,
            "Bulk_modulus": 121.31755134194944,
            "Lattice constant": 0
        }
    ]
}