{
    "Simulation input": [
        {
            "Chemical formula": "AlNi124Pt375",
            "Database": "Materials Project",
            "Potential": "EMT",
            "Integrator": "Velocity-Verlet",
            "Lattice structure": "CUB(a=19.3952)",
            "a": 19.3952,
            "b": 19.3952,
            "c": 19.3952,
            "Alpha": 90.0,
            "Beta": 90.0,
            "Gamma": 90.0,
            "Volume": 7295.965756817409,
            "Initial Temperature": 300,
            "Run time": 1000
        }
    ],
    "Simulation output": [
        {
            "Mean Square Displacement": 0.048821514296085645,
            "Self diffusion coefficient": 0.0010171148811684509,
            "Lindemann Criterion": 0.08319060453136579,
            "Specific Heat": 77.4924693065426,
            "Internal Temperature": 222.30809920766728,
            "Cohesive Energy": 0.001953396949938821,
            "Internal Pressure": -3.732004150020184e-05,
            "Bulk_modulus": 241.52077776863356,
            "Lattice constant": 0
        }
    ]
}