{
    "Simulation input": [
        {
            "Chemical formula": "Al1999Cu4500",
            "Database": "Materials Project",
            "Potential": "EMT",
            "Integrator": "Velocity-Verlet",
            "Lattice structure": "CUB(a=43.5073)",
            "a": 43.50731,
            "b": 43.50731,
            "c": 43.50731,
            "Alpha": 90.0,
            "Beta": 90.0,
            "Gamma": 90.0,
            "Volume": 82354.37901630164,
            "Initial Temperature": 300,
            "Run time": 1000
        }
    ],
    "Simulation output": [
        {
            "Mean Square Displacement": 0.1852602082750718,
            "Self diffusion coefficient": 0.0038595876723973295,
            "Lindemann Criterion": 0.17314344617082,
            "Specific Heat": 238.44137430855514,
            "Internal Temperature": 601.9376679661012,
            "Cohesive Energy": 0.22557606684486475,
            "Internal Pressure": -2.0044662587845518e-07,
            "Bulk_modulus": 75.70443662458698,
            "Lattice constant": 0
        }
    ]
}