{
    "Simulation input": [
        {
            "Chemical formula": "Al500Cu2000",
            "Database": "Materials Project",
            "Potential": "EMT",
            "Integrator": "Velocity-Verlet",
            "Lattice structure": "CUB(a=32.0486)",
            "a": 32.04857491944163,
            "b": 32.04857491944163,
            "c": 32.04857491944163,
            "Alpha": 90.0,
            "Beta": 90.0,
            "Gamma": 90.0,
            "Volume": 32917.448781326966,
            "Initial Temperature": 300,
            "Run time": 1000
        }
    ],
    "Simulation output": [
        {
            "Mean Square Displacement": 0.0823598496703979,
            "Self diffusion coefficient": 0.001715830201466623,
            "Lindemann Criterion": 0.11545019776428109,
            "Specific Heat": 221.76108435507135,
            "Internal Temperature": 223.0631428666569,
            "Cohesive Energy": 0.20977287388922608,
            "Internal Pressure": -8.833714683730716e-08,
            "Bulk_modulus": 83.08956056389219,
            "Lattice constant": 6.409714983888326
        }
    ]
}