{
    "Simulation input": [
        {
            "Chemical formula": "Al10500Pt2500",
            "Database": "Materials Project",
            "Potential": "EMT",
            "Integrator": "Velocity-Verlet",
            "Lattice structure": "FCC(a=94.5362)",
            "a": 66.84715275,
            "b": 66.84715275,
            "c": 66.84715274999999,
            "Alpha": 59.999999999999986,
            "Beta": 59.999999999999986,
            "Gamma": 59.99999999999999,
            "Volume": 211219.37045405942,
            "Initial Temperature": 300,
            "Run time": 3000
        }
    ],
    "Simulation output": [
        {
            "Mean Square Displacement": 0.3555425039912915,
            "Self diffusion coefficient": 0.0021163244285195924,
            "Lindemann Criterion": 0.2245288678292545,
            "Specific Heat": 210.26030821409114,
            "Internal Temperature": 375.8734310863273,
            "Cohesive Energy": 0.09370950480099781,
            "Internal Pressure": -6.290924817673758e-07,
            "Bulk_modulus": 55.27529929684066,
            "Lattice constant": 3.7486362256057384
        }
    ]
}