{
    "Simulation input": [
        {
            "Chemical formula": "Al125Ni125",
            "Database": "Materials Project",
            "Potential": "EMT",
            "Integrator": "Velocity-Verlet",
            "Lattice structure": "CUB(a=14.4395)",
            "a": 14.43951,
            "b": 14.43951,
            "c": 14.43951,
            "Alpha": 90.0,
            "Beta": 90.0,
            "Gamma": 90.0,
            "Volume": 3010.6298794090108,
            "Initial Temperature": 300,
            "Run time": 1000
        }
    ],
    "Simulation output": [
        {
            "Mean Square Displacement": 1.9558643914578957,
            "Self diffusion coefficient": 0.040747174822039496,
            "Lindemann Criterion": 0.5904469312380303,
            "Specific Heat": 291.10764660884234,
            "Internal Temperature": 647.9237646224409,
            "Cohesive Energy": 0.3862265982692215,
            "Internal Pressure": -5.524957641468165e-06,
            "Bulk_modulus": 73.10583360266489,
            "Lattice constant": 2.887902
        }
    ]
}