{
    "Simulation input": [
        {
            "Chemical formula": "Al124Pt",
            "Database": "Materials Project",
            "Potential": "EMT",
            "Integrator": "Velocity-Verlet",
            "Lattice structure": "BCC(a=16.1025)",
            "a": 13.94517405,
            "b": 13.945174050000002,
            "c": 13.945174049999999,
            "Alpha": 109.47122063,
            "Beta": 109.47122063,
            "Gamma": 109.47122062999999,
            "Volume": 2087.6126823078234,
            "Initial Temperature": 300,
            "Run time": 1000
        }
    ],
    "Simulation output": [
        {
            "Mean Square Displacement": 0.2274086624229704,
            "Self diffusion coefficient": 0.004737680467145217,
            "Lindemann Criterion": 0.17688574023147724,
            "Specific Heat": 440.23713193470587,
            "Internal Temperature": 156.59906709440662,
            "Cohesive Energy": 0.04108489558581862,
            "Internal Pressure": 3.863846983346452e-07,
            "Bulk_modulus": 36.2002224450884,
            "Lattice constant": 0
        }
    ]
}