{
    "Simulation input": [
        {
            "Chemical formula": "Ag499Pd",
            "Database": "ASE",
            "Potential": "EMT_Asap_Standard_JacobsenStoltzeNorskov_1996_AlAgAuCuNiPdPt__MO_115316750986_001",
            "Integrator": "Velocity-Verlet",
            "Lattice structure": "CUB(a=20.45)",
            "a": 20.45,
            "b": 20.45,
            "c": 20.45,
            "Alpha": 90.0,
            "Beta": 90.0,
            "Gamma": 90.0,
            "Volume": 8552.241125000002,
            "Initial Temperature": 400,
            "Run time": 3000
        }
    ],
    "Simulation output": [
        {
            "Mean Square Displacement": 0.06971629600786201,
            "Self diffusion coefficient": 0.0004149779524277501,
            "Lindemann Criterion": 0.09384559463871724,
            "Specific Heat": 115.61006666056605,
            "Internal Temperature": 325.74095408016154,
            "Cohesive Energy": 2.9116260373370886,
            "Internal Pressure": -5.487764368020454e-06,
            "Bulk_modulus": 92.54883095428404,
            "Lattice constant": 3.8347786021727415
        }
    ]
}