{
    "Simulation input": [
        {
            "Chemical formula": "Ag499Pd",
            "Database": "ASE",
            "Potential": "EMT_Asap_Standard_JacobsenStoltzeNorskov_1996_AlAgAuCuNiPdPt__MO_115316750986_001",
            "Integrator": "Velocity-Verlet",
            "Lattice structure": "CUB(a=20.45)",
            "a": 20.45,
            "b": 20.45,
            "c": 20.45,
            "Alpha": 90.0,
            "Beta": 90.0,
            "Gamma": 90.0,
            "Volume": 8552.241125000002,
            "Initial Temperature": 800,
            "Run time": 3000
        }
    ],
    "Simulation output": [
        {
            "Mean Square Displacement": 0.11389555016821831,
            "Self diffusion coefficient": 0.0006779497033822518,
            "Lindemann Criterion": 0.12229752525700899,
            "Specific Heat": 115.61006666055303,
            "Internal Temperature": 517.4490087033986,
            "Cohesive Energy": 2.8879410459744874,
            "Internal Pressure": -5.288817452924908e-06,
            "Bulk_modulus": 90.61479215476511,
            "Lattice constant": 3.8347786021727415
        }
    ]
}