{
    "Simulation input": [
        {
            "Chemical formula": "Al125Au124Ni",
            "Database": "Materials Project",
            "Potential": "EMT",
            "Integrator": "Velocity-Verlet",
            "Lattice structure": "CUB(a=16.1197)",
            "a": 16.11971,
            "b": 16.11971,
            "c": 16.11971,
            "Alpha": 90.0,
            "Beta": 90.0,
            "Gamma": 90.0,
            "Volume": 4188.626858739057,
            "Initial Temperature": 300,
            "Run time": 1000
        }
    ],
    "Simulation output": [
        {
            "Mean Square Displacement": 0.2024003059407237,
            "Self diffusion coefficient": 0.004216673040431744,
            "Lindemann Criterion": 0.17713969904559834,
            "Specific Heat": 111.92072620334885,
            "Internal Temperature": 205.20151551453665,
            "Cohesive Energy": 0.05382086054783375,
            "Internal Pressure": -1.655513663795021e-08,
            "Bulk_modulus": 76.07574464730835,
            "Lattice constant": 0
        }
    ]
}