{
    "Simulation input": [
        {
            "Chemical formula": "Ag374Au125",
            "Database": "Materials Project",
            "Potential": "EMT",
            "Integrator": "Velocity-Verlet",
            "Lattice structure": "CUB(a=20.8081)",
            "a": 20.808144999999996,
            "b": 20.808144999999996,
            "c": 20.808144999999996,
            "Alpha": 90.0,
            "Beta": 90.0,
            "Gamma": 90.0,
            "Volume": 9009.487698620313,
            "Initial Temperature": 300,
            "Run time": 1000
        }
    ],
    "Simulation output": [
        {
            "Mean Square Displacement": 0.09018413317633027,
            "Self diffusion coefficient": 0.001878836107840214,
            "Lindemann Criterion": 0.11234640367670035,
            "Specific Heat": 95.78739558238502,
            "Internal Temperature": 347.3502478909532,
            "Cohesive Energy": 0.07627967754822572,
            "Internal Pressure": 1.141347793128558e-08,
            "Bulk_modulus": 106.59557105488838,
            "Lattice constant": 0
        }
    ]
}