{
    "Simulation input": [
        {
            "Chemical formula": "AlAu499",
            "Database": "ASE",
            "Potential": "EMT_Asap_Standard_JacobsenStoltzeNorskov_1996_AlAgAuCuNiPdPt__MO_115316750986_001",
            "Integrator": "Velocity-Verlet",
            "Lattice structure": "CUB(a=20.4)",
            "a": 20.4,
            "b": 20.4,
            "c": 20.4,
            "Alpha": 90.0,
            "Beta": 90.0,
            "Gamma": 90.0,
            "Volume": 8489.664,
            "Initial Temperature": 600,
            "Run time": 3000
        }
    ],
    "Simulation output": [
        {
            "Mean Square Displacement": 0.08051987108977977,
            "Self diffusion coefficient": 0.00047928494696297485,
            "Lindemann Criterion": 0.10429945997910926,
            "Specific Heat": 63.42130213740095,
            "Internal Temperature": 340.2408363186187,
            "Cohesive Energy": 3.7485764368941163,
            "Internal Pressure": -7.842841192988577e-07,
            "Bulk_modulus": 169.1567255473291,
            "Lattice constant": 3.8073118842989633
        }
    ]
}