{
    "Simulation input": [
        {
            "Chemical formula": "AlPt499",
            "Database": "ASE",
            "Potential": "EMT_Asap_Standard_JacobsenStoltzeNorskov_1996_AlAgAuCuNiPdPt__MO_115316750986_001",
            "Integrator": "Velocity-Verlet",
            "Lattice structure": "CUB(a=19.6)",
            "a": 19.6,
            "b": 19.6,
            "c": 19.6,
            "Alpha": 90.0,
            "Beta": 90.0,
            "Gamma": 90.0,
            "Volume": 7529.536000000013,
            "Initial Temperature": 500,
            "Run time": 3000
        }
    ],
    "Simulation output": [
        {
            "Mean Square Displacement": 0.03423377974522541,
            "Self diffusion coefficient": 0.00020377249848348457,
            "Lindemann Criterion": 0.07349888468447578,
            "Specific Heat": 64.03315084840483,
            "Internal Temperature": 349.4406273190355,
            "Cohesive Energy": 5.789287294793961,
            "Internal Pressure": -5.69991096082955e-06,
            "Bulk_modulus": 270.9785154535619,
            "Lattice constant": 3.763694624804003
        }
    ]
}