{
    "Simulation input": [
        {
            "Chemical formula": "AgPt499",
            "Database": "ASE",
            "Potential": "EMT_Asap_Standard_JacobsenStoltzeNorskov_1996_AlAgAuCuNiPdPt__MO_115316750986_001",
            "Integrator": "Velocity-Verlet",
            "Lattice structure": "CUB(a=19.6)",
            "a": 19.6,
            "b": 19.6,
            "c": 19.6,
            "Alpha": 90.0,
            "Beta": 90.0,
            "Gamma": 90.0,
            "Volume": 7529.536000000013,
            "Initial Temperature": 500,
            "Run time": 3000
        }
    ],
    "Simulation output": [
        {
            "Mean Square Displacement": 0.0635802822053794,
            "Self diffusion coefficient": 0.00037845406074630595,
            "Lindemann Criterion": 0.09856155028282462,
            "Specific Heat": 63.98000386500771,
            "Internal Temperature": 502.73196429820786,
            "Cohesive Energy": 5.768020173119184,
            "Internal Pressure": -1.2633447386726399e-05,
            "Bulk_modulus": 269.08616836740254,
            "Lattice constant": 3.763694624804003
        }
    ]
}