{
    "Simulation input": [
        {
            "Chemical formula": "Al125",
            "Database": "Materials Project",
            "Potential": "EMT",
            "Integrator": "Velocity-Verlet",
            "Lattice structure": "BCC(a=16.2521)",
            "a": 14.074742193757835,
            "b": 14.074742193757835,
            "c": 14.074742193757833,
            "Alpha": 109.47122063,
            "Beta": 109.47122063,
            "Gamma": 109.47122063,
            "Volume": 2146.344625581603,
            "Initial Temperature": 300,
            "Run time": 1000
        }
    ],
    "Simulation output": [
        {
            "Mean Square Displacement": 0.19777978697883958,
            "Self diffusion coefficient": 0.004120412228725824,
            "Lindemann Criterion": 0.16860221454440089,
            "Specific Heat": 462.17952673331644,
            "Internal Temperature": 203.68558846296153,
            "Cohesive Energy": 0.05795398527763279,
            "Internal Pressure": -2.3661551137264464e-06,
            "Bulk_modulus": 35.011810857641784,
            "Lattice constant": 2.814948438751567
        }
    ]
}