{
    "Simulation input": [
        {
            "Chemical formula": "Ni499Pt",
            "Database": "ASE",
            "Potential": "EMT_Asap_Standard_JacobsenStoltzeNorskov_1996_AlAgAuCuNiPdPt__MO_115316750986_001",
            "Integrator": "Velocity-Verlet",
            "Lattice structure": "CUB(a=17.6)",
            "a": 17.6,
            "b": 17.6,
            "c": 17.6,
            "Alpha": 90.0,
            "Beta": 90.0,
            "Gamma": 90.0,
            "Volume": 5451.776,
            "Initial Temperature": 1200,
            "Run time": 3000
        }
    ],
    "Simulation output": [
        {
            "Mean Square Displacement": 0.08965166686252424,
            "Self diffusion coefficient": 0.0005336408741816919,
            "Lindemann Criterion": 0.12821539005603294,
            "Specific Heat": 211.4824919263411,
            "Internal Temperature": 847.8417929371707,
            "Cohesive Energy": 4.330560021639731,
            "Internal Pressure": 4.460747300402027e-06,
            "Bulk_modulus": 158.80005152413355,
            "Lattice constant": 3.4914114204442335
        }
    ]
}