{
    "Simulation input": [
        {
            "Chemical formula": "Au375CuPd124",
            "Database": "Materials Project",
            "Potential": "EMT",
            "Integrator": "Velocity-Verlet",
            "Lattice structure": "CUB(a=20.5786)",
            "a": 20.578590000000002,
            "b": 20.578590000000002,
            "c": 20.578590000000002,
            "Alpha": 90.0,
            "Beta": 90.0,
            "Gamma": 90.0,
            "Volume": 8714.587675770497,
            "Initial Temperature": 300,
            "Run time": 1000
        }
    ],
    "Simulation output": [
        {
            "Mean Square Displacement": 0.06188232721312741,
            "Self diffusion coefficient": 0.0012892151502734877,
            "Lindemann Criterion": 0.09069374110888158,
            "Specific Heat": 71.56804327645686,
            "Internal Temperature": 207.85649376372214,
            "Cohesive Energy": 0.07942877603552453,
            "Internal Pressure": -6.632225011356612e-06,
            "Bulk_modulus": 167.6567318162429,
            "Lattice constant": 4.115718
        }
    ]
}