{
    "Simulation input": [
        {
            "Chemical formula": "Al499AuCu2000",
            "Database": "Materials Project",
            "Potential": "EMT",
            "Integrator": "Velocity-Verlet",
            "Lattice structure": "CUB(a=31.4606)",
            "a": 31.460555,
            "b": 31.460555,
            "c": 31.460555,
            "Alpha": 90.0,
            "Beta": 90.0,
            "Gamma": 90.0,
            "Volume": 31138.60406818556,
            "Initial Temperature": 300,
            "Run time": 1000
        }
    ],
    "Simulation output": [
        {
            "Mean Square Displacement": 0.23315057540716175,
            "Self diffusion coefficient": 0.00485730365431587,
            "Lindemann Criterion": 0.2052772738224802,
            "Specific Heat": 221.4932667557929,
            "Internal Temperature": 257.4987443698587,
            "Cohesive Energy": 0.2121022951840613,
            "Internal Pressure": -3.4673168143003283e-06,
            "Bulk_modulus": 84.80653942595282,
            "Lattice constant": 0
        }
    ]
}