{
    "Simulation input": [
        {
            "Chemical formula": "Al500Pt500",
            "Database": "Materials Project",
            "Potential": "EMT",
            "Integrator": "Velocity-Verlet",
            "Lattice structure": "CUB(a=24.5872)",
            "a": 24.587245000000003,
            "b": 24.587245000000003,
            "c": 24.587245000000003,
            "Alpha": 90.0,
            "Beta": 90.0,
            "Gamma": 90.0,
            "Volume": 14863.791557048735,
            "Initial Temperature": 300,
            "Run time": 1000
        }
    ],
    "Simulation output": [
        {
            "Mean Square Displacement": 0.9647312134058648,
            "Self diffusion coefficient": 0.020098566945955517,
            "Lindemann Criterion": 0.40448409329271257,
            "Specific Heat": 112.31202302186608,
            "Internal Temperature": 428.4159526795109,
            "Cohesive Energy": 0.2796863161235713,
            "Internal Pressure": -1.0778131335694786e-06,
            "Bulk_modulus": 102.54251730211628,
            "Lattice constant": 0
        }
    ]
}