{
    "Simulation input": [
        {
            "Chemical formula": "Ag124CuPt375",
            "Database": "Materials Project",
            "Potential": "EMT",
            "Integrator": "Velocity-Verlet",
            "Lattice structure": "CUB(a=20.0342)",
            "a": 20.03422,
            "b": 20.03422,
            "c": 20.03422,
            "Alpha": 90.0,
            "Beta": 90.0,
            "Gamma": 90.0,
            "Volume": 8041.134300575908,
            "Initial Temperature": 300,
            "Run time": 1000
        }
    ],
    "Simulation output": [
        {
            "Mean Square Displacement": 0.03639086311522937,
            "Self diffusion coefficient": 0.0007581429815672786,
            "Lindemann Criterion": 0.0709232209008101,
            "Specific Heat": 72.00308169098453,
            "Internal Temperature": 226.7245749599748,
            "Cohesive Energy": 0.0928850454157983,
            "Internal Pressure": -1.700367684946563e-05,
            "Bulk_modulus": 215.5600612741611,
            "Lattice constant": 0
        }
    ]
}