{
    "Simulation input": [
        {
            "Chemical formula": "AgAl499Cu2000",
            "Database": "Materials Project",
            "Potential": "EMT",
            "Integrator": "Velocity-Verlet",
            "Lattice structure": "CUB(a=31.4606)",
            "a": 31.460555,
            "b": 31.460555,
            "c": 31.460555,
            "Alpha": 90.0,
            "Beta": 90.0,
            "Gamma": 90.0,
            "Volume": 31138.60406818556,
            "Initial Temperature": 300,
            "Run time": 1000
        }
    ],
    "Simulation output": [
        {
            "Mean Square Displacement": 0.22422577298113902,
            "Self diffusion coefficient": 0.004671370270440396,
            "Lindemann Criterion": 0.1930520628254284,
            "Specific Heat": 221.63356375491364,
            "Internal Temperature": 257.33879373221464,
            "Cohesive Energy": 0.2118964913348989,
            "Internal Pressure": -2.6026999727125393e-06,
            "Bulk_modulus": 84.8195550287022,
            "Lattice constant": 6.292111
        }
    ]
}