{
    "Simulation input": [
        {
            "Chemical formula": "AgCu499",
            "Database": "ASE",
            "Potential": "EMT_Asap_Standard_JacobsenStoltzeNorskov_1996_AlAgAuCuNiPdPt__MO_115316750986_001",
            "Integrator": "Velocity-Verlet",
            "Lattice structure": "CUB(a=18.05)",
            "a": 18.05,
            "b": 18.05,
            "c": 18.05,
            "Alpha": 90.0,
            "Beta": 90.0,
            "Gamma": 90.0,
            "Volume": 5880.735125000003,
            "Initial Temperature": 1000,
            "Run time": 3000
        }
    ],
    "Simulation output": [
        {
            "Mean Square Displacement": 0.1308869851771311,
            "Self diffusion coefficient": 0.0007790891974829232,
            "Lindemann Criterion": 0.15944787668521804,
            "Specific Heat": 195.96738627418418,
            "Internal Temperature": 709.9764802763359,
            "Cohesive Energy": 3.4131918479517296,
            "Internal Pressure": 2.4072744105495045e-06,
            "Bulk_modulus": 118.09500591776522,
            "Lattice constant": 3.58690945865129
        }
    ]
}