{
    "Simulation input": [
        {
            "Chemical formula": "Au499Cu",
            "Database": "ASE",
            "Potential": "EMT_Asap_Standard_JacobsenStoltzeNorskov_1996_AlAgAuCuNiPdPt__MO_115316750986_001",
            "Integrator": "Velocity-Verlet",
            "Lattice structure": "CUB(a=20.4)",
            "a": 20.4,
            "b": 20.4,
            "c": 20.4,
            "Alpha": 90.0,
            "Beta": 90.0,
            "Gamma": 90.0,
            "Volume": 8489.664,
            "Initial Temperature": 1100,
            "Run time": 3000
        }
    ],
    "Simulation output": [
        {
            "Mean Square Displacement": 0.14412425518940286,
            "Self diffusion coefficient": 0.0008578824713654932,
            "Lindemann Criterion": 0.14211285239136393,
            "Specific Heat": 63.39772339851535,
            "Internal Temperature": 619.7361469603912,
            "Cohesive Energy": 3.7171115823703005,
            "Internal Pressure": 2.6406638306381204e-07,
            "Bulk_modulus": 164.79884838262586,
            "Lattice constant": 3.8073118842989633
        }
    ]
}