{
    "Simulation input": [
        {
            "Chemical formula": "Al249NiPt125",
            "Database": "Materials Project",
            "Potential": "EMT",
            "Integrator": "Velocity-Verlet",
            "Lattice structure": "FCC(a=29.7438)",
            "a": 21.032021450000002,
            "b": 21.032021450000002,
            "c": 21.03202145,
            "Alpha": 59.999999999999986,
            "Beta": 59.999999999999986,
            "Gamma": 59.99999999999999,
            "Volume": 6578.517741046045,
            "Initial Temperature": 300,
            "Run time": 1000
        }
    ],
    "Simulation output": [
        {
            "Mean Square Displacement": 4.753584505294093,
            "Self diffusion coefficient": 0.09903301052696027,
            "Lindemann Criterion": 0.9717992472272234,
            "Specific Heat": 150.06349338904073,
            "Internal Temperature": 1766.204500617672,
            "Cohesive Energy": 0.3516921921734124,
            "Internal Pressure": 6.1068427135570884e-06,
            "Bulk_modulus": 64.8344032518968,
            "Lattice constant": 0
        }
    ]
}