{
    "Simulation input": [
        {
            "Chemical formula": "Au125Cu375",
            "Database": "Materials Project",
            "Potential": "EMT",
            "Integrator": "Velocity-Verlet",
            "Lattice structure": "CUB(a=18.8696)",
            "a": 18.869575,
            "b": 18.869575,
            "c": 18.869575,
            "Alpha": 90.0,
            "Beta": 90.0,
            "Gamma": 90.0,
            "Volume": 6718.717115177602,
            "Initial Temperature": 20,
            "Run time": 1000
        }
    ],
    "Simulation output": [
        {
            "Mean Square Displacement": 0.0014976669555132865,
            "Self diffusion coefficient": 3.12013949065268e-05,
            "Lindemann Criterion": 0.014700582979969281,
            "Specific Heat": 128.6911034896227,
            "Internal Temperature": 9.819802999473158,
            "Cohesive Energy": 0.0015240269726688152,
            "Internal Pressure": -1.8857934524282096e-07,
            "Bulk_modulus": 136.6979235229446,
            "Lattice constant": 0
        }
    ]
}