{
    "Simulation input": [
        {
            "Chemical formula": "AuNi499",
            "Database": "ASE",
            "Potential": "EMT_Asap_Standard_JacobsenStoltzeNorskov_1996_AlAgAuCuNiPdPt__MO_115316750986_001",
            "Integrator": "Velocity-Verlet",
            "Lattice structure": "CUB(a=17.6)",
            "a": 17.6,
            "b": 17.6,
            "c": 17.6,
            "Alpha": 90.0,
            "Beta": 90.0,
            "Gamma": 90.0,
            "Volume": 5451.776,
            "Initial Temperature": 600,
            "Run time": 3000
        }
    ],
    "Simulation output": [
        {
            "Mean Square Displacement": 0.07693445282062263,
            "Self diffusion coefficient": 0.00045794317155132516,
            "Lindemann Criterion": 0.1223624009650227,
            "Specific Heat": 211.46898910302517,
            "Internal Temperature": 546.3993323335385,
            "Cohesive Energy": 4.364413881024185,
            "Internal Pressure": 8.353806729025863e-06,
            "Bulk_modulus": 162.02951334702243,
            "Lattice constant": 3.4914114204442335
        }
    ]
}