{
    "Simulation input": [
        {
            "Chemical formula": "Pt500",
            "Database": "ASE",
            "Potential": "EMT_Asap_Standard_JacobsenStoltzeNorskov_1996_AlAgAuCuNiPdPt__MO_115316750986_001",
            "Integrator": "Velocity-Verlet",
            "Lattice structure": "CUB(a=19.6)",
            "a": 19.6,
            "b": 19.6,
            "c": 19.6,
            "Alpha": 90.0,
            "Beta": 90.0,
            "Gamma": 90.0,
            "Volume": 7529.536000000013,
            "Initial Temperature": 1000,
            "Run time": 3000
        }
    ],
    "Simulation output": [
        {
            "Mean Square Displacement": 0.05289218933446711,
            "Self diffusion coefficient": 0.000314834460324209,
            "Lindemann Criterion": 0.08758605301921052,
            "Specific Heat": 63.922797049269505,
            "Internal Temperature": 484.14597711719347,
            "Cohesive Energy": 5.789803840719943,
            "Internal Pressure": 8.603581273382933e-07,
            "Bulk_modulus": 271.0702165292023,
            "Lattice constant": 3.763694624804003
        }
    ]
}