{
    "Simulation input": [
        {
            "Chemical formula": "AlAu125Cu374",
            "Database": "Materials Project",
            "Potential": "EMT",
            "Integrator": "Velocity-Verlet",
            "Lattice structure": "CUB(a=18.8696)",
            "a": 18.869575,
            "b": 18.869575,
            "c": 18.869575,
            "Alpha": 90.0,
            "Beta": 90.0,
            "Gamma": 90.0,
            "Volume": 6718.717115177602,
            "Initial Temperature": 300,
            "Run time": 1000
        }
    ],
    "Simulation output": [
        {
            "Mean Square Displacement": 0.04073348691708818,
            "Self diffusion coefficient": 0.0008486143107726704,
            "Lindemann Criterion": 0.07694735311687728,
            "Specific Heat": 128.7882968682878,
            "Internal Temperature": 219.61242979112635,
            "Cohesive Energy": 0.033191101221673465,
            "Internal Pressure": -1.380364613365538e-05,
            "Bulk_modulus": 132.00715502355177,
            "Lattice constant": 0
        }
    ]
}