{
    "Simulation input": [
        {
            "Chemical formula": "Al125PdPt124",
            "Database": "Materials Project",
            "Potential": "EMT",
            "Integrator": "Velocity-Verlet",
            "Lattice structure": "CUB(a=15.4577)",
            "a": 15.457730000000002,
            "b": 15.457730000000002,
            "c": 15.457730000000002,
            "Alpha": 90.0,
            "Beta": 90.0,
            "Gamma": 90.0,
            "Volume": 3693.491905983805,
            "Initial Temperature": 300,
            "Run time": 1000
        }
    ],
    "Simulation output": [
        {
            "Mean Square Displacement": 0.2331344076653799,
            "Self diffusion coefficient": 0.004856966826362081,
            "Lindemann Criterion": 0.1853340112977552,
            "Specific Heat": 112.67191413790133,
            "Internal Temperature": 243.45904198303808,
            "Cohesive Energy": 0.2241297108831101,
            "Internal Pressure": 6.339539666345381e-07,
            "Bulk_modulus": 99.97122862479107,
            "Lattice constant": 3.091546
        }
    ]
}