{
    "Simulation input": [
        {
            "Chemical formula": "Ag374PdPt125",
            "Database": "Materials Project",
            "Potential": "EMT",
            "Integrator": "Velocity-Verlet",
            "Lattice structure": "CUB(a=20.52)",
            "a": 20.52002,
            "b": 20.52002,
            "c": 20.52002,
            "Alpha": 90.0,
            "Beta": 90.0,
            "Gamma": 90.0,
            "Volume": 8640.389872248625,
            "Initial Temperature": 300,
            "Run time": 1000
        }
    ],
    "Simulation output": [
        {
            "Mean Square Displacement": 0.07972530669788437,
            "Self diffusion coefficient": 0.0016609438895392578,
            "Lindemann Criterion": 0.09965742322126042,
            "Specific Heat": 96.17017588246108,
            "Internal Temperature": 266.9609830468181,
            "Cohesive Energy": 0.1077102227641638,
            "Internal Pressure": -8.43324464910962e-06,
            "Bulk_modulus": 125.59434117173504,
            "Lattice constant": 4.104004
        }
    ]
}