{
    "Simulation input": [
        {
            "Chemical formula": "Al124NiPt375",
            "Database": "Materials Project",
            "Potential": "EMT",
            "Integrator": "Velocity-Verlet",
            "Lattice structure": "CUB(a=19.614)",
            "a": 19.61404,
            "b": 19.61404,
            "c": 19.61404,
            "Alpha": 90.0,
            "Beta": 90.0,
            "Gamma": 90.0,
            "Volume": 7545.72841271767,
            "Initial Temperature": 300,
            "Run time": 1000
        }
    ],
    "Simulation output": [
        {
            "Mean Square Displacement": 0.02518242132199778,
            "Self diffusion coefficient": 0.0005246337775416204,
            "Lindemann Criterion": 0.05876346349839766,
            "Specific Heat": 81.44048885042854,
            "Internal Temperature": 207.33832582666886,
            "Cohesive Energy": 0.08890829735923929,
            "Internal Pressure": -2.436553575071369e-05,
            "Bulk_modulus": 171.94260509966577,
            "Lattice constant": 0
        }
    ]
}