{
    "Simulation input": [
        {
            "Chemical formula": "CuNi499",
            "Database": "ASE",
            "Potential": "EMT_Asap_Standard_JacobsenStoltzeNorskov_1996_AlAgAuCuNiPdPt__MO_115316750986_001",
            "Integrator": "Velocity-Verlet",
            "Lattice structure": "CUB(a=17.6)",
            "a": 17.6,
            "b": 17.6,
            "c": 17.6,
            "Alpha": 90.0,
            "Beta": 90.0,
            "Gamma": 90.0,
            "Volume": 5451.776,
            "Initial Temperature": 500,
            "Run time": 3000
        }
    ],
    "Simulation output": [
        {
            "Mean Square Displacement": 0.03214228220667123,
            "Self diffusion coefficient": 0.00019132310837304304,
            "Lindemann Criterion": 0.07632342287093333,
            "Specific Heat": 212.4302436314416,
            "Internal Temperature": 377.9787074934931,
            "Cohesive Energy": 4.385653075908302,
            "Internal Pressure": 5.326251023727598e-06,
            "Bulk_modulus": 163.8508676771002,
            "Lattice constant": 3.4914114204442335
        }
    ]
}