{
    "Simulation input": [
        {
            "Chemical formula": "Ag124Au375Pd",
            "Database": "Materials Project",
            "Potential": "EMT",
            "Integrator": "Velocity-Verlet",
            "Lattice structure": "CUB(a=20.8511)",
            "a": 20.851065000000002,
            "b": 20.851065000000002,
            "c": 20.851065000000002,
            "Alpha": 90.0,
            "Beta": 90.0,
            "Gamma": 90.0,
            "Volume": 9065.353134334478,
            "Initial Temperature": 300,
            "Run time": 1000
        }
    ],
    "Simulation output": [
        {
            "Mean Square Displacement": 0.06812429012823733,
            "Self diffusion coefficient": 0.0014192560443382777,
            "Lindemann Criterion": 0.09365176410448262,
            "Specific Heat": 71.38577236974487,
            "Internal Temperature": 155.3213117352497,
            "Cohesive Energy": 0.06860022301416904,
            "Internal Pressure": -9.09527026630811e-07,
            "Bulk_modulus": 149.7745663517232,
            "Lattice constant": 0
        }
    ]
}