{
    "Simulation input": [
        {
            "Chemical formula": "AgAl499Pt500",
            "Database": "Materials Project",
            "Potential": "EMT",
            "Integrator": "Velocity-Verlet",
            "Lattice structure": "CUB(a=24.5872)",
            "a": 24.587245000000003,
            "b": 24.587245000000003,
            "c": 24.587245000000003,
            "Alpha": 90.0,
            "Beta": 90.0,
            "Gamma": 90.0,
            "Volume": 14863.791557048735,
            "Initial Temperature": 300,
            "Run time": 1000
        }
    ],
    "Simulation output": [
        {
            "Mean Square Displacement": 1.1593490296861,
            "Self diffusion coefficient": 0.024153104785127083,
            "Lindemann Criterion": 0.42278736068906386,
            "Specific Heat": 112.23026399380582,
            "Internal Temperature": 598.629978280121,
            "Cohesive Energy": 0.2954743877043865,
            "Internal Pressure": -4.982956287717021e-06,
            "Bulk_modulus": 102.64823186302671,
            "Lattice constant": 0
        }
    ]
}