{
    "Simulation input": [
        {
            "Chemical formula": "Ag124",
            "Database": "Materials Project",
            "Potential": "EMT",
            "Integrator": "Velocity-Verlet",
            "Lattice structure": "FCC(a=16.6422)",
            "a": 11.767806800000002,
            "b": 11.7678068,
            "c": 11.7678068,
            "Alpha": 59.999999999999986,
            "Beta": 59.99999999999999,
            "Gamma": 59.99999999999999,
            "Volume": 1152.3159974732619,
            "Initial Temperature": 300,
            "Run time": 1000
        }
    ],
    "Simulation output": [
        {
            "Mean Square Displacement": 0.05447396384092687,
            "Self diffusion coefficient": 0.0011348742466859765,
            "Lindemann Criterion": 0.08252632812329681,
            "Specific Heat": 115.60696007075096,
            "Internal Temperature": 349.97671830856234,
            "Cohesive Energy": 0.0749525918987429,
            "Internal Pressure": 1.462714364728224e-06,
            "Bulk_modulus": null,
            "Lattice constant": 0
        }
    ]
}