{
    "Simulation input": [
        {
            "Chemical formula": "Al375Pd125",
            "Database": "Materials Project",
            "Potential": "EMT",
            "Integrator": "Velocity-Verlet",
            "Lattice structure": "CUB(a=20.295)",
            "a": 20.295001988162966,
            "b": 20.295001988162966,
            "c": 20.295001988162966,
            "Alpha": 90.0,
            "Beta": 90.0,
            "Gamma": 90.0,
            "Volume": 8359.249629070835,
            "Initial Temperature": 300,
            "Run time": 1000
        }
    ],
    "Simulation output": [
        {
            "Mean Square Displacement": 0.03997962482610835,
            "Self diffusion coefficient": 0.0008329088505439239,
            "Lindemann Criterion": 0.0726715687984328,
            "Specific Heat": 266.22561346141106,
            "Internal Temperature": 193.13133267713863,
            "Cohesive Energy": 0.04304980849483016,
            "Internal Pressure": 1.0897692878057657e-06,
            "Bulk_modulus": 52.343353910546156,
            "Lattice constant": 4.059000397632593
        }
    ]
}