{
    "Simulation input": [
        {
            "Chemical formula": "Ag375Ni125",
            "Database": "Materials Project",
            "Potential": "EMT",
            "Integrator": "Velocity-Verlet",
            "Lattice structure": "CUB(a=20.0451)",
            "a": 20.04515,
            "b": 20.04515,
            "c": 20.04515,
            "Alpha": 90.0,
            "Beta": 90.0,
            "Gamma": 90.0,
            "Volume": 8054.302403389292,
            "Initial Temperature": 300,
            "Run time": 3000
        }
    ],
    "Simulation output": [
        {
            "Mean Square Displacement": 0.03399132313468072,
            "Self diffusion coefficient": 0.00020232930437309954,
            "Lindemann Criterion": 0.06911959288797474,
            "Specific Heat": 130.47742797042264,
            "Internal Temperature": 152.06710138810064,
            "Cohesive Energy": 0.13762515011885576,
            "Internal Pressure": -6.788079734952233e-07,
            "Bulk_modulus": 106.04892635327904,
            "Lattice constant": 3.7486362256057384
        }
    ]
}