{
    "Simulation input": [
        {
            "Chemical formula": "Cu124Pd",
            "Database": "Materials Project",
            "Potential": "EMT",
            "Integrator": "Velocity-Verlet",
            "Lattice structure": "FCC(a=18.1063)",
            "a": 12.8030946,
            "b": 12.8030946,
            "c": 12.8030946,
            "Alpha": 60.00000000000001,
            "Beta": 60.00000000000001,
            "Gamma": 60.00000000000001,
            "Volume": 1483.9862107102726,
            "Initial Temperature": 300,
            "Run time": 1000
        }
    ],
    "Simulation output": [
        {
            "Mean Square Displacement": 0.016981850996925743,
            "Self diffusion coefficient": 0.00035378856243595296,
            "Lindemann Criterion": 0.05264490491266099,
            "Specific Heat": 195.18721936155566,
            "Internal Temperature": 144.92182666696596,
            "Cohesive Energy": 0.015756850678605716,
            "Internal Pressure": -5.776894352757904e-08,
            "Bulk_modulus": 126.07934784953801,
            "Lattice constant": 0
        }
    ]
}