{
    "Simulation input": [
        {
            "Chemical formula": "Au500",
            "Database": "ASE",
            "Potential": "EMT_Asap_Standard_JacobsenStoltzeNorskov_1996_AlAgAuCuNiPdPt__MO_115316750986_001",
            "Integrator": "Velocity-Verlet",
            "Lattice structure": "CUB(a=20.4)",
            "a": 20.4,
            "b": 20.4,
            "c": 20.4,
            "Alpha": 90.0,
            "Beta": 90.0,
            "Gamma": 90.0,
            "Volume": 8489.664,
            "Initial Temperature": 1200,
            "Run time": 3000
        }
    ],
    "Simulation output": [
        {
            "Mean Square Displacement": 0.18987852844554864,
            "Self diffusion coefficient": 0.0011302293359854085,
            "Lindemann Criterion": 0.1654311522290293,
            "Specific Heat": 63.31183511429791,
            "Internal Temperature": 763.7311456199294,
            "Cohesive Energy": 3.6996139934285086,
            "Internal Pressure": -2.6744622695914744e-06,
            "Bulk_modulus": 162.48047474894528,
            "Lattice constant": 3.8073118842989633
        }
    ]
}