{
    "Simulation input": [
        {
            "Chemical formula": "Al125",
            "Database": "Materials Project",
            "Potential": "EMT",
            "Integrator": "Velocity-Verlet",
            "Lattice structure": "BCC(a=16.1025)",
            "a": 13.94517405,
            "b": 13.945174050000002,
            "c": 13.945174049999999,
            "Alpha": 109.47122063,
            "Beta": 109.47122063,
            "Gamma": 109.47122062999999,
            "Volume": 2087.6126823078234,
            "Initial Temperature": 300,
            "Run time": 1000
        }
    ],
    "Simulation output": [
        {
            "Mean Square Displacement": 0.2436738949963697,
            "Self diffusion coefficient": 0.005076539479091036,
            "Lindemann Criterion": 0.1805133546670154,
            "Specific Heat": 462.17952663891634,
            "Internal Temperature": 149.90650557660973,
            "Cohesive Energy": 0.04059893797276047,
            "Internal Pressure": -2.8461539877629415e-07,
            "Bulk_modulus": 35.26887476370162,
            "Lattice constant": 0
        }
    ]
}