{
    "Simulation input": [
        {
            "Chemical formula": "Au125NiPd374",
            "Database": "Materials Project",
            "Potential": "EMT",
            "Integrator": "Velocity-Verlet",
            "Lattice structure": "CUB(a=20.027)",
            "a": 20.026955,
            "b": 20.026955,
            "c": 20.026955,
            "Alpha": 90.0,
            "Beta": 90.0,
            "Gamma": 90.0,
            "Volume": 8032.389613906253,
            "Initial Temperature": 300,
            "Run time": 1000
        }
    ],
    "Simulation output": [
        {
            "Mean Square Displacement": 0.03964508820259537,
            "Self diffusion coefficient": 0.0008259393375540702,
            "Lindemann Criterion": 0.07342162510382166,
            "Specific Heat": 96.698200577816,
            "Internal Temperature": 217.65815968491808,
            "Cohesive Energy": 0.07006241016078597,
            "Internal Pressure": -1.2674420163880074e-05,
            "Bulk_modulus": 170.63889703311483,
            "Lattice constant": 0
        }
    ]
}