{
    "Simulation input": [
        {
            "Chemical formula": "Ag124Au375Ni",
            "Database": "Materials Project",
            "Potential": "EMT",
            "Integrator": "Velocity-Verlet",
            "Lattice structure": "CUB(a=20.8511)",
            "a": 20.851065000000002,
            "b": 20.851065000000002,
            "c": 20.851065000000002,
            "Alpha": 90.0,
            "Beta": 90.0,
            "Gamma": 90.0,
            "Volume": 9065.353134334478,
            "Initial Temperature": 300,
            "Run time": 1000
        }
    ],
    "Simulation output": [
        {
            "Mean Square Displacement": 0.06103621504584308,
            "Self diffusion coefficient": 0.0012715878134550642,
            "Lindemann Criterion": 0.08739290797252784,
            "Specific Heat": 71.42480014316669,
            "Internal Temperature": 157.12885959577932,
            "Cohesive Energy": 0.06933308352934067,
            "Internal Pressure": -1.912918358570159e-06,
            "Bulk_modulus": 149.4673067426872,
            "Lattice constant": 0
        }
    ]
}