{
    "Simulation input": [
        {
            "Chemical formula": "Ag125Al374Au",
            "Database": "Materials Project",
            "Potential": "EMT",
            "Integrator": "Velocity-Verlet",
            "Lattice structure": "CUB(a=20.4076)",
            "a": 20.407565,
            "b": 20.407565,
            "c": 20.407565,
            "Alpha": 90.0,
            "Beta": 90.0,
            "Gamma": 90.0,
            "Volume": 8499.11225406152,
            "Initial Temperature": 300,
            "Run time": 1000
        }
    ],
    "Simulation output": [
        {
            "Mean Square Displacement": 0.09610868919102968,
            "Self diffusion coefficient": 0.0020022643581464514,
            "Lindemann Criterion": 0.11422543072816702,
            "Specific Heat": 262.29453974451394,
            "Internal Temperature": 227.91890255780623,
            "Cohesive Energy": 0.0042121965019756655,
            "Internal Pressure": 8.173879201410126e-07,
            "Bulk_modulus": 46.195408351582195,
            "Lattice constant": 0
        }
    ]
}