{
    "Simulation input": [
        {
            "Chemical formula": "Ni499Pt",
            "Database": "ASE",
            "Potential": "EMT_Asap_Standard_JacobsenStoltzeNorskov_1996_AlAgAuCuNiPdPt__MO_115316750986_001",
            "Integrator": "Velocity-Verlet",
            "Lattice structure": "CUB(a=17.6)",
            "a": 17.6,
            "b": 17.6,
            "c": 17.6,
            "Alpha": 90.0,
            "Beta": 90.0,
            "Gamma": 90.0,
            "Volume": 5451.776,
            "Initial Temperature": 700,
            "Run time": 3000
        }
    ],
    "Simulation output": [
        {
            "Mean Square Displacement": 0.10009170628705231,
            "Self diffusion coefficient": 0.0005957839659943591,
            "Lindemann Criterion": 0.13424639309542774,
            "Specific Heat": 211.482491926378,
            "Internal Temperature": 578.7265081555131,
            "Cohesive Energy": 4.36569873166637,
            "Internal Pressure": 5.003228482099044e-06,
            "Bulk_modulus": 161.63184449672093,
            "Lattice constant": 3.4914114204442335
        }
    ]
}