{
    "Simulation input": [
        {
            "Chemical formula": "Ag124Al",
            "Database": "Materials Project",
            "Potential": "EMT",
            "Integrator": "Velocity-Verlet",
            "Lattice structure": "FCC(a=16.6422)",
            "a": 11.767806800000002,
            "b": 11.7678068,
            "c": 11.7678068,
            "Alpha": 59.999999999999986,
            "Beta": 59.99999999999999,
            "Gamma": 59.99999999999999,
            "Volume": 1152.3159974732619,
            "Initial Temperature": 300,
            "Run time": 1000
        }
    ],
    "Simulation output": [
        {
            "Mean Square Displacement": 0.03186947199814935,
            "Self diffusion coefficient": 0.0006639473332947782,
            "Lindemann Criterion": 0.06301342900947715,
            "Specific Heat": 116.30466315034958,
            "Internal Temperature": 165.2861346844295,
            "Cohesive Energy": 0.042947748935679896,
            "Internal Pressure": 3.6153144682876106e-07,
            "Bulk_modulus": null,
            "Lattice constant": 2.9419517
        }
    ]
}