{
    "Simulation input": [
        {
            "Chemical formula": "Al124Cu125",
            "Database": "Materials Project",
            "Potential": "EMT",
            "Integrator": "Velocity-Verlet",
            "Lattice structure": "CUB(a=14.9875)",
            "a": 14.987545,
            "b": 14.987545,
            "c": 14.987545,
            "Alpha": 90.0,
            "Beta": 90.0,
            "Gamma": 90.0,
            "Volume": 3366.5998537840187,
            "Initial Temperature": 300,
            "Run time": 1000
        }
    ],
    "Simulation output": [
        {
            "Mean Square Displacement": 0.18630565203892394,
            "Self diffusion coefficient": 0.0038813677508109153,
            "Lindemann Criterion": 0.17450422943094912,
            "Specific Heat": 275.0570638902689,
            "Internal Temperature": 523.7504640580722,
            "Cohesive Energy": 0.23512931188713226,
            "Internal Pressure": 1.2723761630745469e-06,
            "Bulk_modulus": 58.394688957510716,
            "Lattice constant": 2.997509
        }
    ]
}