{
    "Simulation input": [
        {
            "Chemical formula": "Al10500Pt2500",
            "Database": "Materials Project",
            "Potential": "EMT",
            "Integrator": "Velocity-Verlet",
            "Lattice structure": "FCC(a=100.242)",
            "a": 70.88162219926043,
            "b": 70.88162219926043,
            "c": 70.88162219926043,
            "Alpha": 59.99999999999999,
            "Beta": 59.99999999999999,
            "Gamma": 60.00000000000001,
            "Volume": 251817.52259301947,
            "Initial Temperature": 300,
            "Run time": 1000
        }
    ],
    "Simulation output": [
        {
            "Mean Square Displacement": 0.5723341348570765,
            "Self diffusion coefficient": 0.011923627809522427,
            "Lindemann Criterion": 0.29904011855511353,
            "Specific Heat": 210.26030821374368,
            "Internal Temperature": 671.6907096256098,
            "Cohesive Energy": 0.1925482706197315,
            "Internal Pressure": -4.137250027080919e-06,
            "Bulk_modulus": 50.410525440039315,
            "Lattice constant": 14.176324439852086
        }
    ]
}