{
    "Simulation input": [
        {
            "Chemical formula": "Al124Cu375",
            "Database": "Materials Project",
            "Potential": "EMT",
            "Integrator": "Velocity-Verlet",
            "Lattice structure": "FCC(a=29.1847)",
            "a": 20.636671,
            "b": 20.636671000000003,
            "c": 20.636671,
            "Alpha": 60.00000000000001,
            "Beta": 59.99999999999999,
            "Gamma": 60.00000000000001,
            "Volume": 6214.4675359729545,
            "Initial Temperature": 300,
            "Run time": 1000
        }
    ],
    "Simulation output": [
        {
            "Mean Square Displacement": 0.1334794557671904,
            "Self diffusion coefficient": 0.0027808219951498,
            "Lindemann Criterion": 0.15468140121529655,
            "Specific Heat": 228.98184503755002,
            "Internal Temperature": 595.017630402472,
            "Cohesive Energy": 0.2093397047526103,
            "Internal Pressure": 3.747534248096119e-06,
            "Bulk_modulus": 81.16007421637082,
            "Lattice constant": 0
        }
    ]
}