{
    "Simulation input": [
        {
            "Chemical formula": "Al500",
            "Database": "ASE",
            "Potential": "EMT_Asap_Standard_JacobsenStoltzeNorskov_1996_AlAgAuCuNiPdPt__MO_115316750986_001",
            "Integrator": "Velocity-Verlet",
            "Lattice structure": "CUB(a=20.25)",
            "a": 20.25,
            "b": 20.25,
            "c": 20.25,
            "Alpha": 90.0,
            "Beta": 90.0,
            "Gamma": 90.0,
            "Volume": 8303.765624999998,
            "Initial Temperature": 600,
            "Run time": 3000
        }
    ],
    "Simulation output": [
        {
            "Mean Square Displacement": 0.12076865479353333,
            "Self diffusion coefficient": 0.0007188610404376983,
            "Lindemann Criterion": 0.1276015722315445,
            "Specific Heat": 462.1795358169575,
            "Internal Temperature": 312.44542550667575,
            "Cohesive Energy": 3.2411350144697644,
            "Internal Pressure": 7.970694987984577e-08,
            "Bulk_modulus": 34.756015253514306,
            "Lattice constant": 3.915692163969525
        }
    ]
}