{
    "Simulation input": [
        {
            "Chemical formula": "Al125AuNi124",
            "Database": "Materials Project",
            "Potential": "EMT",
            "Integrator": "Velocity-Verlet",
            "Lattice structure": "CUB(a=14.4395)",
            "a": 14.43951,
            "b": 14.43951,
            "c": 14.43951,
            "Alpha": 90.0,
            "Beta": 90.0,
            "Gamma": 90.0,
            "Volume": 3010.6298794090108,
            "Initial Temperature": 300,
            "Run time": 1000
        }
    ],
    "Simulation output": [
        {
            "Mean Square Displacement": 1.7325954546373283,
            "Self diffusion coefficient": 0.036095738638277676,
            "Lindemann Criterion": 0.5687218266100861,
            "Specific Heat": 287.3969431388638,
            "Internal Temperature": 613.4087639094707,
            "Cohesive Energy": 0.39597513788114985,
            "Internal Pressure": 6.323317898869795e-07,
            "Bulk_modulus": 72.88031547483195,
            "Lattice constant": 0
        }
    ]
}