{
    "Simulation input": [
        {
            "Chemical formula": "CuNi124Pt375",
            "Database": "Materials Project",
            "Potential": "EMT",
            "Integrator": "Velocity-Verlet",
            "Lattice structure": "CUB(a=19.3952)",
            "a": 19.3952,
            "b": 19.3952,
            "c": 19.3952,
            "Alpha": 90.0,
            "Beta": 90.0,
            "Gamma": 90.0,
            "Volume": 7295.965756817409,
            "Initial Temperature": 300,
            "Run time": 1000
        }
    ],
    "Simulation output": [
        {
            "Mean Square Displacement": 0.03753486095660562,
            "Self diffusion coefficient": 0.0007819762699292837,
            "Lindemann Criterion": 0.07492936087579266,
            "Specific Heat": 77.4572700552314,
            "Internal Temperature": 231.74652153069314,
            "Cohesive Energy": 0.0017574239310049259,
            "Internal Pressure": -3.330060822528569e-05,
            "Bulk_modulus": 241.9747008974666,
            "Lattice constant": 0
        }
    ]
}