{
    "Simulation input": [
        {
            "Chemical formula": "Al500Pd500",
            "Database": "Materials Project",
            "Potential": "EMT",
            "Integrator": "Langevin",
            "Lattice structure": "CUB(a=24.5437)",
            "a": 24.543685000000004,
            "b": 24.543685000000004,
            "c": 24.543685000000004,
            "Alpha": 90.0,
            "Beta": 90.0,
            "Gamma": 90.0,
            "Volume": 14784.931112990605,
            "Initial Temperature": 300,
            "Run time": 1000
        }
    ],
    "Simulation output": [
        {
            "Mean Square Displacement": 0.6311957886796631,
            "Self diffusion coefficient": 0.013149912264159647,
            "Lindemann Criterion": 0.30911859903051314,
            "Specific Heat": 100483500627.71263,
            "Internal Temperature": 145.74923103446153,
            "Cohesive Energy": 0.2238521473138683,
            "Internal Pressure": -1.244913691452727e-06,
            "Bulk_modulus": 73.88167971649986,
            "Lattice constant": 0
        }
    ]
}