{
    "Simulation input": [
        {
            "Chemical formula": "Al125Pt375",
            "Database": "Materials Project",
            "Potential": "EMT",
            "Integrator": "Velocity-Verlet",
            "Lattice structure": "CUB(a=20.0521)",
            "a": 20.052080894378868,
            "b": 20.052080894378868,
            "c": 20.052080894378868,
            "Alpha": 90.0,
            "Beta": 90.0,
            "Gamma": 90.0,
            "Volume": 8062.659959693441,
            "Initial Temperature": 300,
            "Run time": 1000
        }
    ],
    "Simulation output": [
        {
            "Mean Square Displacement": 0.02612799066626532,
            "Self diffusion coefficient": 0.0005443331388805276,
            "Lindemann Criterion": 0.059629530516855475,
            "Specific Heat": 81.47423583608101,
            "Internal Temperature": 168.42989048182446,
            "Cohesive Energy": 0.068762102346614,
            "Internal Pressure": -1.9120890645081003e-06,
            "Bulk_modulus": 171.12787348558763,
            "Lattice constant": 4.010416178875774
        }
    ]
}