{
    "Simulation input": [
        {
            "Chemical formula": "Cu125",
            "Database": "Materials Project",
            "Potential": "EMT",
            "Integrator": "Langevin",
            "Lattice structure": "BCC(a=14.3633)",
            "a": 12.438956699999999,
            "b": 12.4389567,
            "c": 12.438956699999999,
            "Alpha": 109.47122063,
            "Beta": 109.47122063,
            "Gamma": 109.47122063,
            "Volume": 1481.5966161712952,
            "Initial Temperature": 300,
            "Run time": 1000
        }
    ],
    "Simulation output": [
        {
            "Mean Square Displacement": 0.21571870271633606,
            "Self diffusion coefficient": 0.004494139639923668,
            "Lindemann Criterion": 0.1910922425877376,
            "Specific Heat": 3112795221.502422,
            "Internal Temperature": 61.754586503321256,
            "Cohesive Energy": 0.04278415874908624,
            "Internal Pressure": 3.596864197986883e-07,
            "Bulk_modulus": 123.76167521172141,
            "Lattice constant": 2.48779134
        }
    ]
}