{
    "Simulation input": [
        {
            "Chemical formula": "Pt125",
            "Database": "Materials Project",
            "Potential": "EMT",
            "Integrator": "Velocity-Verlet",
            "Lattice structure": "FCC(a=19.8838)",
            "a": 14.060005149999999,
            "b": 14.060005149999999,
            "c": 14.060005149999999,
            "Alpha": 59.999999999999986,
            "Beta": 59.99999999999999,
            "Gamma": 59.99999999999999,
            "Volume": 1965.356961751065,
            "Initial Temperature": 300,
            "Run time": 1000
        }
    ],
    "Simulation output": [
        {
            "Mean Square Displacement": 0.01523044539823579,
            "Self diffusion coefficient": 0.000317300945796579,
            "Lindemann Criterion": 0.045112041941687796,
            "Specific Heat": 63.92279579986504,
            "Internal Temperature": 144.0621889443525,
            "Cohesive Energy": 0.039447672147597486,
            "Internal Pressure": 1.5684068370272963e-06,
            "Bulk_modulus": 277.54452143557677,
            "Lattice constant": 0
        }
    ]
}