{
    "Simulation input": [
        {
            "Chemical formula": "Ni500",
            "Database": "ASE",
            "Potential": "EMT_Asap_Standard_JacobsenStoltzeNorskov_1996_AlAgAuCuNiPdPt__MO_115316750986_001",
            "Integrator": "Velocity-Verlet",
            "Lattice structure": "CUB(a=17.6)",
            "a": 17.6,
            "b": 17.6,
            "c": 17.6,
            "Alpha": 90.0,
            "Beta": 90.0,
            "Gamma": 90.0,
            "Volume": 5451.776,
            "Initial Temperature": 500,
            "Run time": 3000
        }
    ],
    "Simulation output": [
        {
            "Mean Square Displacement": 0.018164239499711396,
            "Self diffusion coefficient": 0.00010812047321256783,
            "Lindemann Criterion": 0.05623630212459539,
            "Specific Heat": 212.46536986372053,
            "Internal Temperature": 258.53791281298965,
            "Cohesive Energy": 4.415305670477012,
            "Internal Pressure": -3.012575699483852e-07,
            "Bulk_modulus": 166.5468380376362,
            "Lattice constant": 3.491411420444396
        }
    ]
}