{
    "Simulation input": [
        {
            "Chemical formula": "Ag124AuPt375",
            "Database": "Materials Project",
            "Potential": "EMT",
            "Integrator": "Velocity-Verlet",
            "Lattice structure": "CUB(a=20.0342)",
            "a": 20.03422,
            "b": 20.03422,
            "c": 20.03422,
            "Alpha": 90.0,
            "Beta": 90.0,
            "Gamma": 90.0,
            "Volume": 8041.134300575908,
            "Initial Temperature": 300,
            "Run time": 1000
        }
    ],
    "Simulation output": [
        {
            "Mean Square Displacement": 0.06688751983733887,
            "Self diffusion coefficient": 0.0013934899966112264,
            "Lindemann Criterion": 0.10322893043566396,
            "Specific Heat": 71.89231506676799,
            "Internal Temperature": 384.80956840726316,
            "Cohesive Energy": 0.11364644633725134,
            "Internal Pressure": -4.4491270832100736e-05,
            "Bulk_modulus": 211.99097929067827,
            "Lattice constant": 0
        }
    ]
}