{
    "Simulation input": [
        {
            "Chemical formula": "Al125Pt125",
            "Database": "Materials Project",
            "Potential": "EMT",
            "Integrator": "Velocity-Verlet",
            "Lattice structure": "CUB(a=16.036)",
            "a": 16.03596861178246,
            "b": 16.03596861178246,
            "c": 16.03596861178246,
            "Alpha": 90.0,
            "Beta": 90.0,
            "Gamma": 90.0,
            "Volume": 4123.686039952604,
            "Initial Temperature": 300,
            "Run time": 1000
        }
    ],
    "Simulation output": [
        {
            "Mean Square Displacement": 0.4791892986293242,
            "Self diffusion coefficient": 0.00998311038811092,
            "Lindemann Criterion": 0.2619764922605565,
            "Specific Heat": 112.31202246747154,
            "Internal Temperature": 380.918340396487,
            "Cohesive Energy": 0.16487302954160504,
            "Internal Pressure": -4.238195591911951e-06,
            "Bulk_modulus": 99.01454859795945,
            "Lattice constant": 3.207193722356492
        }
    ]
}