{
    "Simulation input": [
        {
            "Chemical formula": "Ag375Ni125",
            "Database": "Materials Project",
            "Potential": "EMT",
            "Integrator": "Velocity-Verlet",
            "Lattice structure": "CUB(a=20.0451)",
            "a": 20.04515,
            "b": 20.04515,
            "c": 20.04515,
            "Alpha": 90.0,
            "Beta": 90.0,
            "Gamma": 90.0,
            "Volume": 8054.302403389292,
            "Initial Temperature": 300,
            "Run time": 1000
        }
    ],
    "Simulation output": [
        {
            "Mean Square Displacement": 0.026692370539749013,
            "Self diffusion coefficient": 0.0005560910529114378,
            "Lindemann Criterion": 0.05928493739678697,
            "Specific Heat": 130.47742782339805,
            "Internal Temperature": 149.79455483751988,
            "Cohesive Energy": 0.13729408176269906,
            "Internal Pressure": -1.589923459295767e-06,
            "Bulk_modulus": 106.2248157008283,
            "Lattice constant": 4.00903
        }
    ]
}