{
    "Simulation input": [
        {
            "Chemical formula": "Al1999Cu4500",
            "Database": "Materials Project",
            "Potential": "EMT",
            "Integrator": "Velocity-Verlet",
            "Lattice structure": "CUB(a=43.5073)",
            "a": 43.50731,
            "b": 43.50731,
            "c": 43.50731,
            "Alpha": 90.0,
            "Beta": 90.0,
            "Gamma": 90.0,
            "Volume": 82354.37901630164,
            "Initial Temperature": 300,
            "Run time": 1000
        }
    ],
    "Simulation output": [
        {
            "Mean Square Displacement": 0.17287467115574934,
            "Self diffusion coefficient": 0.0036015556490781113,
            "Lindemann Criterion": 0.17424295891021427,
            "Specific Heat": 238.44137430855633,
            "Internal Temperature": 600.4732828516248,
            "Cohesive Energy": 0.2254002486329038,
            "Internal Pressure": -4.965511869372596e-07,
            "Bulk_modulus": 75.65112212040272,
            "Lattice constant": 0
        }
    ]
}