{
    "Simulation input": [
        {
            "Chemical formula": "Pt500",
            "Database": "ASE",
            "Potential": "EMT_Asap_Standard_JacobsenStoltzeNorskov_1996_AlAgAuCuNiPdPt__MO_115316750986_001",
            "Integrator": "Velocity-Verlet",
            "Lattice structure": "CUB(a=19.6)",
            "a": 19.6,
            "b": 19.6,
            "c": 19.6,
            "Alpha": 90.0,
            "Beta": 90.0,
            "Gamma": 90.0,
            "Volume": 7529.536000000013,
            "Initial Temperature": 500,
            "Run time": 3000
        }
    ],
    "Simulation output": [
        {
            "Mean Square Displacement": 0.026607078488876622,
            "Self diffusion coefficient": 0.00015837546719569417,
            "Lindemann Criterion": 0.06206534266232306,
            "Specific Heat": 63.92279704926299,
            "Internal Temperature": 271.39829647752333,
            "Cohesive Energy": 5.815886258825946,
            "Internal Pressure": 1.1089410472312974e-06,
            "Bulk_modulus": 275.3173805420194,
            "Lattice constant": 3.763694624804003
        }
    ]
}