{
    "Simulation input": [
        {
            "Chemical formula": "AgAl374Pd125",
            "Database": "Materials Project",
            "Potential": "EMT",
            "Integrator": "Velocity-Verlet",
            "Lattice structure": "CUB(a=19.7345)",
            "a": 19.73455,
            "b": 19.73455,
            "c": 19.73455,
            "Alpha": 90.0,
            "Beta": 90.0,
            "Gamma": 90.0,
            "Volume": 7685.669117560159,
            "Initial Temperature": 300,
            "Run time": 1000
        }
    ],
    "Simulation output": [
        {
            "Mean Square Displacement": 0.061148915059543854,
            "Self diffusion coefficient": 0.0012739357304071637,
            "Lindemann Criterion": 0.09624094695363251,
            "Specific Heat": 265.3093257977696,
            "Internal Temperature": 228.5824637349385,
            "Cohesive Energy": 0.07152757223295016,
            "Internal Pressure": -3.0512227090569654e-07,
            "Bulk_modulus": 53.983040591319025,
            "Lattice constant": 0
        }
    ]
}