{
    "Simulation input": [
        {
            "Chemical formula": "Au124",
            "Database": "Materials Project",
            "Potential": "EMT",
            "Integrator": "Velocity-Verlet",
            "Lattice structure": "FCC(a=16.6852)",
            "a": 11.798184120000002,
            "b": 11.798184120000002,
            "c": 11.79818412,
            "Alpha": 59.99999999999999,
            "Beta": 59.99999999999999,
            "Gamma": 60.00000000000001,
            "Volume": 1161.2627901639548,
            "Initial Temperature": 300,
            "Run time": 1000
        }
    ],
    "Simulation output": [
        {
            "Mean Square Displacement": 0.07711483038549415,
            "Self diffusion coefficient": 0.0016065589663644614,
            "Lindemann Criterion": 0.10293488783427421,
            "Specific Heat": 63.311833855125414,
            "Internal Temperature": 281.1828921016173,
            "Cohesive Energy": 0.09710137278059894,
            "Internal Pressure": -1.9694226092523844e-06,
            "Bulk_modulus": null,
            "Lattice constant": 0
        }
    ]
}