{
    "Simulation input": [
        {
            "Chemical formula": "Ag125Al375",
            "Database": "Materials Project",
            "Potential": "EMT",
            "Integrator": "Velocity-Verlet",
            "Lattice structure": "CUB(a=20.4076)",
            "a": 20.407565,
            "b": 20.407565,
            "c": 20.407565,
            "Alpha": 90.0,
            "Beta": 90.0,
            "Gamma": 90.0,
            "Volume": 8499.11225406152,
            "Initial Temperature": 300,
            "Run time": 3000
        }
    ],
    "Simulation output": [
        {
            "Mean Square Displacement": 0.03799342479992198,
            "Self diffusion coefficient": 0.0002261513380947737,
            "Lindemann Criterion": 0.07120393752665938,
            "Specific Heat": 264.18365525745435,
            "Internal Temperature": 154.8324897044724,
            "Cohesive Energy": 0.009071420470915845,
            "Internal Pressure": 6.167731301105685e-08,
            "Bulk_modulus": 46.59663788713374,
            "Lattice constant": 3.7486362256057384
        }
    ]
}