{
    "Simulation input": [
        {
            "Chemical formula": "Ag499Au",
            "Database": "ASE",
            "Potential": "EMT_Asap_Standard_JacobsenStoltzeNorskov_1996_AlAgAuCuNiPdPt__MO_115316750986_001",
            "Integrator": "Velocity-Verlet",
            "Lattice structure": "CUB(a=20.45)",
            "a": 20.45,
            "b": 20.45,
            "c": 20.45,
            "Alpha": 90.0,
            "Beta": 90.0,
            "Gamma": 90.0,
            "Volume": 8552.241125000002,
            "Initial Temperature": 1200,
            "Run time": 3000
        }
    ],
    "Simulation output": [
        {
            "Mean Square Displacement": 0.1787282707002047,
            "Self diffusion coefficient": 0.001063858754167885,
            "Lindemann Criterion": 0.15710277305512155,
            "Specific Heat": 115.41629629535814,
            "Internal Temperature": 797.2373817471854,
            "Cohesive Energy": 2.853504217576236,
            "Internal Pressure": -5.287045860127879e-06,
            "Bulk_modulus": 87.81171706626488,
            "Lattice constant": 3.8347786021727415
        }
    ]
}