{
    "Simulation input": [
        {
            "Chemical formula": "Au375Pd124Pt",
            "Database": "Materials Project",
            "Potential": "EMT",
            "Integrator": "Velocity-Verlet",
            "Lattice structure": "CUB(a=20.5786)",
            "a": 20.578590000000002,
            "b": 20.578590000000002,
            "c": 20.578590000000002,
            "Alpha": 90.0,
            "Beta": 90.0,
            "Gamma": 90.0,
            "Volume": 8714.587675770497,
            "Initial Temperature": 300,
            "Run time": 1000
        }
    ],
    "Simulation output": [
        {
            "Mean Square Displacement": 0.11884846623532558,
            "Self diffusion coefficient": 0.0024760097132359494,
            "Lindemann Criterion": 0.12740194214751613,
            "Specific Heat": 71.46015186067544,
            "Internal Temperature": 335.33586661617045,
            "Cohesive Energy": 0.09603246278072172,
            "Internal Pressure": -1.2053920819084825e-05,
            "Bulk_modulus": 163.6912746517719,
            "Lattice constant": 0
        }
    ]
}