{
    "Simulation input": [
        {
            "Chemical formula": "Al499Pt",
            "Database": "ASE",
            "Potential": "EMT_Asap_Standard_JacobsenStoltzeNorskov_1996_AlAgAuCuNiPdPt__MO_115316750986_001",
            "Integrator": "Velocity-Verlet",
            "Lattice structure": "CUB(a=20.25)",
            "a": 20.25,
            "b": 20.25,
            "c": 20.25,
            "Alpha": 90.0,
            "Beta": 90.0,
            "Gamma": 90.0,
            "Volume": 8303.765624999998,
            "Initial Temperature": 700,
            "Run time": 3000
        }
    ],
    "Simulation output": [
        {
            "Mean Square Displacement": 0.21360346980593709,
            "Self diffusion coefficient": 0.0012714492250353398,
            "Lindemann Criterion": 0.18832408910657966,
            "Specific Heat": 456.4913999835507,
            "Internal Temperature": 468.0080403645505,
            "Cohesive Energy": 3.221447329948722,
            "Internal Pressure": 4.346024742479439e-07,
            "Bulk_modulus": 34.409906429737845,
            "Lattice constant": 3.9156921639693607
        }
    ]
}