{
    "Simulation input": [
        {
            "Chemical formula": "Cu125Pt875",
            "Database": "Materials Project",
            "Potential": "EMT",
            "Integrator": "Velocity-Verlet",
            "Lattice structure": "FCC(a=39.3945)",
            "a": 27.856103949999998,
            "b": 27.85610395,
            "c": 27.856103949999998,
            "Alpha": 59.99999999999999,
            "Beta": 59.99999999999999,
            "Gamma": 60.00000000000001,
            "Volume": 15284.320131081178,
            "Initial Temperature": 300,
            "Run time": 1000
        }
    ],
    "Simulation output": [
        {
            "Mean Square Displacement": 0.02561544333878495,
            "Self diffusion coefficient": 0.0005336550695580198,
            "Lindemann Criterion": 0.05987769276523369,
            "Specific Heat": 69.80627393660768,
            "Internal Temperature": 152.94439870269554,
            "Cohesive Energy": 0.0023888264188358767,
            "Internal Pressure": 2.8606747146528387e-06,
            "Bulk_modulus": 257.5138720095576,
            "Lattice constant": 0
        }
    ]
}