{
    "Simulation input": [
        {
            "Chemical formula": "AgCu125Pd124",
            "Database": "Materials Project",
            "Potential": "EMT",
            "Integrator": "Velocity-Verlet",
            "Lattice structure": "CUB(a=15.0907)",
            "a": 15.090655,
            "b": 15.090655,
            "c": 15.090655,
            "Alpha": 90.0,
            "Beta": 90.0,
            "Gamma": 90.0,
            "Volume": 3436.562694838742,
            "Initial Temperature": 300,
            "Run time": 1000
        }
    ],
    "Simulation output": [
        {
            "Mean Square Displacement": 0.09576029907279876,
            "Self diffusion coefficient": 0.0019950062306833076,
            "Lindemann Criterion": 0.122215115862101,
            "Specific Heat": 146.72893294436727,
            "Internal Temperature": 166.7867054401409,
            "Cohesive Energy": 0.013502170223748467,
            "Internal Pressure": -2.3272400937801995e-06,
            "Bulk_modulus": 145.13757378989695,
            "Lattice constant": 3.018131
        }
    ]
}