{
    "Simulation input": [
        {
            "Chemical formula": "AuPd499",
            "Database": "ASE",
            "Potential": "EMT_Asap_Standard_JacobsenStoltzeNorskov_1996_AlAgAuCuNiPdPt__MO_115316750986_001",
            "Integrator": "Velocity-Verlet",
            "Lattice structure": "CUB(a=19.45)",
            "a": 19.45,
            "b": 19.45,
            "c": 19.45,
            "Alpha": 90.0,
            "Beta": 90.0,
            "Gamma": 90.0,
            "Volume": 7357.983625000011,
            "Initial Temperature": 1300,
            "Run time": 3000
        }
    ],
    "Simulation output": [
        {
            "Mean Square Displacement": 0.17243231314086813,
            "Self diffusion coefficient": 0.0010263828163146911,
            "Lindemann Criterion": 0.1647838795697116,
            "Specific Heat": 116.98111691418762,
            "Internal Temperature": 876.7588597529237,
            "Cohesive Energy": 3.782044571499973,
            "Internal Pressure": -7.586277734450396e-07,
            "Bulk_modulus": 164.82734043362555,
            "Lattice constant": 3.7486362256057384
        }
    ]
}