{
    "Simulation input": [
        {
            "Chemical formula": "Al499AuPt500",
            "Database": "Materials Project",
            "Potential": "EMT",
            "Integrator": "Velocity-Verlet",
            "Lattice structure": "CUB(a=24.5872)",
            "a": 24.587245000000003,
            "b": 24.587245000000003,
            "c": 24.587245000000003,
            "Alpha": 90.0,
            "Beta": 90.0,
            "Gamma": 90.0,
            "Volume": 14863.791557048735,
            "Initial Temperature": 300,
            "Run time": 1000
        }
    ],
    "Simulation output": [
        {
            "Mean Square Displacement": 1.2187371259742141,
            "Self diffusion coefficient": 0.02539035679112946,
            "Lindemann Criterion": 0.4625785201054828,
            "Specific Heat": 112.14034235966047,
            "Internal Temperature": 634.6935986835965,
            "Cohesive Energy": 0.30446396023316263,
            "Internal Pressure": -8.234260336218775e-06,
            "Bulk_modulus": 102.27733544868892,
            "Lattice constant": 4.917449
        }
    ]
}