{
    "Simulation input": [
        {
            "Chemical formula": "Al374AuPd125",
            "Database": "Materials Project",
            "Potential": "EMT",
            "Integrator": "Velocity-Verlet",
            "Lattice structure": "CUB(a=19.7345)",
            "a": 19.73455,
            "b": 19.73455,
            "c": 19.73455,
            "Alpha": 90.0,
            "Beta": 90.0,
            "Gamma": 90.0,
            "Volume": 7685.669117560159,
            "Initial Temperature": 300,
            "Run time": 1000
        }
    ],
    "Simulation output": [
        {
            "Mean Square Displacement": 0.07781754016817166,
            "Self diffusion coefficient": 0.0016211987535035763,
            "Lindemann Criterion": 0.10667179203455619,
            "Specific Heat": 264.3072882786718,
            "Internal Temperature": 244.05664936236377,
            "Cohesive Energy": 0.07340667206329449,
            "Internal Pressure": 3.9772478385896145e-06,
            "Bulk_modulus": 54.037490946238194,
            "Lattice constant": 3.94691
        }
    ]
}