{
    "Simulation input": [
        {
            "Chemical formula": "Al125",
            "Database": "Materials Project",
            "Potential": "EMT",
            "Integrator": "Velocity-Verlet",
            "Lattice structure": "FCC(a=20.1946)",
            "a": 14.279773950000001,
            "b": 14.279773950000001,
            "c": 14.279773950000001,
            "Alpha": 59.99999999999999,
            "Beta": 59.99999999999999,
            "Gamma": 59.99999999999999,
            "Volume": 2058.965169334094,
            "Initial Temperature": 300,
            "Run time": 1000
        }
    ],
    "Simulation output": [
        {
            "Mean Square Displacement": 0.03866474754505141,
            "Self diffusion coefficient": 0.0008055155738552378,
            "Lindemann Criterion": 0.07437285869573124,
            "Specific Heat": 462.1795268597729,
            "Internal Temperature": 165.68000553590147,
            "Cohesive Energy": 0.0186449889204995,
            "Internal Pressure": 2.4850832473716324e-06,
            "Bulk_modulus": 35.35698216549239,
            "Lattice constant": 2.85595479
        }
    ]
}