{
    "Simulation input": [
        {
            "Chemical formula": "Al500Au2000",
            "Database": "Materials Project",
            "Potential": "EMT",
            "Integrator": "Velocity-Verlet",
            "Lattice structure": "CUB(a=35.2732)",
            "a": 35.27325,
            "b": 35.27325,
            "c": 35.27325,
            "Alpha": 90.0,
            "Beta": 90.0,
            "Gamma": 90.0,
            "Volume": 43887.05403642744,
            "Initial Temperature": 300,
            "Run time": 1000
        }
    ],
    "Simulation output": [
        {
            "Mean Square Displacement": 0.09906871154783012,
            "Self diffusion coefficient": 0.002063931490579794,
            "Lindemann Criterion": 0.12359627399160215,
            "Specific Heat": 76.51928813161928,
            "Internal Temperature": 245.21625954081185,
            "Cohesive Energy": 0.08698114959930434,
            "Internal Pressure": -1.8090573249295172e-06,
            "Bulk_modulus": 121.25312691589441,
            "Lattice constant": 7.05465
        }
    ]
}