{
    "Simulation input": [
        {
            "Chemical formula": "Ag499Pt",
            "Database": "ASE",
            "Potential": "EMT_Asap_Standard_JacobsenStoltzeNorskov_1996_AlAgAuCuNiPdPt__MO_115316750986_001",
            "Integrator": "Velocity-Verlet",
            "Lattice structure": "CUB(a=20.45)",
            "a": 20.45,
            "b": 20.45,
            "c": 20.45,
            "Alpha": 90.0,
            "Beta": 90.0,
            "Gamma": 90.0,
            "Volume": 8552.241125000002,
            "Initial Temperature": 1300,
            "Run time": 3000
        }
    ],
    "Simulation output": [
        {
            "Mean Square Displacement": 0.21405790774387493,
            "Self diffusion coefficient": 0.0012741542127611603,
            "Lindemann Criterion": 0.16959243546593514,
            "Specific Heat": 115.42031839546654,
            "Internal Temperature": 846.0483368246706,
            "Cohesive Energy": 2.851047498770065,
            "Internal Pressure": -6.265104455123863e-06,
            "Bulk_modulus": 87.82660330074444,
            "Lattice constant": 3.8347786021727415
        }
    ]
}