{
    "Simulation input": [
        {
            "Chemical formula": "Au125Cu375",
            "Database": "Materials Project",
            "Potential": "EMT",
            "Integrator": "Velocity-Verlet",
            "Lattice structure": "CUB(a=18.8696)",
            "a": 18.869575,
            "b": 18.869575,
            "c": 18.869575,
            "Alpha": 90.0,
            "Beta": 90.0,
            "Gamma": 90.0,
            "Volume": 6718.717115177602,
            "Initial Temperature": 300,
            "Run time": 1000
        }
    ],
    "Simulation output": [
        {
            "Mean Square Displacement": 0.027082507740477865,
            "Self diffusion coefficient": 0.0005642189112599555,
            "Lindemann Criterion": 0.06362585863866588,
            "Specific Heat": 128.69110348916863,
            "Internal Temperature": 155.12343389894343,
            "Cohesive Energy": 0.020141499531067183,
            "Internal Pressure": -2.6261131744828794e-06,
            "Bulk_modulus": 134.18668298015615,
            "Lattice constant": 0
        }
    ]
}