{
    "Simulation input": [
        {
            "Chemical formula": "NiPd499",
            "Database": "ASE",
            "Potential": "EMT_Asap_Standard_JacobsenStoltzeNorskov_1996_AlAgAuCuNiPdPt__MO_115316750986_001",
            "Integrator": "Velocity-Verlet",
            "Lattice structure": "CUB(a=19.45)",
            "a": 19.45,
            "b": 19.45,
            "c": 19.45,
            "Alpha": 90.0,
            "Beta": 90.0,
            "Gamma": 90.0,
            "Volume": 7357.983625000011,
            "Initial Temperature": 600,
            "Run time": 3000
        }
    ],
    "Simulation output": [
        {
            "Mean Square Displacement": 0.04418993308954568,
            "Self diffusion coefficient": 0.0002630353160092005,
            "Lindemann Criterion": 0.07897043865165017,
            "Specific Heat": 117.28538060937966,
            "Internal Temperature": 358.0006210220537,
            "Cohesive Energy": 3.847521704664637,
            "Internal Pressure": -5.854667523709004e-07,
            "Bulk_modulus": 171.84542822568108,
            "Lattice constant": 3.7486362256057384
        }
    ]
}