{
    "Simulation input": [
        {
            "Chemical formula": "Al249NiPt125",
            "Database": "Materials Project",
            "Potential": "EMT",
            "Integrator": "Velocity-Verlet",
            "Lattice structure": "FCC(a=29.7438)",
            "a": 21.032021450000002,
            "b": 21.032021450000002,
            "c": 21.03202145,
            "Alpha": 59.999999999999986,
            "Beta": 59.999999999999986,
            "Gamma": 59.99999999999999,
            "Volume": 6578.517741046045,
            "Initial Temperature": 300,
            "Run time": 1000
        }
    ],
    "Simulation output": [
        {
            "Mean Square Displacement": 4.762609572870439,
            "Self diffusion coefficient": 0.09922103276813415,
            "Lindemann Criterion": 0.9486907917387019,
            "Specific Heat": 150.06349338172717,
            "Internal Temperature": 1733.3126050447213,
            "Cohesive Energy": 0.35686168155179065,
            "Internal Pressure": 2.913367597985522e-06,
            "Bulk_modulus": 65.27390043904234,
            "Lattice constant": 4.20640429
        }
    ]
}