{
    "Simulation input": [
        {
            "Chemical formula": "Ag125",
            "Database": "Materials Project",
            "Potential": "EMT",
            "Integrator": "Velocity-Verlet",
            "Lattice structure": "FCC(a=16.6422)",
            "a": 11.767806800000002,
            "b": 11.7678068,
            "c": 11.7678068,
            "Alpha": 59.999999999999986,
            "Beta": 59.99999999999999,
            "Gamma": 59.99999999999999,
            "Volume": 1152.3159974732619,
            "Initial Temperature": 300,
            "Run time": 1000
        }
    ],
    "Simulation output": [
        {
            "Mean Square Displacement": 0.029295519163150898,
            "Self diffusion coefficient": 0.0006103233158989771,
            "Lindemann Criterion": 0.06087639716155877,
            "Specific Heat": 115.606960106942,
            "Internal Temperature": 158.91217173950278,
            "Cohesive Energy": 0.04398274209200803,
            "Internal Pressure": -2.2869433223902572e-08,
            "Bulk_modulus": null,
            "Lattice constant": 0
        }
    ]
}