{
    "Simulation input": [
        {
            "Chemical formula": "Al125AuCu124",
            "Database": "Materials Project",
            "Potential": "EMT",
            "Integrator": "Velocity-Verlet",
            "Lattice structure": "CUB(a=14.9875)",
            "a": 14.987545,
            "b": 14.987545,
            "c": 14.987545,
            "Alpha": 90.0,
            "Beta": 90.0,
            "Gamma": 90.0,
            "Volume": 3366.5998537840187,
            "Initial Temperature": 300,
            "Run time": 1000
        }
    ],
    "Simulation output": [
        {
            "Mean Square Displacement": 0.26545085821124825,
            "Self diffusion coefficient": 0.005530226212734339,
            "Lindemann Criterion": 0.21048171194458962,
            "Specific Heat": 272.2927686968312,
            "Internal Temperature": 187.55069528767584,
            "Cohesive Energy": 0.18637408186885554,
            "Internal Pressure": 1.31434827727011e-06,
            "Bulk_modulus": 60.57190005338037,
            "Lattice constant": 2.997509
        }
    ]
}