{
    "Simulation input": [
        {
            "Chemical formula": "Ag124AlAu375",
            "Database": "Materials Project",
            "Potential": "EMT",
            "Integrator": "Velocity-Verlet",
            "Lattice structure": "CUB(a=20.8511)",
            "a": 20.851065000000002,
            "b": 20.851065000000002,
            "c": 20.851065000000002,
            "Alpha": 90.0,
            "Beta": 90.0,
            "Gamma": 90.0,
            "Volume": 9065.353134334478,
            "Initial Temperature": 300,
            "Run time": 1000
        }
    ],
    "Simulation output": [
        {
            "Mean Square Displacement": 0.05609046413803148,
            "Self diffusion coefficient": 0.0011685513362089891,
            "Lindemann Criterion": 0.08749383050112039,
            "Specific Heat": 71.45075568914314,
            "Internal Temperature": 162.6880641590206,
            "Cohesive Energy": 0.06819745557572501,
            "Internal Pressure": 7.097869620475017e-07,
            "Bulk_modulus": 149.29849589368231,
            "Lattice constant": 0
        }
    ]
}