{
    "Simulation input": [
        {
            "Chemical formula": "Cu375Pt125",
            "Database": "Materials Project",
            "Potential": "EMT",
            "Integrator": "Velocity-Verlet",
            "Lattice structure": "CUB(a=18.6144)",
            "a": 18.614425,
            "b": 18.614425,
            "c": 18.614425,
            "Alpha": 90.0,
            "Beta": 90.0,
            "Gamma": 90.0,
            "Volume": 6449.83903290044,
            "Initial Temperature": 20,
            "Run time": 1000
        }
    ],
    "Simulation output": [
        {
            "Mean Square Displacement": 0.0009599434132639735,
            "Self diffusion coefficient": 1.9998821109666114e-05,
            "Lindemann Criterion": 0.011891902776605436,
            "Specific Heat": 129.31919802856103,
            "Internal Temperature": 10.132356455828164,
            "Cohesive Energy": 0.08455730727997932,
            "Internal Pressure": -1.439258069202709e-07,
            "Bulk_modulus": 161.54962203173565,
            "Lattice constant": 0
        }
    ]
}