{
    "Simulation input": [
        {
            "Chemical formula": "Al500Pt500",
            "Database": "Materials Project",
            "Potential": "EMT",
            "Integrator": "Velocity-Verlet",
            "Lattice structure": "CUB(a=25.685)",
            "a": 25.68496572122485,
            "b": 25.68496572122485,
            "c": 25.68496572122485,
            "Alpha": 90.0,
            "Beta": 90.0,
            "Gamma": 90.0,
            "Volume": 16944.82045111463,
            "Initial Temperature": 300,
            "Run time": 1000
        }
    ],
    "Simulation output": [
        {
            "Mean Square Displacement": 1.3231049572277105,
            "Self diffusion coefficient": 0.027564686608910635,
            "Lindemann Criterion": 0.45370392869986453,
            "Specific Heat": 112.31202302461016,
            "Internal Temperature": 628.3072467487478,
            "Cohesive Energy": 0.20602098282294054,
            "Internal Pressure": 6.1420167991292e-06,
            "Bulk_modulus": 100.83826125618226,
            "Lattice constant": 5.13699314424497
        }
    ]
}