{
    "Simulation input": [
        {
            "Chemical formula": "Al1999Cu4500Pt",
            "Database": "Materials Project",
            "Potential": "EMT",
            "Integrator": "Velocity-Verlet",
            "Lattice structure": "CUB(a=43.5073)",
            "a": 43.50731,
            "b": 43.50731,
            "c": 43.50731,
            "Alpha": 90.0,
            "Beta": 90.0,
            "Gamma": 90.0,
            "Volume": 82354.37901630164,
            "Initial Temperature": 300,
            "Run time": 1000
        }
    ],
    "Simulation output": [
        {
            "Mean Square Displacement": 0.1139466048573793,
            "Self diffusion coefficient": 0.002373887601195402,
            "Lindemann Criterion": 0.133999491775337,
            "Specific Heat": 238.34126561854575,
            "Internal Temperature": 208.85113685185303,
            "Cohesive Energy": 0.17563583134427085,
            "Internal Pressure": -1.3679314328055903e-06,
            "Bulk_modulus": 77.95444572669695,
            "Lattice constant": 0
        }
    ]
}