{
    "Simulation input": [
        {
            "Chemical formula": "Al124",
            "Database": "Materials Project",
            "Potential": "EMT",
            "Integrator": "Velocity-Verlet",
            "Lattice structure": "FCC(a=20.1946)",
            "a": 14.279773950000001,
            "b": 14.279773950000001,
            "c": 14.279773950000001,
            "Alpha": 59.99999999999999,
            "Beta": 59.99999999999999,
            "Gamma": 59.99999999999999,
            "Volume": 2058.965169334094,
            "Initial Temperature": 300,
            "Run time": 1000
        }
    ],
    "Simulation output": [
        {
            "Mean Square Displacement": 0.08118384969825135,
            "Self diffusion coefficient": 0.001691330202046903,
            "Lindemann Criterion": 0.1055060127989306,
            "Specific Heat": 462.17952667197005,
            "Internal Temperature": 325.72278083583814,
            "Cohesive Energy": 0.046962982900575836,
            "Internal Pressure": 6.741733168905754e-07,
            "Bulk_modulus": 34.57057821867446,
            "Lattice constant": 0
        }
    ]
}