{
    "Simulation input": [
        {
            "Chemical formula": "AlPt499",
            "Database": "ASE",
            "Potential": "EMT_Asap_Standard_JacobsenStoltzeNorskov_1996_AlAgAuCuNiPdPt__MO_115316750986_001",
            "Integrator": "Velocity-Verlet",
            "Lattice structure": "CUB(a=19.6)",
            "a": 19.6,
            "b": 19.6,
            "c": 19.6,
            "Alpha": 90.0,
            "Beta": 90.0,
            "Gamma": 90.0,
            "Volume": 7529.536000000013,
            "Initial Temperature": 600,
            "Run time": 3000
        }
    ],
    "Simulation output": [
        {
            "Mean Square Displacement": 0.041329377847174935,
            "Self diffusion coefficient": 0.00024600820147127936,
            "Lindemann Criterion": 0.07651680609617231,
            "Specific Heat": 64.03315084838984,
            "Internal Temperature": 395.51222729293943,
            "Cohesive Energy": 5.783614401998505,
            "Internal Pressure": -6.220923292378318e-06,
            "Bulk_modulus": 270.08822861592034,
            "Lattice constant": 3.763694624804003
        }
    ]
}