{
    "Simulation input": [
        {
            "Chemical formula": "Ag500",
            "Database": "ASE",
            "Potential": "EMT_Asap_Standard_JacobsenStoltzeNorskov_1996_AlAgAuCuNiPdPt__MO_115316750986_001",
            "Integrator": "Velocity-Verlet",
            "Lattice structure": "CUB(a=20.45)",
            "a": 20.45,
            "b": 20.45,
            "c": 20.45,
            "Alpha": 90.0,
            "Beta": 90.0,
            "Gamma": 90.0,
            "Volume": 8552.241125000002,
            "Initial Temperature": 1100,
            "Run time": 3000
        }
    ],
    "Simulation output": [
        {
            "Mean Square Displacement": 0.11668110570979927,
            "Self diffusion coefficient": 0.0006945303911297575,
            "Lindemann Criterion": 0.12457808333119448,
            "Specific Heat": 115.60696238149126,
            "Internal Temperature": 575.6451718722058,
            "Cohesive Energy": 2.8864745433587657,
            "Internal Pressure": -7.931345009687773e-07,
            "Bulk_modulus": 90.2224353799245,
            "Lattice constant": 3.8347786021727415
        }
    ]
}