{
    "Simulation input": [
        {
            "Chemical formula": "Al249PdPt125",
            "Database": "Materials Project",
            "Potential": "EMT",
            "Integrator": "Velocity-Verlet",
            "Lattice structure": "FCC(a=29.7438)",
            "a": 21.032021450000002,
            "b": 21.032021450000002,
            "c": 21.03202145,
            "Alpha": 59.999999999999986,
            "Beta": 59.999999999999986,
            "Gamma": 59.99999999999999,
            "Volume": 6578.517741046045,
            "Initial Temperature": 300,
            "Run time": 1000
        }
    ],
    "Simulation output": [
        {
            "Mean Square Displacement": 4.87913899069657,
            "Self diffusion coefficient": 0.10164872897284521,
            "Lindemann Criterion": 1.0193752858220229,
            "Specific Heat": 149.83401737980674,
            "Internal Temperature": 1755.8521251345815,
            "Cohesive Energy": 0.3518542878227927,
            "Internal Pressure": -5.159674699003222e-06,
            "Bulk_modulus": 65.3948175607608,
            "Lattice constant": 0
        }
    ]
}