{
    "Simulation input": [
        {
            "Chemical formula": "Pt124",
            "Database": "Materials Project",
            "Potential": "EMT",
            "Integrator": "Velocity-Verlet",
            "Lattice structure": "FCC(a=19.8838)",
            "a": 14.060005149999999,
            "b": 14.060005149999999,
            "c": 14.060005149999999,
            "Alpha": 59.999999999999986,
            "Beta": 59.99999999999999,
            "Gamma": 59.99999999999999,
            "Volume": 1965.356961751065,
            "Initial Temperature": 300,
            "Run time": 1000
        }
    ],
    "Simulation output": [
        {
            "Mean Square Displacement": 0.05319015054771689,
            "Self diffusion coefficient": 0.0011081281364107686,
            "Lindemann Criterion": 0.08899953991295317,
            "Specific Heat": 63.92279577770464,
            "Internal Temperature": 477.37692145795774,
            "Cohesive Energy": 0.08796075704849737,
            "Internal Pressure": 3.444923502396078e-06,
            "Bulk_modulus": 265.67404436775985,
            "Lattice constant": 0
        }
    ]
}