{
    "Simulation input": [
        {
            "Chemical formula": "Al499AuCu2000",
            "Database": "Materials Project",
            "Potential": "EMT",
            "Integrator": "Velocity-Verlet",
            "Lattice structure": "CUB(a=31.4606)",
            "a": 31.460555,
            "b": 31.460555,
            "c": 31.460555,
            "Alpha": 90.0,
            "Beta": 90.0,
            "Gamma": 90.0,
            "Volume": 31138.60406818556,
            "Initial Temperature": 300,
            "Run time": 1000
        }
    ],
    "Simulation output": [
        {
            "Mean Square Displacement": 0.23111079724054354,
            "Self diffusion coefficient": 0.004814808275844657,
            "Lindemann Criterion": 0.1966168910923629,
            "Specific Heat": 221.49326675569958,
            "Internal Temperature": 259.7425725788396,
            "Cohesive Energy": 0.21241197040160617,
            "Internal Pressure": -1.79734801524653e-06,
            "Bulk_modulus": 84.80723710433404,
            "Lattice constant": 0
        }
    ]
}