{
    "Simulation input": [
        {
            "Chemical formula": "Ag124AlPt375",
            "Database": "Materials Project",
            "Potential": "EMT",
            "Integrator": "Velocity-Verlet",
            "Lattice structure": "CUB(a=20.0342)",
            "a": 20.03422,
            "b": 20.03422,
            "c": 20.03422,
            "Alpha": 90.0,
            "Beta": 90.0,
            "Gamma": 90.0,
            "Volume": 8041.134300575908,
            "Initial Temperature": 300,
            "Run time": 1000
        }
    ],
    "Simulation output": [
        {
            "Mean Square Displacement": 0.04362957982488083,
            "Self diffusion coefficient": 0.0009089495796850174,
            "Lindemann Criterion": 0.07866068379191708,
            "Specific Heat": 72.03349735724272,
            "Internal Temperature": 219.2802919405294,
            "Cohesive Energy": 0.09253781512843742,
            "Internal Pressure": -1.362802721121755e-05,
            "Bulk_modulus": 214.6346045373782,
            "Lattice constant": 4.006844
        }
    ]
}