{
    "Simulation input": [
        {
            "Chemical formula": "Al125Pt125",
            "Database": "Materials Project",
            "Potential": "EMT",
            "Integrator": "Velocity-Verlet",
            "Lattice structure": "CUB(a=16.036)",
            "a": 16.03596861178246,
            "b": 16.03596861178246,
            "c": 16.03596861178246,
            "Alpha": 90.0,
            "Beta": 90.0,
            "Gamma": 90.0,
            "Volume": 4123.686039952604,
            "Initial Temperature": 300,
            "Run time": 1000
        }
    ],
    "Simulation output": [
        {
            "Mean Square Displacement": 0.36352430809462577,
            "Self diffusion coefficient": 0.0075734230853047035,
            "Lindemann Criterion": 0.2380605630926206,
            "Specific Heat": 112.31202248398998,
            "Internal Temperature": 351.05644369713184,
            "Cohesive Energy": 0.1660352368330209,
            "Internal Pressure": 6.316582876564411e-07,
            "Bulk_modulus": 98.22886925899974,
            "Lattice constant": 3.207193722356492
        }
    ]
}