{
    "Simulation input": [
        {
            "Chemical formula": "Au125Pd374Pt",
            "Database": "Materials Project",
            "Potential": "EMT",
            "Integrator": "Velocity-Verlet",
            "Lattice structure": "CUB(a=20.027)",
            "a": 20.026955,
            "b": 20.026955,
            "c": 20.026955,
            "Alpha": 90.0,
            "Beta": 90.0,
            "Gamma": 90.0,
            "Volume": 8032.389613906253,
            "Initial Temperature": 300,
            "Run time": 1000
        }
    ],
    "Simulation output": [
        {
            "Mean Square Displacement": 0.06456944540055151,
            "Self diffusion coefficient": 0.0013451967791781566,
            "Lindemann Criterion": 0.09732753626369976,
            "Specific Heat": 96.49409440377156,
            "Internal Temperature": 332.5394391942443,
            "Cohesive Energy": 0.08449169468337893,
            "Internal Pressure": -2.256013096303744e-05,
            "Bulk_modulus": 167.64490983113782,
            "Lattice constant": 0
        }
    ]
}