{
    "Simulation input": [
        {
            "Chemical formula": "Ag499Pt",
            "Database": "ASE",
            "Potential": "EMT_Asap_Standard_JacobsenStoltzeNorskov_1996_AlAgAuCuNiPdPt__MO_115316750986_001",
            "Integrator": "Velocity-Verlet",
            "Lattice structure": "CUB(a=20.45)",
            "a": 20.45,
            "b": 20.45,
            "c": 20.45,
            "Alpha": 90.0,
            "Beta": 90.0,
            "Gamma": 90.0,
            "Volume": 8552.241125000002,
            "Initial Temperature": 1200,
            "Run time": 3000
        }
    ],
    "Simulation output": [
        {
            "Mean Square Displacement": 0.18607191382514063,
            "Self diffusion coefficient": 0.001107570915625837,
            "Lindemann Criterion": 0.1675484491413136,
            "Specific Heat": 115.4203183954768,
            "Internal Temperature": 811.7827159929044,
            "Cohesive Energy": 2.855580072425624,
            "Internal Pressure": -5.164735560696644e-06,
            "Bulk_modulus": 88.18324187551568,
            "Lattice constant": 3.8347786021727415
        }
    ]
}