{
    "Simulation input": [
        {
            "Chemical formula": "Al250Pd125",
            "Database": "Materials Project",
            "Potential": "EMT",
            "Integrator": "Velocity-Verlet",
            "Lattice structure": "FCC(a=32.3929)",
            "a": 22.90526674540782,
            "b": 22.905266745407815,
            "c": 22.905266745407822,
            "Alpha": 59.999999999999986,
            "Beta": 60.00000000000001,
            "Gamma": 59.999999999999986,
            "Volume": 8497.497851386024,
            "Initial Temperature": 300,
            "Run time": 1000
        }
    ],
    "Simulation output": [
        {
            "Mean Square Displacement": 3.520590939528163,
            "Self diffusion coefficient": 0.0733456445735034,
            "Lindemann Criterion": 0.7266373241503484,
            "Specific Heat": 233.25992636705467,
            "Internal Temperature": 739.2120354956727,
            "Cohesive Energy": 0.38337635138294457,
            "Internal Pressure": 8.421404855789028e-06,
            "Bulk_modulus": 45.31427953163691,
            "Lattice constant": 4.5810533490815635
        }
    ]
}