{
    "Simulation input": [
        {
            "Chemical formula": "AgPd499",
            "Database": "ASE",
            "Potential": "EMT_Asap_Standard_JacobsenStoltzeNorskov_1996_AlAgAuCuNiPdPt__MO_115316750986_001",
            "Integrator": "Velocity-Verlet",
            "Lattice structure": "CUB(a=19.45)",
            "a": 19.45,
            "b": 19.45,
            "c": 19.45,
            "Alpha": 90.0,
            "Beta": 90.0,
            "Gamma": 90.0,
            "Volume": 7357.983625000011,
            "Initial Temperature": 300,
            "Run time": 3000
        }
    ],
    "Simulation output": [
        {
            "Mean Square Displacement": 0.0780141864934487,
            "Self diffusion coefficient": 0.0004643701576990994,
            "Lindemann Criterion": 0.11273196169121219,
            "Specific Heat": 117.17699255886615,
            "Internal Temperature": 342.146372405763,
            "Cohesive Energy": 3.8444857922744964,
            "Internal Pressure": 2.3278736730378504e-06,
            "Bulk_modulus": 172.27746482568585,
            "Lattice constant": 3.7486362256057384
        }
    ]
}