{
    "Simulation input": [
        {
            "Chemical formula": "Ag124NiPt375",
            "Database": "Materials Project",
            "Potential": "EMT",
            "Integrator": "Velocity-Verlet",
            "Lattice structure": "CUB(a=20.0342)",
            "a": 20.03422,
            "b": 20.03422,
            "c": 20.03422,
            "Alpha": 90.0,
            "Beta": 90.0,
            "Gamma": 90.0,
            "Volume": 8041.134300575908,
            "Initial Temperature": 300,
            "Run time": 1000
        }
    ],
    "Simulation output": [
        {
            "Mean Square Displacement": 0.041406230429341204,
            "Self diffusion coefficient": 0.000862629800611275,
            "Lindemann Criterion": 0.07725342773150172,
            "Specific Heat": 72.0071167845535,
            "Internal Temperature": 219.2200472552613,
            "Cohesive Energy": 0.09229935986594386,
            "Internal Pressure": -1.9845963592052792e-05,
            "Bulk_modulus": 215.57480315362088,
            "Lattice constant": 0
        }
    ]
}