{
    "Simulation input": [
        {
            "Chemical formula": "Ag375Ni124",
            "Database": "Materials Project",
            "Potential": "EMT",
            "Integrator": "Velocity-Verlet",
            "Lattice structure": "CUB(a=20.0451)",
            "a": 20.04515,
            "b": 20.04515,
            "c": 20.04515,
            "Alpha": 90.0,
            "Beta": 90.0,
            "Gamma": 90.0,
            "Volume": 8054.302403389292,
            "Initial Temperature": 300,
            "Run time": 1000
        }
    ],
    "Simulation output": [
        {
            "Mean Square Displacement": 0.08414040154584917,
            "Self diffusion coefficient": 0.0017529250322051912,
            "Lindemann Criterion": 0.10870372747394934,
            "Specific Heat": 130.37660451285157,
            "Internal Temperature": 457.96540662018475,
            "Cohesive Energy": 0.17641818061546696,
            "Internal Pressure": -1.2775597941437624e-06,
            "Bulk_modulus": 101.4737432689521,
            "Lattice constant": 0
        }
    ]
}