{
    "Simulation input": [
        {
            "Chemical formula": "AgAu375Pd124",
            "Database": "Materials Project",
            "Potential": "EMT",
            "Integrator": "Velocity-Verlet",
            "Lattice structure": "CUB(a=20.5786)",
            "a": 20.578590000000002,
            "b": 20.578590000000002,
            "c": 20.578590000000002,
            "Alpha": 90.0,
            "Beta": 90.0,
            "Gamma": 90.0,
            "Volume": 8714.587675770497,
            "Initial Temperature": 300,
            "Run time": 1000
        }
    ],
    "Simulation output": [
        {
            "Mean Square Displacement": 0.08553632494213759,
            "Self diffusion coefficient": 0.0017820067696278665,
            "Lindemann Criterion": 0.10651394508210617,
            "Specific Heat": 71.53165250270274,
            "Internal Temperature": 259.7242332732941,
            "Cohesive Energy": 0.08622680919029788,
            "Internal Pressure": -9.05235104845044e-06,
            "Bulk_modulus": 165.21767764140878,
            "Lattice constant": 0
        }
    ]
}