{
    "Simulation input": [
        {
            "Chemical formula": "AlAu375Ni124",
            "Database": "Materials Project",
            "Potential": "EMT",
            "Integrator": "Velocity-Verlet",
            "Lattice structure": "CUB(a=20.1408)",
            "a": 20.14084,
            "b": 20.14084,
            "c": 20.14084,
            "Alpha": 90.0,
            "Beta": 90.0,
            "Gamma": 90.0,
            "Volume": 8170.200948024946,
            "Initial Temperature": 300,
            "Run time": 1000
        }
    ],
    "Simulation output": [
        {
            "Mean Square Displacement": 0.05168777175520394,
            "Self diffusion coefficient": 0.0010768285782334155,
            "Lindemann Criterion": 0.08353418113008144,
            "Specific Heat": 76.81846931117008,
            "Internal Temperature": 203.96224946948195,
            "Cohesive Energy": 0.13150690354098754,
            "Internal Pressure": -6.852490713913546e-07,
            "Bulk_modulus": 162.50187963131134,
            "Lattice constant": 4.028168
        }
    ]
}