{
    "Simulation input": [
        {
            "Chemical formula": "Ni375Pt125",
            "Database": "Materials Project",
            "Potential": "EMT",
            "Integrator": "Velocity-Verlet",
            "Lattice structure": "CUB(a=18.0619)",
            "a": 18.061943308450868,
            "b": 18.061943308450868,
            "c": 18.061943308450868,
            "Alpha": 90.0,
            "Beta": 90.0,
            "Gamma": 90.0,
            "Volume": 5892.416330056018,
            "Initial Temperature": 300,
            "Run time": 1000
        }
    ],
    "Simulation output": [
        {
            "Mean Square Displacement": 0.00977653515421722,
            "Self diffusion coefficient": 0.00020367781571285876,
            "Lindemann Criterion": 0.04066267448724957,
            "Specific Heat": 134.39135482901094,
            "Internal Temperature": 164.0919053213691,
            "Cohesive Energy": 0.10024141612290996,
            "Internal Pressure": -2.4135181290596776e-06,
            "Bulk_modulus": 185.2138727343533,
            "Lattice constant": 3.6123886616901735
        }
    ]
}