{
    "Simulation input": [
        {
            "Chemical formula": "Cu500",
            "Database": "ASE",
            "Potential": "EMT",
            "Integrator": "Velocity-Verlet",
            "Lattice structure": "CUB(a=18.05)",
            "a": 18.05,
            "b": 18.05,
            "c": 18.05,
            "Alpha": 90.0,
            "Beta": 90.0,
            "Gamma": 90.0,
            "Volume": 5880.735125000003,
            "Initial Temperature": 300,
            "Run time": 1000
        }
    ],
    "Simulation output": [
        {
            "Mean Square Displacement": 0.014189306929376118,
            "Self diffusion coefficient": 0.00029561056102866913,
            "Lindemann Criterion": 0.04815959429723072,
            "Specific Heat": 196.2407535572936,
            "Internal Temperature": 149.65988314664153,
            "Cohesive Energy": 0.018647089062092503,
            "Internal Pressure": 5.570205176617387e-07,
            "Bulk_modulus": 125.24568010083993,
            "Lattice constant": 0
        }
    ]
}