{
    "Simulation input": [
        {
            "Chemical formula": "AuNi499",
            "Database": "ASE",
            "Potential": "EMT_Asap_Standard_JacobsenStoltzeNorskov_1996_AlAgAuCuNiPdPt__MO_115316750986_001",
            "Integrator": "Velocity-Verlet",
            "Lattice structure": "CUB(a=17.6)",
            "a": 17.6,
            "b": 17.6,
            "c": 17.6,
            "Alpha": 90.0,
            "Beta": 90.0,
            "Gamma": 90.0,
            "Volume": 5451.776,
            "Initial Temperature": 1000,
            "Run time": 3000
        }
    ],
    "Simulation output": [
        {
            "Mean Square Displacement": 0.13882997937357375,
            "Self diffusion coefficient": 0.0008263689248427009,
            "Lindemann Criterion": 0.161127278162701,
            "Specific Heat": 211.46898910304267,
            "Internal Temperature": 759.0730138791007,
            "Cohesive Energy": 4.337194567139189,
            "Internal Pressure": 6.895360599509651e-06,
            "Bulk_modulus": 159.29969027809,
            "Lattice constant": 3.4914114204442335
        }
    ]
}