{
    "Simulation input": [
        {
            "Chemical formula": "CuNi374Pt125",
            "Database": "Materials Project",
            "Potential": "EMT",
            "Integrator": "Velocity-Verlet",
            "Lattice structure": "CUB(a=18.2425)",
            "a": 18.24251,
            "b": 18.24251,
            "c": 18.24251,
            "Alpha": 90.0,
            "Beta": 90.0,
            "Gamma": 90.0,
            "Volume": 6070.909781685288,
            "Initial Temperature": 300,
            "Run time": 1000
        }
    ],
    "Simulation output": [
        {
            "Mean Square Displacement": 0.019598625520566095,
            "Self diffusion coefficient": 0.00040830469834512696,
            "Lindemann Criterion": 0.0557847395828527,
            "Specific Heat": 134.3773000412638,
            "Internal Temperature": 244.32185347838137,
            "Cohesive Energy": 0.06338611368393611,
            "Internal Pressure": 3.106144900656867e-06,
            "Bulk_modulus": 183.07097955081787,
            "Lattice constant": 0
        }
    ]
}