{
    "Simulation input": [
        {
            "Chemical formula": "Al500",
            "Database": "ASE",
            "Potential": "EMT_Asap_Standard_JacobsenStoltzeNorskov_1996_AlAgAuCuNiPdPt__MO_115316750986_001",
            "Integrator": "Velocity-Verlet",
            "Lattice structure": "CUB(a=20.25)",
            "a": 20.25,
            "b": 20.25,
            "c": 20.25,
            "Alpha": 90.0,
            "Beta": 90.0,
            "Gamma": 90.0,
            "Volume": 8303.765624999998,
            "Initial Temperature": 1200,
            "Run time": 3000
        }
    ],
    "Simulation output": [
        {
            "Mean Square Displacement": 0.20103168566937676,
            "Self diffusion coefficient": 0.0011966171766034331,
            "Lindemann Criterion": 0.17686029236572584,
            "Specific Heat": 462.1795358169797,
            "Internal Temperature": 609.3756556639295,
            "Cohesive Energy": 3.2018225626915866,
            "Internal Pressure": 5.629463405689409e-07,
            "Bulk_modulus": 33.758914471432924,
            "Lattice constant": 3.915692163969525
        }
    ]
}