{
    "Simulation input": [
        {
            "Chemical formula": "AlPd499",
            "Database": "ASE",
            "Potential": "EMT_Asap_Standard_JacobsenStoltzeNorskov_1996_AlAgAuCuNiPdPt__MO_115316750986_001",
            "Integrator": "Velocity-Verlet",
            "Lattice structure": "CUB(a=19.45)",
            "a": 19.45,
            "b": 19.45,
            "c": 19.45,
            "Alpha": 90.0,
            "Beta": 90.0,
            "Gamma": 90.0,
            "Volume": 7357.983625000011,
            "Initial Temperature": 500,
            "Run time": 3000
        }
    ],
    "Simulation output": [
        {
            "Mean Square Displacement": 0.04482283169087976,
            "Self diffusion coefficient": 0.00026680256958857,
            "Lindemann Criterion": 0.08062902400239812,
            "Specific Heat": 117.35538434428945,
            "Internal Temperature": 333.97882392510337,
            "Cohesive Energy": 3.8468608540242175,
            "Internal Pressure": -2.7212406144850916e-06,
            "Bulk_modulus": 172.06277091966075,
            "Lattice constant": 3.7486362256057384
        }
    ]
}