{
    "Simulation input": [
        {
            "Chemical formula": "Al1999Cu4500Pt",
            "Database": "Materials Project",
            "Potential": "EMT",
            "Integrator": "Velocity-Verlet",
            "Lattice structure": "CUB(a=43.5073)",
            "a": 43.50731,
            "b": 43.50731,
            "c": 43.50731,
            "Alpha": 90.0,
            "Beta": 90.0,
            "Gamma": 90.0,
            "Volume": 82354.37901630164,
            "Initial Temperature": 300,
            "Run time": 1000
        }
    ],
    "Simulation output": [
        {
            "Mean Square Displacement": 0.1212496588057624,
            "Self diffusion coefficient": 0.0025260345584533833,
            "Lindemann Criterion": 0.13998088211602996,
            "Specific Heat": 238.34126561854302,
            "Internal Temperature": 208.24575776618437,
            "Cohesive Energy": 0.17492822472664915,
            "Internal Pressure": -2.0443109594610977e-06,
            "Bulk_modulus": 78.01860684311507,
            "Lattice constant": 8.701462
        }
    ]
}