{
    "Simulation input": [
        {
            "Chemical formula": "Al1999Cu4500",
            "Database": "Materials Project",
            "Potential": "EMT",
            "Integrator": "Velocity-Verlet",
            "Lattice structure": "CUB(a=43.5073)",
            "a": 43.50731,
            "b": 43.50731,
            "c": 43.50731,
            "Alpha": 90.0,
            "Beta": 90.0,
            "Gamma": 90.0,
            "Volume": 82354.37901630164,
            "Initial Temperature": 300,
            "Run time": 1000
        }
    ],
    "Simulation output": [
        {
            "Mean Square Displacement": 0.18551827336008764,
            "Self diffusion coefficient": 0.003864964028335159,
            "Lindemann Criterion": 0.1849699139641443,
            "Specific Heat": 238.4413743085572,
            "Internal Temperature": 600.5666518691698,
            "Cohesive Energy": 0.22555167856825603,
            "Internal Pressure": -7.683901643057407e-07,
            "Bulk_modulus": 75.66730035525458,
            "Lattice constant": 8.701462
        }
    ]
}