{
    "Simulation input": [
        {
            "Chemical formula": "Al125Pd375",
            "Database": "Materials Project",
            "Potential": "EMT",
            "Integrator": "Velocity-Verlet",
            "Lattice structure": "CUB(a=19.943)",
            "a": 19.94304190741943,
            "b": 19.94304190741943,
            "c": 19.94304190741943,
            "Alpha": 90.0,
            "Beta": 90.0,
            "Gamma": 90.0,
            "Volume": 7931.844757577111,
            "Initial Temperature": 300,
            "Run time": 1000
        }
    ],
    "Simulation output": [
        {
            "Mean Square Displacement": 0.03200201192766626,
            "Self diffusion coefficient": 0.0006667085818263804,
            "Lindemann Criterion": 0.06663059978868019,
            "Specific Heat": 144.06492045437395,
            "Internal Temperature": 176.57256935591823,
            "Cohesive Energy": 0.06466001846154049,
            "Internal Pressure": 1.7028574073364923e-06,
            "Bulk_modulus": 113.27297757310527,
            "Lattice constant": 3.9886083814838864
        }
    ]
}