{
    "Simulation input": [
        {
            "Chemical formula": "AuCu499",
            "Database": "ASE",
            "Potential": "EMT_Asap_Standard_JacobsenStoltzeNorskov_1996_AlAgAuCuNiPdPt__MO_115316750986_001",
            "Integrator": "Velocity-Verlet",
            "Lattice structure": "CUB(a=18.05)",
            "a": 18.05,
            "b": 18.05,
            "c": 18.05,
            "Alpha": 90.0,
            "Beta": 90.0,
            "Gamma": 90.0,
            "Volume": 5880.735125000003,
            "Initial Temperature": 1000,
            "Run time": 3000
        }
    ],
    "Simulation output": [
        {
            "Mean Square Displacement": 0.1793089148427894,
            "Self diffusion coefficient": 0.0010673149693023179,
            "Lindemann Criterion": 0.18275624115059078,
            "Specific Heat": 195.42014925476005,
            "Internal Temperature": 695.7908722018238,
            "Cohesive Energy": 3.417966994567789,
            "Internal Pressure": -8.355263132152743e-08,
            "Bulk_modulus": 118.69622394606391,
            "Lattice constant": 3.58690945865129
        }
    ]
}