{
    "Simulation input": [
        {
            "Chemical formula": "Cu124Pd",
            "Database": "Materials Project",
            "Potential": "EMT",
            "Integrator": "Velocity-Verlet",
            "Lattice structure": "BCC(a=14.3633)",
            "a": 12.438956699999999,
            "b": 12.4389567,
            "c": 12.438956699999999,
            "Alpha": 109.47122063,
            "Beta": 109.47122063,
            "Gamma": 109.47122063,
            "Volume": 1481.5966161712952,
            "Initial Temperature": 300,
            "Run time": 1000
        }
    ],
    "Simulation output": [
        {
            "Mean Square Displacement": 0.07520588170938465,
            "Self diffusion coefficient": 0.001566789202278847,
            "Lindemann Criterion": 0.11398128433864266,
            "Specific Heat": 195.18721932020642,
            "Internal Temperature": 157.58738472899697,
            "Cohesive Energy": 0.044216819579077,
            "Internal Pressure": 1.580965974194267e-06,
            "Bulk_modulus": 123.38725149644087,
            "Lattice constant": 0
        }
    ]
}