{
    "Simulation input": [
        {
            "Chemical formula": "AgAl499Pt500",
            "Database": "Materials Project",
            "Potential": "EMT",
            "Integrator": "Velocity-Verlet",
            "Lattice structure": "CUB(a=24.5872)",
            "a": 24.587245000000003,
            "b": 24.587245000000003,
            "c": 24.587245000000003,
            "Alpha": 90.0,
            "Beta": 90.0,
            "Gamma": 90.0,
            "Volume": 14863.791557048735,
            "Initial Temperature": 300,
            "Run time": 1000
        }
    ],
    "Simulation output": [
        {
            "Mean Square Displacement": 1.0943565016963883,
            "Self diffusion coefficient": 0.022799093785341423,
            "Lindemann Criterion": 0.4128629279389178,
            "Specific Heat": 112.2302639945393,
            "Internal Temperature": 603.6227745200642,
            "Cohesive Energy": 0.2957085363141757,
            "Internal Pressure": -8.925725309888493e-06,
            "Bulk_modulus": 102.18610591731527,
            "Lattice constant": 4.917449
        }
    ]
}