{
    "Simulation input": [
        {
            "Chemical formula": "AlAu125Pd374",
            "Database": "Materials Project",
            "Potential": "EMT",
            "Integrator": "Velocity-Verlet",
            "Lattice structure": "CUB(a=20.027)",
            "a": 20.026955,
            "b": 20.026955,
            "c": 20.026955,
            "Alpha": 90.0,
            "Beta": 90.0,
            "Gamma": 90.0,
            "Volume": 8032.389613906253,
            "Initial Temperature": 300,
            "Run time": 1000
        }
    ],
    "Simulation output": [
        {
            "Mean Square Displacement": 0.05300151301614366,
            "Self diffusion coefficient": 0.0011041981878363264,
            "Lindemann Criterion": 0.0875094596235676,
            "Specific Heat": 96.74578061076362,
            "Internal Temperature": 218.86147829396975,
            "Cohesive Energy": 0.07045317459067851,
            "Internal Pressure": -1.501153610127737e-05,
            "Bulk_modulus": 169.5261019932205,
            "Lattice constant": 0
        }
    ]
}