{
    "Simulation input": [
        {
            "Chemical formula": "AgAu125Pd374",
            "Database": "Materials Project",
            "Potential": "EMT",
            "Integrator": "Velocity-Verlet",
            "Lattice structure": "CUB(a=20.027)",
            "a": 20.026955,
            "b": 20.026955,
            "c": 20.026955,
            "Alpha": 90.0,
            "Beta": 90.0,
            "Gamma": 90.0,
            "Volume": 8032.389613906253,
            "Initial Temperature": 300,
            "Run time": 1000
        }
    ],
    "Simulation output": [
        {
            "Mean Square Displacement": 0.0754457901915942,
            "Self diffusion coefficient": 0.0015717872956582124,
            "Lindemann Criterion": 0.10600537835823182,
            "Specific Heat": 96.62451187978719,
            "Internal Temperature": 295.8895951204784,
            "Cohesive Energy": 0.08007203209341193,
            "Internal Pressure": -2.1444869622119256e-05,
            "Bulk_modulus": 167.9921899018973,
            "Lattice constant": 4.005391
        }
    ]
}