{
    "Simulation input": [
        {
            "Chemical formula": "Au375Cu125",
            "Database": "Materials Project",
            "Potential": "EMT",
            "Integrator": "Velocity-Verlet",
            "Lattice structure": "CUB(a=20.2664)",
            "a": 20.26643,
            "b": 20.26643,
            "c": 20.26643,
            "Alpha": 90.0,
            "Beta": 90.0,
            "Gamma": 90.0,
            "Volume": 8323.994009212862,
            "Initial Temperature": 300,
            "Run time": 1000
        }
    ],
    "Simulation output": [
        {
            "Mean Square Displacement": 0.049330345584235616,
            "Self diffusion coefficient": 0.0010277155330049087,
            "Lindemann Criterion": 0.08006592216608932,
            "Specific Heat": 76.21909528748199,
            "Internal Temperature": 148.98315153221134,
            "Cohesive Energy": 0.06343376205560577,
            "Internal Pressure": -2.696251437614499e-07,
            "Bulk_modulus": 159.08189394270698,
            "Lattice constant": 0
        }
    ]
}