{
    "Simulation input": [
        {
            "Chemical formula": "Al499Au",
            "Database": "ASE",
            "Potential": "EMT_Asap_Standard_JacobsenStoltzeNorskov_1996_AlAgAuCuNiPdPt__MO_115316750986_001",
            "Integrator": "Velocity-Verlet",
            "Lattice structure": "CUB(a=20.25)",
            "a": 20.25,
            "b": 20.25,
            "c": 20.25,
            "Alpha": 90.0,
            "Beta": 90.0,
            "Gamma": 90.0,
            "Volume": 8303.765624999998,
            "Initial Temperature": 300,
            "Run time": 3000
        }
    ],
    "Simulation output": [
        {
            "Mean Square Displacement": 0.10466898581159245,
            "Self diffusion coefficient": 0.0006230296774499551,
            "Lindemann Criterion": 0.1203676715274554,
            "Specific Heat": 456.4284915569268,
            "Internal Temperature": 222.51803357340117,
            "Cohesive Energy": 3.2491405058187284,
            "Internal Pressure": 2.716761035186887e-07,
            "Bulk_modulus": 35.183756769293446,
            "Lattice constant": 3.9156921639693607
        }
    ]
}