{
    "Simulation input": [
        {
            "Chemical formula": "Au500",
            "Database": "ASE",
            "Potential": "EMT_Asap_Standard_JacobsenStoltzeNorskov_1996_AlAgAuCuNiPdPt__MO_115316750986_001",
            "Integrator": "Velocity-Verlet",
            "Lattice structure": "CUB(a=20.4)",
            "a": 20.4,
            "b": 20.4,
            "c": 20.4,
            "Alpha": 90.0,
            "Beta": 90.0,
            "Gamma": 90.0,
            "Volume": 8489.664,
            "Initial Temperature": 1000,
            "Run time": 3000
        }
    ],
    "Simulation output": [
        {
            "Mean Square Displacement": 0.10199430344887044,
            "Self diffusion coefficient": 0.0006071089491004192,
            "Lindemann Criterion": 0.11856792294258811,
            "Specific Heat": 63.31183511432005,
            "Internal Temperature": 506.6682251746411,
            "Cohesive Energy": 3.736130184619182,
            "Internal Pressure": 1.6104400039536494e-06,
            "Bulk_modulus": 167.4457988544658,
            "Lattice constant": 3.8073118842991214
        }
    ]
}