{
    "Simulation input": [
        {
            "Chemical formula": "CuNi124",
            "Database": "Materials Project",
            "Potential": "EMT",
            "Integrator": "Velocity-Verlet",
            "Lattice structure": "FCC(a=17.529)",
            "a": 12.3948677,
            "b": 12.394867699999999,
            "c": 12.394867699999999,
            "Alpha": 59.999999999999986,
            "Beta": 59.999999999999986,
            "Gamma": 59.999999999999986,
            "Volume": 1346.513428418923,
            "Initial Temperature": 300,
            "Run time": 1000
        }
    ],
    "Simulation output": [
        {
            "Mean Square Displacement": 0.011300924990745745,
            "Self diffusion coefficient": 0.000235435937307203,
            "Lindemann Criterion": 0.044097024493674926,
            "Specific Heat": 212.32493042497384,
            "Internal Temperature": 139.59382466036928,
            "Cohesive Energy": 0.016164552040097754,
            "Internal Pressure": -6.666015205232064e-08,
            "Bulk_modulus": 167.99785871514808,
            "Lattice constant": 2.47897354
        }
    ]
}