{
    "Simulation input": [
        {
            "Chemical formula": "Al499Au2000",
            "Database": "Materials Project",
            "Potential": "EMT",
            "Integrator": "Velocity-Verlet",
            "Lattice structure": "CUB(a=35.2732)",
            "a": 35.27325,
            "b": 35.27325,
            "c": 35.27325,
            "Alpha": 90.0,
            "Beta": 90.0,
            "Gamma": 90.0,
            "Volume": 43887.05403642744,
            "Initial Temperature": 300,
            "Run time": 1000
        }
    ],
    "Simulation output": [
        {
            "Mean Square Displacement": 0.15502485215925696,
            "Self diffusion coefficient": 0.00322968441998452,
            "Lindemann Criterion": 0.1565349253768507,
            "Specific Heat": 76.49374619403797,
            "Internal Temperature": 458.2412442026978,
            "Cohesive Energy": 0.11305372717029394,
            "Internal Pressure": -3.508890186664123e-06,
            "Bulk_modulus": 118.25035817538735,
            "Lattice constant": 7.05465
        }
    ]
}