{
    "Simulation input": [
        {
            "Chemical formula": "AlPd499",
            "Database": "ASE",
            "Potential": "EMT_Asap_Standard_JacobsenStoltzeNorskov_1996_AlAgAuCuNiPdPt__MO_115316750986_001",
            "Integrator": "Velocity-Verlet",
            "Lattice structure": "CUB(a=19.45)",
            "a": 19.45,
            "b": 19.45,
            "c": 19.45,
            "Alpha": 90.0,
            "Beta": 90.0,
            "Gamma": 90.0,
            "Volume": 7357.983625000011,
            "Initial Temperature": 1300,
            "Run time": 3000
        }
    ],
    "Simulation output": [
        {
            "Mean Square Displacement": 0.09026187643439246,
            "Self diffusion coefficient": 0.0005372730740142408,
            "Lindemann Criterion": 0.11726366812547766,
            "Specific Heat": 117.35538434430916,
            "Internal Temperature": 724.3414416776361,
            "Cohesive Energy": 3.799280277786969,
            "Internal Pressure": -2.589613940108404e-07,
            "Bulk_modulus": 166.1380771655443,
            "Lattice constant": 3.7486362256057384
        }
    ]
}