{
    "Simulation input": [
        {
            "Chemical formula": "PdPt499",
            "Database": "ASE",
            "Potential": "EMT_Asap_Standard_JacobsenStoltzeNorskov_1996_AlAgAuCuNiPdPt__MO_115316750986_001",
            "Integrator": "Velocity-Verlet",
            "Lattice structure": "CUB(a=19.6)",
            "a": 19.6,
            "b": 19.6,
            "c": 19.6,
            "Alpha": 90.0,
            "Beta": 90.0,
            "Gamma": 90.0,
            "Volume": 7529.536000000013,
            "Initial Temperature": 1300,
            "Run time": 3000
        }
    ],
    "Simulation output": [
        {
            "Mean Square Displacement": 0.10608203871236696,
            "Self diffusion coefficient": 0.0006314407066212319,
            "Lindemann Criterion": 0.12553339493285867,
            "Specific Heat": 63.98095463636917,
            "Internal Temperature": 851.2831565010267,
            "Cohesive Energy": 5.730496279896555,
            "Internal Pressure": -8.672220205920893e-06,
            "Bulk_modulus": 262.85784926886356,
            "Lattice constant": 3.763694624804003
        }
    ]
}