{
    "Simulation input": [
        {
            "Chemical formula": "Al374Cu125",
            "Database": "Materials Project",
            "Potential": "EMT",
            "Integrator": "Velocity-Verlet",
            "Lattice structure": "CUB(a=19.6208)",
            "a": 19.620755000000003,
            "b": 19.620755000000003,
            "c": 19.620755000000003,
            "Alpha": 90.0,
            "Beta": 90.0,
            "Gamma": 90.0,
            "Volume": 7553.481060618106,
            "Initial Temperature": 300,
            "Run time": 1000
        }
    ],
    "Simulation output": [
        {
            "Mean Square Displacement": 0.08125281542189937,
            "Self diffusion coefficient": 0.0016927669879562368,
            "Lindemann Criterion": 0.10612610332021392,
            "Specific Heat": 345.0464660699324,
            "Internal Temperature": 390.2434709655667,
            "Cohesive Energy": 0.13016863903106124,
            "Internal Pressure": -3.4122471917458044e-06,
            "Bulk_modulus": 45.28257789828134,
            "Lattice constant": 0
        }
    ]
}