{
    "Simulation input": [
        {
            "Chemical formula": "Al500Cu2000",
            "Database": "Materials Project",
            "Potential": "EMT",
            "Integrator": "Velocity-Verlet",
            "Lattice structure": "CUB(a=31.4606)",
            "a": 31.460555,
            "b": 31.460555,
            "c": 31.460555,
            "Alpha": 90.0,
            "Beta": 90.0,
            "Gamma": 90.0,
            "Volume": 31138.60406818556,
            "Initial Temperature": 300,
            "Run time": 1000
        }
    ],
    "Simulation output": [
        {
            "Mean Square Displacement": 0.038797707458178426,
            "Self diffusion coefficient": 0.0008082855720453839,
            "Lindemann Criterion": 0.08637552259162376,
            "Specific Heat": 221.76108435514348,
            "Internal Temperature": 172.1410484836588,
            "Cohesive Energy": 0.2072624785182767,
            "Internal Pressure": -1.4286028517248026e-07,
            "Bulk_modulus": 84.06025910738387,
            "Lattice constant": 6.292111
        }
    ]
}