{
    "Simulation input": [
        {
            "Chemical formula": "Cu374Pd125",
            "Database": "Materials Project",
            "Potential": "EMT",
            "Integrator": "Velocity-Verlet",
            "Lattice structure": "CUB(a=18.5736)",
            "a": 18.573555,
            "b": 18.573555,
            "c": 18.573555,
            "Alpha": 90.0,
            "Beta": 90.0,
            "Gamma": 90.0,
            "Volume": 6407.448267967797,
            "Initial Temperature": 300,
            "Run time": 1000
        }
    ],
    "Simulation output": [
        {
            "Mean Square Displacement": 0.059781650362508654,
            "Self diffusion coefficient": 0.0012454510492189302,
            "Lindemann Criterion": 0.1018598649257037,
            "Specific Heat": 167.8690236321904,
            "Internal Temperature": 575.8189491154357,
            "Cohesive Energy": 0.05158798621817866,
            "Internal Pressure": -1.1990790428558799e-06,
            "Bulk_modulus": 131.04408858261266,
            "Lattice constant": 0
        }
    ]
}