{
    "Simulation input": [
        {
            "Chemical formula": "Al1999Cu4500Ni",
            "Database": "Materials Project",
            "Potential": "EMT",
            "Integrator": "Velocity-Verlet",
            "Lattice structure": "CUB(a=43.5073)",
            "a": 43.50731,
            "b": 43.50731,
            "c": 43.50731,
            "Alpha": 90.0,
            "Beta": 90.0,
            "Gamma": 90.0,
            "Volume": 82354.37901630164,
            "Initial Temperature": 300,
            "Run time": 1000
        }
    ],
    "Simulation output": [
        {
            "Mean Square Displacement": 0.10524850397308526,
            "Self diffusion coefficient": 0.002192677166105943,
            "Lindemann Criterion": 0.13107375335700164,
            "Specific Heat": 238.43688949607352,
            "Internal Temperature": 197.09398074862196,
            "Cohesive Energy": 0.17267194639683445,
            "Internal Pressure": -4.803440172199645e-07,
            "Bulk_modulus": 78.10995505704184,
            "Lattice constant": 0
        }
    ]
}