{
    "Simulation input": [
        {
            "Chemical formula": "Al124Cu",
            "Database": "Materials Project",
            "Potential": "EMT",
            "Integrator": "Velocity-Verlet",
            "Lattice structure": "FCC(a=20.1946)",
            "a": 14.279773950000001,
            "b": 14.279773950000001,
            "c": 14.279773950000001,
            "Alpha": 59.99999999999999,
            "Beta": 59.99999999999999,
            "Gamma": 59.99999999999999,
            "Volume": 2058.965169334094,
            "Initial Temperature": 300,
            "Run time": 1000
        }
    ],
    "Simulation output": [
        {
            "Mean Square Displacement": 0.03366830800014018,
            "Self diffusion coefficient": 0.0007014230833362538,
            "Lindemann Criterion": 0.06695150675576526,
            "Specific Heat": 457.22262660123073,
            "Internal Temperature": 142.9101500535857,
            "Cohesive Energy": 0.018349205237410855,
            "Internal Pressure": 6.472198816459091e-07,
            "Bulk_modulus": 35.78758992792739,
            "Lattice constant": 2.85595479
        }
    ]
}