{
    "Simulation input": [
        {
            "Chemical formula": "Cu375Pd125",
            "Database": "Materials Project",
            "Potential": "EMT",
            "Integrator": "Velocity-Verlet",
            "Lattice structure": "CUB(a=18.5736)",
            "a": 18.573555,
            "b": 18.573555,
            "c": 18.573555,
            "Alpha": 90.0,
            "Beta": 90.0,
            "Gamma": 90.0,
            "Volume": 6407.448267967797,
            "Initial Temperature": 300,
            "Run time": 3000
        }
    ],
    "Simulation output": [
        {
            "Mean Square Displacement": 0.020649688467525934,
            "Self diffusion coefficient": 0.000122914812306702,
            "Lindemann Criterion": 0.056408890577338715,
            "Specific Heat": 167.91757757149222,
            "Internal Temperature": 144.94047083164227,
            "Cohesive Energy": 0.004884389030702081,
            "Internal Pressure": 8.918892191912778e-08,
            "Bulk_modulus": 137.2358451099251,
            "Lattice constant": 3.7486362256057384
        }
    ]
}