{
    "Simulation input": [
        {
            "Chemical formula": "Ag124Au375Pt",
            "Database": "Materials Project",
            "Potential": "EMT",
            "Integrator": "Velocity-Verlet",
            "Lattice structure": "CUB(a=20.8511)",
            "a": 20.851065000000002,
            "b": 20.851065000000002,
            "c": 20.851065000000002,
            "Alpha": 90.0,
            "Beta": 90.0,
            "Gamma": 90.0,
            "Volume": 9065.353134334478,
            "Initial Temperature": 300,
            "Run time": 1000
        }
    ],
    "Simulation output": [
        {
            "Mean Square Displacement": 0.060588139634975946,
            "Self diffusion coefficient": 0.0012622529090619988,
            "Lindemann Criterion": 0.0886171919663522,
            "Specific Heat": 71.31338170084398,
            "Internal Temperature": 159.93274839570196,
            "Cohesive Energy": 0.0685968904976927,
            "Internal Pressure": -1.5371692845111967e-06,
            "Bulk_modulus": 149.73282409118252,
            "Lattice constant": 4.170213
        }
    ]
}