{
    "Simulation input": [
        {
            "Chemical formula": "Ag374AlPt125",
            "Database": "Materials Project",
            "Potential": "EMT",
            "Integrator": "Velocity-Verlet",
            "Lattice structure": "CUB(a=20.52)",
            "a": 20.52002,
            "b": 20.52002,
            "c": 20.52002,
            "Alpha": 90.0,
            "Beta": 90.0,
            "Gamma": 90.0,
            "Volume": 8640.389872248625,
            "Initial Temperature": 300,
            "Run time": 1000
        }
    ],
    "Simulation output": [
        {
            "Mean Square Displacement": 0.07089134927363303,
            "Self diffusion coefficient": 0.0014769031098673547,
            "Lindemann Criterion": 0.09728537337295856,
            "Specific Heat": 96.2881526976232,
            "Internal Temperature": 208.82920683885175,
            "Cohesive Energy": 0.09995931202245911,
            "Internal Pressure": -3.999662200030936e-06,
            "Bulk_modulus": 126.14572711705159,
            "Lattice constant": 0
        }
    ]
}