{
    "Simulation input": [
        {
            "Chemical formula": "Al499Au",
            "Database": "ASE",
            "Potential": "EMT_Asap_Standard_JacobsenStoltzeNorskov_1996_AlAgAuCuNiPdPt__MO_115316750986_001",
            "Integrator": "Velocity-Verlet",
            "Lattice structure": "CUB(a=20.25)",
            "a": 20.25,
            "b": 20.25,
            "c": 20.25,
            "Alpha": 90.0,
            "Beta": 90.0,
            "Gamma": 90.0,
            "Volume": 8303.765624999998,
            "Initial Temperature": 1000,
            "Run time": 3000
        }
    ],
    "Simulation output": [
        {
            "Mean Square Displacement": 0.2787307414983841,
            "Self diffusion coefficient": 0.0016591115565380006,
            "Lindemann Criterion": 0.20300899218171434,
            "Specific Heat": 456.42849155693966,
            "Internal Temperature": 581.1920792686587,
            "Cohesive Energy": 3.202039897705943,
            "Internal Pressure": 1.5297297345545132e-07,
            "Bulk_modulus": 33.89211336792401,
            "Lattice constant": 3.9156921639693607
        }
    ]
}