{
    "Simulation input": [
        {
            "Chemical formula": "Al124AuPt375",
            "Database": "Materials Project",
            "Potential": "EMT",
            "Integrator": "Velocity-Verlet",
            "Lattice structure": "CUB(a=19.614)",
            "a": 19.61404,
            "b": 19.61404,
            "c": 19.61404,
            "Alpha": 90.0,
            "Beta": 90.0,
            "Gamma": 90.0,
            "Volume": 7545.72841271767,
            "Initial Temperature": 300,
            "Run time": 1000
        }
    ],
    "Simulation output": [
        {
            "Mean Square Displacement": 0.0642272410702081,
            "Self diffusion coefficient": 0.0013380675222960019,
            "Lindemann Criterion": 0.09716492274787973,
            "Specific Heat": 81.29366805052614,
            "Internal Temperature": 411.63954388677615,
            "Cohesive Energy": 0.11836507873676634,
            "Internal Pressure": -5.2941433338077566e-05,
            "Bulk_modulus": 169.96263231368457,
            "Lattice constant": 0
        }
    ]
}