{
    "Simulation input": [
        {
            "Chemical formula": "Au499Pt",
            "Database": "ASE",
            "Potential": "EMT_Asap_Standard_JacobsenStoltzeNorskov_1996_AlAgAuCuNiPdPt__MO_115316750986_001",
            "Integrator": "Velocity-Verlet",
            "Lattice structure": "CUB(a=20.4)",
            "a": 20.4,
            "b": 20.4,
            "c": 20.4,
            "Alpha": 90.0,
            "Beta": 90.0,
            "Gamma": 90.0,
            "Volume": 8489.664,
            "Initial Temperature": 700,
            "Run time": 3000
        }
    ],
    "Simulation output": [
        {
            "Mean Square Displacement": 0.12346101663587063,
            "Self diffusion coefficient": 0.0007348870037849442,
            "Lindemann Criterion": 0.1316858821096796,
            "Specific Heat": 63.31304538237827,
            "Internal Temperature": 541.9819789699434,
            "Cohesive Energy": 3.728393274554382,
            "Internal Pressure": -3.0256605650169156e-07,
            "Bulk_modulus": 166.4265074235917,
            "Lattice constant": 3.8073118842989633
        }
    ]
}