{
    "Simulation input": [
        {
            "Chemical formula": "Au375CuPd124",
            "Database": "Materials Project",
            "Potential": "EMT",
            "Integrator": "Velocity-Verlet",
            "Lattice structure": "CUB(a=20.5786)",
            "a": 20.578590000000002,
            "b": 20.578590000000002,
            "c": 20.578590000000002,
            "Alpha": 90.0,
            "Beta": 90.0,
            "Gamma": 90.0,
            "Volume": 8714.587675770497,
            "Initial Temperature": 300,
            "Run time": 1000
        }
    ],
    "Simulation output": [
        {
            "Mean Square Displacement": 0.0677258943956752,
            "Self diffusion coefficient": 0.0014109561332432332,
            "Lindemann Criterion": 0.09630414203242009,
            "Specific Heat": 71.56804327613837,
            "Internal Temperature": 199.03546866146914,
            "Cohesive Energy": 0.07828474779898147,
            "Internal Pressure": -4.058189864643583e-06,
            "Bulk_modulus": 167.65780702618957,
            "Lattice constant": 0
        }
    ]
}