{
    "Simulation input": [
        {
            "Chemical formula": "Ag499Cu",
            "Database": "ASE",
            "Potential": "EMT_Asap_Standard_JacobsenStoltzeNorskov_1996_AlAgAuCuNiPdPt__MO_115316750986_001",
            "Integrator": "Velocity-Verlet",
            "Lattice structure": "CUB(a=20.45)",
            "a": 20.45,
            "b": 20.45,
            "c": 20.45,
            "Alpha": 90.0,
            "Beta": 90.0,
            "Gamma": 90.0,
            "Volume": 8552.241125000002,
            "Initial Temperature": 1100,
            "Run time": 3000
        }
    ],
    "Simulation output": [
        {
            "Mean Square Displacement": 0.105320405465503,
            "Self diffusion coefficient": 0.0006269071753898988,
            "Lindemann Criterion": 0.11718721453954767,
            "Specific Heat": 115.70204451240308,
            "Internal Temperature": 585.4159604440246,
            "Cohesive Energy": 2.8796038306430147,
            "Internal Pressure": -3.401028241292272e-06,
            "Bulk_modulus": 89.84520279723007,
            "Lattice constant": 3.8347786021727415
        }
    ]
}