{
    "Simulation input": [
        {
            "Chemical formula": "Al10500Pt2500",
            "Database": "Materials Project",
            "Potential": "EMT",
            "Integrator": "Velocity-Verlet",
            "Lattice structure": "FCC(a=94.5362)",
            "a": 66.84715275,
            "b": 66.84715275,
            "c": 66.84715274999999,
            "Alpha": 59.999999999999986,
            "Beta": 59.999999999999986,
            "Gamma": 59.99999999999999,
            "Volume": 211219.37045405942,
            "Initial Temperature": 300,
            "Run time": 1000
        }
    ],
    "Simulation output": [
        {
            "Mean Square Displacement": 0.19444337450538918,
            "Self diffusion coefficient": 0.004050903635528941,
            "Lindemann Criterion": 0.1722247972933766,
            "Specific Heat": 210.2603082137409,
            "Internal Temperature": 373.12078499064955,
            "Cohesive Energy": 0.0945039295525466,
            "Internal Pressure": 4.429751349090769e-07,
            "Bulk_modulus": 55.41887557363523,
            "Lattice constant": 0
        }
    ]
}