{
    "Simulation input": [
        {
            "Chemical formula": "Ag499Al",
            "Database": "ASE",
            "Potential": "EMT_Asap_Standard_JacobsenStoltzeNorskov_1996_AlAgAuCuNiPdPt__MO_115316750986_001",
            "Integrator": "Velocity-Verlet",
            "Lattice structure": "CUB(a=20.45)",
            "a": 20.45,
            "b": 20.45,
            "c": 20.45,
            "Alpha": 90.0,
            "Beta": 90.0,
            "Gamma": 90.0,
            "Volume": 8552.241125000002,
            "Initial Temperature": 400,
            "Run time": 3000
        }
    ],
    "Simulation output": [
        {
            "Mean Square Displacement": 0.043507505903435925,
            "Self diffusion coefficient": 0.00025897324942521384,
            "Lindemann Criterion": 0.07629708461223417,
            "Specific Heat": 115.78060218223735,
            "Internal Temperature": 236.15581881651025,
            "Cohesive Energy": 2.922637993443887,
            "Internal Pressure": -4.406062508669298e-06,
            "Bulk_modulus": 93.29236665180106,
            "Lattice constant": 3.8347786021727415
        }
    ]
}