{
    "Simulation input": [
        {
            "Chemical formula": "AuPd499",
            "Database": "ASE",
            "Potential": "EMT_Asap_Standard_JacobsenStoltzeNorskov_1996_AlAgAuCuNiPdPt__MO_115316750986_001",
            "Integrator": "Velocity-Verlet",
            "Lattice structure": "CUB(a=19.45)",
            "a": 19.45,
            "b": 19.45,
            "c": 19.45,
            "Alpha": 90.0,
            "Beta": 90.0,
            "Gamma": 90.0,
            "Volume": 7357.983625000011,
            "Initial Temperature": 1100,
            "Run time": 3000
        }
    ],
    "Simulation output": [
        {
            "Mean Square Displacement": 0.12579322107168608,
            "Self diffusion coefficient": 0.0007487691730457505,
            "Lindemann Criterion": 0.1495795620365929,
            "Specific Heat": 116.98111691418946,
            "Internal Temperature": 732.6307303153624,
            "Cohesive Energy": 3.798903765429844,
            "Internal Pressure": 1.206201724334916e-06,
            "Bulk_modulus": 166.31742690508165,
            "Lattice constant": 3.7486362256057384
        }
    ]
}