{
    "Simulation input": [
        {
            "Chemical formula": "Al249Cu125Pd",
            "Database": "Materials Project",
            "Potential": "EMT",
            "Integrator": "Velocity-Verlet",
            "Lattice structure": "FCC(a=28.8455)",
            "a": 20.396884,
            "b": 20.396884000000004,
            "c": 20.396884,
            "Alpha": 59.99999999999999,
            "Beta": 59.999999999999986,
            "Gamma": 59.99999999999999,
            "Volume": 6000.3485727212665,
            "Initial Temperature": 300,
            "Run time": 1000
        }
    ],
    "Simulation output": [
        {
            "Mean Square Displacement": 2.9172345801934854,
            "Self diffusion coefficient": 0.060775720420697614,
            "Lindemann Criterion": 0.6944465170836029,
            "Specific Heat": 316.6539103349156,
            "Internal Temperature": 979.2969185076253,
            "Cohesive Energy": 0.33532173841527724,
            "Internal Pressure": -2.470702520489235e-07,
            "Bulk_modulus": 42.874229578542156,
            "Lattice constant": 0
        }
    ]
}