{
    "Simulation input": [
        {
            "Chemical formula": "Ag125Al374Au",
            "Database": "Materials Project",
            "Potential": "EMT",
            "Integrator": "Velocity-Verlet",
            "Lattice structure": "CUB(a=20.4076)",
            "a": 20.407565,
            "b": 20.407565,
            "c": 20.407565,
            "Alpha": 90.0,
            "Beta": 90.0,
            "Gamma": 90.0,
            "Volume": 8499.11225406152,
            "Initial Temperature": 300,
            "Run time": 1000
        }
    ],
    "Simulation output": [
        {
            "Mean Square Displacement": 0.08917419363542098,
            "Self diffusion coefficient": 0.001857795700737937,
            "Lindemann Criterion": 0.10782413789039352,
            "Specific Heat": 262.2945397444783,
            "Internal Temperature": 226.70924339689986,
            "Cohesive Energy": 0.0044160294776076315,
            "Internal Pressure": -1.4049187626683657e-06,
            "Bulk_modulus": 46.118009034799265,
            "Lattice constant": 4.081513
        }
    ]
}