{
    "Simulation input": [
        {
            "Chemical formula": "AuPd499",
            "Database": "ASE",
            "Potential": "EMT_Asap_Standard_JacobsenStoltzeNorskov_1996_AlAgAuCuNiPdPt__MO_115316750986_001",
            "Integrator": "Velocity-Verlet",
            "Lattice structure": "CUB(a=19.45)",
            "a": 19.45,
            "b": 19.45,
            "c": 19.45,
            "Alpha": 90.0,
            "Beta": 90.0,
            "Gamma": 90.0,
            "Volume": 7357.983625000011,
            "Initial Temperature": 1200,
            "Run time": 3000
        }
    ],
    "Simulation output": [
        {
            "Mean Square Displacement": 0.13284868052227933,
            "Self diffusion coefficient": 0.0007907659554897579,
            "Lindemann Criterion": 0.14018224872481783,
            "Specific Heat": 116.98111691420253,
            "Internal Temperature": 809.5497707470915,
            "Cohesive Energy": 3.7900811463213406,
            "Internal Pressure": 5.290402127982985e-07,
            "Bulk_modulus": 165.38009611348443,
            "Lattice constant": 3.7486362256057384
        }
    ]
}