{
    "Simulation input": [
        {
            "Chemical formula": "AgAu125Cu374",
            "Database": "Materials Project",
            "Potential": "EMT",
            "Integrator": "Velocity-Verlet",
            "Lattice structure": "CUB(a=18.8696)",
            "a": 18.869575,
            "b": 18.869575,
            "c": 18.869575,
            "Alpha": 90.0,
            "Beta": 90.0,
            "Gamma": 90.0,
            "Volume": 6718.717115177602,
            "Initial Temperature": 300,
            "Run time": 1000
        }
    ],
    "Simulation output": [
        {
            "Mean Square Displacement": 0.04804065963761413,
            "Self diffusion coefficient": 0.0010008470757836277,
            "Lindemann Criterion": 0.08609407099429495,
            "Specific Heat": 128.57348547987675,
            "Internal Temperature": 287.88798982565214,
            "Cohesive Energy": 0.04190058757921458,
            "Internal Pressure": -1.678305440968765e-05,
            "Bulk_modulus": 131.16719255549827,
            "Lattice constant": 3.773915
        }
    ]
}