{
    "Simulation input": [
        {
            "Chemical formula": "Ag500",
            "Database": "ASE",
            "Potential": "EMT_Asap_Standard_JacobsenStoltzeNorskov_1996_AlAgAuCuNiPdPt__MO_115316750986_001",
            "Integrator": "Velocity-Verlet",
            "Lattice structure": "CUB(a=20.45)",
            "a": 20.45,
            "b": 20.45,
            "c": 20.45,
            "Alpha": 90.0,
            "Beta": 90.0,
            "Gamma": 90.0,
            "Volume": 8552.241125000002,
            "Initial Temperature": 1200,
            "Run time": 3000
        }
    ],
    "Simulation output": [
        {
            "Mean Square Displacement": 0.10007507049914934,
            "Self diffusion coefficient": 0.0005956849434473174,
            "Lindemann Criterion": 0.12105435931013957,
            "Specific Heat": 115.60696238150985,
            "Internal Temperature": 610.7837084884899,
            "Cohesive Energy": 2.8821626170677814,
            "Internal Pressure": -8.642152890663942e-07,
            "Bulk_modulus": 89.7845992805881,
            "Lattice constant": 3.8347786021727415
        }
    ]
}