{
    "Simulation input": [
        {
            "Chemical formula": "Ag499Ni",
            "Database": "ASE",
            "Potential": "EMT_Asap_Standard_JacobsenStoltzeNorskov_1996_AlAgAuCuNiPdPt__MO_115316750986_001",
            "Integrator": "Velocity-Verlet",
            "Lattice structure": "CUB(a=20.45)",
            "a": 20.45,
            "b": 20.45,
            "c": 20.45,
            "Alpha": 90.0,
            "Beta": 90.0,
            "Gamma": 90.0,
            "Volume": 8552.241125000002,
            "Initial Temperature": 700,
            "Run time": 3000
        }
    ],
    "Simulation output": [
        {
            "Mean Square Displacement": 0.07990621708085589,
            "Self diffusion coefficient": 0.0004756322445289041,
            "Lindemann Criterion": 0.10243957459373164,
            "Specific Heat": 115.71246404512955,
            "Internal Temperature": 411.9217544169799,
            "Cohesive Energy": 2.9020720596432303,
            "Internal Pressure": -4.158512952762556e-06,
            "Bulk_modulus": 91.52434656843784,
            "Lattice constant": 3.8347786021727415
        }
    ]
}