{
    "Simulation input": [
        {
            "Chemical formula": "Ag375AlNi124",
            "Database": "Materials Project",
            "Potential": "EMT",
            "Integrator": "Velocity-Verlet",
            "Lattice structure": "CUB(a=20.0451)",
            "a": 20.04515,
            "b": 20.04515,
            "c": 20.04515,
            "Alpha": 90.0,
            "Beta": 90.0,
            "Gamma": 90.0,
            "Volume": 8054.302403389292,
            "Initial Temperature": 300,
            "Run time": 1000
        }
    ],
    "Simulation output": [
        {
            "Mean Square Displacement": 0.028959822956153552,
            "Self diffusion coefficient": 0.0006033296449198657,
            "Lindemann Criterion": 0.062136232089414316,
            "Specific Heat": 130.56407080319707,
            "Internal Temperature": 152.53732186916548,
            "Cohesive Energy": 0.13609518992224656,
            "Internal Pressure": -1.6694211312790433e-06,
            "Bulk_modulus": 105.88156196913758,
            "Lattice constant": 0
        }
    ]
}