{
    "Simulation input": [
        {
            "Chemical formula": "Al4000Ni3000",
            "Database": "Materials Project",
            "Potential": "EMT",
            "Integrator": "Langevin",
            "Lattice structure": "BCC(a=57.0004)",
            "a": 49.363768449999995,
            "b": 49.363768449999995,
            "c": 49.363768449999995,
            "Alpha": 109.47122063,
            "Beta": 109.47122063,
            "Gamma": 109.47122063,
            "Volume": 92598.30324960564,
            "Initial Temperature": 300,
            "Run time": 1000
        }
    ],
    "Simulation output": [
        {
            "Mean Square Displacement": 1.5842332218048276,
            "Self diffusion coefficient": 0.03300485878760057,
            "Lindemann Criterion": 0.551590893624795,
            "Specific Heat": 227207079329.4882,
            "Internal Temperature": 694.1136623644273,
            "Cohesive Energy": 0.418743460715773,
            "Internal Pressure": 3.3360833528147787e-06,
            "Bulk_modulus": 61.52641955508628,
            "Lattice constant": 0
        }
    ]
}