{
    "Simulation input": [
        {
            "Chemical formula": "Au375Pd124",
            "Database": "Materials Project",
            "Potential": "EMT",
            "Integrator": "Velocity-Verlet",
            "Lattice structure": "CUB(a=20.5786)",
            "a": 20.578590000000002,
            "b": 20.578590000000002,
            "c": 20.578590000000002,
            "Alpha": 90.0,
            "Beta": 90.0,
            "Gamma": 90.0,
            "Volume": 8714.587675770497,
            "Initial Temperature": 300,
            "Run time": 1000
        }
    ],
    "Simulation output": [
        {
            "Mean Square Displacement": 0.09676990711189379,
            "Self diffusion coefficient": 0.002016039731497787,
            "Lindemann Criterion": 0.11902409976489428,
            "Specific Heat": 71.47704184550291,
            "Internal Temperature": 338.86939050118025,
            "Cohesive Energy": 0.09295191522309239,
            "Internal Pressure": -1.8211344999098376e-06,
            "Bulk_modulus": 165.30492925699647,
            "Lattice constant": 4.115718
        }
    ]
}