{
    "Simulation input": [
        {
            "Chemical formula": "Al499Au",
            "Database": "ASE",
            "Potential": "EMT_Asap_Standard_JacobsenStoltzeNorskov_1996_AlAgAuCuNiPdPt__MO_115316750986_001",
            "Integrator": "Velocity-Verlet",
            "Lattice structure": "CUB(a=20.25)",
            "a": 20.25,
            "b": 20.25,
            "c": 20.25,
            "Alpha": 90.0,
            "Beta": 90.0,
            "Gamma": 90.0,
            "Volume": 8303.765624999998,
            "Initial Temperature": 700,
            "Run time": 3000
        }
    ],
    "Simulation output": [
        {
            "Mean Square Displacement": 0.2063903080955407,
            "Self diffusion coefficient": 0.0012285137386639328,
            "Lindemann Criterion": 0.1761625080534219,
            "Specific Heat": 456.4284915569086,
            "Internal Temperature": 427.37118778518277,
            "Cohesive Energy": 3.222372410391625,
            "Internal Pressure": -3.789665094343926e-07,
            "Bulk_modulus": 34.42653569138841,
            "Lattice constant": 3.9156921639693607
        }
    ]
}