{
    "Simulation input": [
        {
            "Chemical formula": "Pt125",
            "Database": "Materials Project",
            "Potential": "EMT",
            "Integrator": "Velocity-Verlet",
            "Lattice structure": "FCC(a=19.8838)",
            "a": 14.060005149999999,
            "b": 14.060005149999999,
            "c": 14.060005149999999,
            "Alpha": 59.999999999999986,
            "Beta": 59.99999999999999,
            "Gamma": 59.99999999999999,
            "Volume": 1965.356961751065,
            "Initial Temperature": 20,
            "Run time": 1000
        }
    ],
    "Simulation output": [
        {
            "Mean Square Displacement": 0.001194315093897548,
            "Self diffusion coefficient": 2.4881564456198915e-05,
            "Lindemann Criterion": 0.012446209824750165,
            "Specific Heat": 63.92279581816113,
            "Internal Temperature": 8.743184125322154,
            "Cohesive Energy": 0.022839138541028696,
            "Internal Pressure": 4.6592713686867996e-07,
            "Bulk_modulus": 281.0646736096737,
            "Lattice constant": 0
        }
    ]
}