{
    "Simulation input": [
        {
            "Chemical formula": "Cu375Pt125",
            "Database": "Materials Project",
            "Potential": "EMT",
            "Integrator": "Velocity-Verlet",
            "Lattice structure": "CUB(a=18.6144)",
            "a": 18.614425,
            "b": 18.614425,
            "c": 18.614425,
            "Alpha": 90.0,
            "Beta": 90.0,
            "Gamma": 90.0,
            "Volume": 6449.83903290044,
            "Initial Temperature": 300,
            "Run time": 1000
        }
    ],
    "Simulation output": [
        {
            "Mean Square Displacement": 0.014232977989239547,
            "Self diffusion coefficient": 0.0002965203747758239,
            "Lindemann Criterion": 0.0464175664171475,
            "Specific Heat": 129.3191980282437,
            "Internal Temperature": 148.04982682131367,
            "Cohesive Energy": 0.0669895128256838,
            "Internal Pressure": -3.1015949560938097e-06,
            "Bulk_modulus": 159.56590290491076,
            "Lattice constant": 0
        }
    ]
}