{
    "Simulation input": [
        {
            "Chemical formula": "Al500Cu2000",
            "Database": "Materials Project",
            "Potential": "EMT",
            "Integrator": "Velocity-Verlet",
            "Lattice structure": "CUB(a=31.4606)",
            "a": 31.460555,
            "b": 31.460555,
            "c": 31.460555,
            "Alpha": 90.0,
            "Beta": 90.0,
            "Gamma": 90.0,
            "Volume": 31138.60406818556,
            "Initial Temperature": 300,
            "Run time": 1000
        }
    ],
    "Simulation output": [
        {
            "Mean Square Displacement": 0.04167085062154104,
            "Self diffusion coefficient": 0.000868142721282105,
            "Lindemann Criterion": 0.08606293856311487,
            "Specific Heat": 221.76108435512072,
            "Internal Temperature": 166.91722646995544,
            "Cohesive Energy": 0.20657183633881737,
            "Internal Pressure": -1.2968993987106273e-07,
            "Bulk_modulus": 84.0607334074371,
            "Lattice constant": 0
        }
    ]
}