{
    "Simulation input": [
        {
            "Chemical formula": "Al125Cu125",
            "Database": "Materials Project",
            "Potential": "EMT",
            "Integrator": "Velocity-Verlet",
            "Lattice structure": "CUB(a=15.3224)",
            "a": 15.322438384745993,
            "b": 15.322438384745993,
            "c": 15.322438384745993,
            "Alpha": 90.0,
            "Beta": 90.0,
            "Gamma": 90.0,
            "Volume": 3597.3579255358163,
            "Initial Temperature": 300,
            "Run time": 1000
        }
    ],
    "Simulation output": [
        {
            "Mean Square Displacement": 0.20005294442363458,
            "Self diffusion coefficient": 0.004167769675492387,
            "Lindemann Criterion": 0.17543989604805527,
            "Specific Heat": 275.50323548534584,
            "Internal Temperature": 181.57492152542864,
            "Cohesive Energy": 0.1816317363515738,
            "Internal Pressure": -1.0145421628591413e-06,
            "Bulk_modulus": 59.029266732953616,
            "Lattice constant": 3.0644876769491987
        }
    ]
}