{
    "Simulation input": [
        {
            "Chemical formula": "AlPd499",
            "Database": "ASE",
            "Potential": "EMT_Asap_Standard_JacobsenStoltzeNorskov_1996_AlAgAuCuNiPdPt__MO_115316750986_001",
            "Integrator": "Velocity-Verlet",
            "Lattice structure": "CUB(a=19.45)",
            "a": 19.45,
            "b": 19.45,
            "c": 19.45,
            "Alpha": 90.0,
            "Beta": 90.0,
            "Gamma": 90.0,
            "Volume": 7357.983625000011,
            "Initial Temperature": 900,
            "Run time": 3000
        }
    ],
    "Simulation output": [
        {
            "Mean Square Displacement": 0.06840465054404637,
            "Self diffusion coefficient": 0.000407170538952657,
            "Lindemann Criterion": 0.10331803550433688,
            "Specific Heat": 117.35538434428824,
            "Internal Temperature": 529.579457821375,
            "Cohesive Energy": 3.8231148779281114,
            "Internal Pressure": 8.727211031730496e-07,
            "Bulk_modulus": 168.8461086492979,
            "Lattice constant": 3.7486362256057384
        }
    ]
}