{
    "Simulation input": [
        {
            "Chemical formula": "AuCu124",
            "Database": "Materials Project",
            "Potential": "EMT",
            "Integrator": "Velocity-Verlet",
            "Lattice structure": "BCC(a=14.3633)",
            "a": 12.438956699999999,
            "b": 12.4389567,
            "c": 12.438956699999999,
            "Alpha": 109.47122063,
            "Beta": 109.47122063,
            "Gamma": 109.47122063,
            "Volume": 1481.5966161712952,
            "Initial Temperature": 300,
            "Run time": 1000
        }
    ],
    "Simulation output": [
        {
            "Mean Square Displacement": 0.052775162501222765,
            "Self diffusion coefficient": 0.0010994825521088076,
            "Lindemann Criterion": 0.09497027071875982,
            "Specific Heat": 192.99899923265767,
            "Internal Temperature": 156.57952660643426,
            "Cohesive Energy": 0.04400056828182136,
            "Internal Pressure": -3.298095027253626e-06,
            "Bulk_modulus": 123.12749059106504,
            "Lattice constant": 2.48779134
        }
    ]
}