{
    "Simulation input": [
        {
            "Chemical formula": "Pt500",
            "Database": "ASE",
            "Potential": "EMT_Asap_Standard_JacobsenStoltzeNorskov_1996_AlAgAuCuNiPdPt__MO_115316750986_001",
            "Integrator": "Velocity-Verlet",
            "Lattice structure": "CUB(a=19.6)",
            "a": 19.6,
            "b": 19.6,
            "c": 19.6,
            "Alpha": 90.0,
            "Beta": 90.0,
            "Gamma": 90.0,
            "Volume": 7529.536000000013,
            "Initial Temperature": 1200,
            "Run time": 3000
        }
    ],
    "Simulation output": [
        {
            "Mean Square Displacement": 0.053588363414559234,
            "Self diffusion coefficient": 0.0003189783536580907,
            "Lindemann Criterion": 0.08755924739196777,
            "Specific Heat": 63.9227970492708,
            "Internal Temperature": 614.2226413569248,
            "Cohesive Energy": 5.774458737012113,
            "Internal Pressure": -2.7068691175657884e-07,
            "Bulk_modulus": 268.81274901343653,
            "Lattice constant": 3.763694624804003
        }
    ]
}