{
    "Simulation input": [
        {
            "Chemical formula": "Ag374AlAu125",
            "Database": "Materials Project",
            "Potential": "EMT",
            "Integrator": "Velocity-Verlet",
            "Lattice structure": "CUB(a=20.8081)",
            "a": 20.808144999999996,
            "b": 20.808144999999996,
            "c": 20.808144999999996,
            "Alpha": 90.0,
            "Beta": 90.0,
            "Gamma": 90.0,
            "Volume": 9009.487698620313,
            "Initial Temperature": 300,
            "Run time": 1000
        }
    ],
    "Simulation output": [
        {
            "Mean Square Displacement": 0.08208157785301094,
            "Self diffusion coefficient": 0.001710032871937728,
            "Lindemann Criterion": 0.10213611950344094,
            "Specific Heat": 95.93950738520041,
            "Internal Temperature": 209.93417726092994,
            "Cohesive Energy": 0.06246276829334803,
            "Internal Pressure": 3.652356648774706e-07,
            "Bulk_modulus": 108.45841492077982,
            "Lattice constant": 0
        }
    ]
}