{
    "Simulation input": [
        {
            "Chemical formula": "AgAu499",
            "Database": "ASE",
            "Potential": "EMT_Asap_Standard_JacobsenStoltzeNorskov_1996_AlAgAuCuNiPdPt__MO_115316750986_001",
            "Integrator": "Velocity-Verlet",
            "Lattice structure": "CUB(a=20.4)",
            "a": 20.4,
            "b": 20.4,
            "c": 20.4,
            "Alpha": 90.0,
            "Beta": 90.0,
            "Gamma": 90.0,
            "Volume": 8489.664,
            "Initial Temperature": 500,
            "Run time": 3000
        }
    ],
    "Simulation output": [
        {
            "Mean Square Displacement": 0.09726870154037309,
            "Self diffusion coefficient": 0.0005789803663117446,
            "Lindemann Criterion": 0.11502043681923625,
            "Specific Heat": 63.369165546798754,
            "Internal Temperature": 373.80224003021476,
            "Cohesive Energy": 3.7429852033731446,
            "Internal Pressure": -5.378625797835551e-07,
            "Bulk_modulus": 168.7185935326217,
            "Lattice constant": 3.8073118842989633
        }
    ]
}