{
    "Simulation input": [
        {
            "Chemical formula": "AgPt124",
            "Database": "Materials Project",
            "Potential": "EMT",
            "Integrator": "Velocity-Verlet",
            "Lattice structure": "FCC(a=19.8838)",
            "a": 14.060005149999999,
            "b": 14.060005149999999,
            "c": 14.060005149999999,
            "Alpha": 59.999999999999986,
            "Beta": 59.99999999999999,
            "Gamma": 59.99999999999999,
            "Volume": 1965.356961751065,
            "Initial Temperature": 300,
            "Run time": 1000
        }
    ],
    "Simulation output": [
        {
            "Mean Square Displacement": 0.020956567763630574,
            "Self diffusion coefficient": 0.00043659516174230365,
            "Lindemann Criterion": 0.056501112537365235,
            "Specific Heat": 64.152239066012,
            "Internal Temperature": 180.48874997063564,
            "Cohesive Energy": 0.0443651404742541,
            "Internal Pressure": 3.5283747824849316e-06,
            "Bulk_modulus": 274.60315046945556,
            "Lattice constant": 0
        }
    ]
}