{
    "Simulation input": [
        {
            "Chemical formula": "Pd499Pt",
            "Database": "ASE",
            "Potential": "EMT_Asap_Standard_JacobsenStoltzeNorskov_1996_AlAgAuCuNiPdPt__MO_115316750986_001",
            "Integrator": "Velocity-Verlet",
            "Lattice structure": "CUB(a=19.45)",
            "a": 19.45,
            "b": 19.45,
            "c": 19.45,
            "Alpha": 90.0,
            "Beta": 90.0,
            "Gamma": 90.0,
            "Volume": 7357.983625000011,
            "Initial Temperature": 300,
            "Run time": 3000
        }
    ],
    "Simulation output": [
        {
            "Mean Square Displacement": 0.07154595410122598,
            "Self diffusion coefficient": 0.0004258687744120594,
            "Lindemann Criterion": 0.10433103395980223,
            "Specific Heat": 116.9852488193433,
            "Internal Temperature": 409.5005328101402,
            "Cohesive Energy": 3.842516654746357,
            "Internal Pressure": 2.561745005189818e-06,
            "Bulk_modulus": 171.59917022199576,
            "Lattice constant": 3.7486362256057384
        }
    ]
}