{
    "Simulation input": [
        {
            "Chemical formula": "Al10500Pt2500",
            "Database": "Materials Project",
            "Potential": "EMT",
            "Integrator": "Langevin",
            "Lattice structure": "FCC(a=94.5362)",
            "a": 66.84715275,
            "b": 66.84715275,
            "c": 66.84715274999999,
            "Alpha": 59.999999999999986,
            "Beta": 59.999999999999986,
            "Gamma": 59.99999999999999,
            "Volume": 211219.37045405942,
            "Initial Temperature": 300,
            "Run time": 1000
        }
    ],
    "Simulation output": [
        {
            "Mean Square Displacement": 0.19347486320582533,
            "Self diffusion coefficient": 0.004030726316788027,
            "Lindemann Criterion": 0.164509966105003,
            "Specific Heat": 133970675492.93678,
            "Internal Temperature": 210.80587798518354,
            "Cohesive Energy": 0.07892145117373477,
            "Internal Pressure": 1.1727625681213072e-06,
            "Bulk_modulus": 55.63416591794068,
            "Lattice constant": 0
        }
    ]
}