{
    "Simulation input": [
        {
            "Chemical formula": "Au499Pd",
            "Database": "ASE",
            "Potential": "EMT_Asap_Standard_JacobsenStoltzeNorskov_1996_AlAgAuCuNiPdPt__MO_115316750986_001",
            "Integrator": "Velocity-Verlet",
            "Lattice structure": "CUB(a=20.4)",
            "a": 20.4,
            "b": 20.4,
            "c": 20.4,
            "Alpha": 90.0,
            "Beta": 90.0,
            "Gamma": 90.0,
            "Volume": 8489.664,
            "Initial Temperature": 1000,
            "Run time": 3000
        }
    ],
    "Simulation output": [
        {
            "Mean Square Displacement": 0.18486763667161818,
            "Self diffusion coefficient": 0.0011004025992358225,
            "Lindemann Criterion": 0.1756614307815866,
            "Specific Heat": 63.370098250054966,
            "Internal Temperature": 662.7825121946264,
            "Cohesive Energy": 3.7113544921467647,
            "Internal Pressure": -2.906463556884123e-06,
            "Bulk_modulus": 163.9301777222106,
            "Lattice constant": 3.8073118842989633
        }
    ]
}