{
    "Simulation input": [
        {
            "Chemical formula": "Al125",
            "Database": "Materials Project",
            "Potential": "EMT",
            "Integrator": "Velocity-Verlet",
            "Lattice structure": "FCC(a=20.1946)",
            "a": 14.279773950000001,
            "b": 14.279773950000001,
            "c": 14.279773950000001,
            "Alpha": 59.99999999999999,
            "Beta": 59.99999999999999,
            "Gamma": 59.99999999999999,
            "Volume": 2058.965169334094,
            "Initial Temperature": 300,
            "Run time": 1000
        }
    ],
    "Simulation output": [
        {
            "Mean Square Displacement": 0.03229994270713767,
            "Self diffusion coefficient": 0.0006729154730653682,
            "Lindemann Criterion": 0.06521512809721601,
            "Specific Heat": 462.1795267755361,
            "Internal Temperature": 137.75760700569856,
            "Cohesive Energy": 0.015066287086922711,
            "Internal Pressure": 1.1986942499028336e-06,
            "Bulk_modulus": 35.515611298744126,
            "Lattice constant": 0
        }
    ]
}