{
    "Simulation input": [
        {
            "Chemical formula": "Au125Cu375",
            "Database": "Materials Project",
            "Potential": "EMT",
            "Integrator": "Velocity-Verlet",
            "Lattice structure": "CUB(a=18.7476)",
            "a": 18.747550377783888,
            "b": 18.747550377783888,
            "c": 18.747550377783888,
            "Alpha": 90.0,
            "Beta": 90.0,
            "Gamma": 90.0,
            "Volume": 6589.21362659075,
            "Initial Temperature": 300,
            "Run time": 1000
        }
    ],
    "Simulation output": [
        {
            "Mean Square Displacement": 0.020417425461590113,
            "Self diffusion coefficient": 0.000425363030449794,
            "Lindemann Criterion": 0.056325689872438196,
            "Specific Heat": 128.6911034895065,
            "Internal Temperature": 153.3359316594083,
            "Cohesive Energy": 0.010825557466454505,
            "Internal Pressure": -8.209121398008272e-07,
            "Bulk_modulus": 134.30757617245388,
            "Lattice constant": 3.7495100755567776
        }
    ]
}