{
    "Simulation input": [
        {
            "Chemical formula": "Au499Pd",
            "Database": "ASE",
            "Potential": "EMT_Asap_Standard_JacobsenStoltzeNorskov_1996_AlAgAuCuNiPdPt__MO_115316750986_001",
            "Integrator": "Velocity-Verlet",
            "Lattice structure": "CUB(a=20.4)",
            "a": 20.4,
            "b": 20.4,
            "c": 20.4,
            "Alpha": 90.0,
            "Beta": 90.0,
            "Gamma": 90.0,
            "Volume": 8489.664,
            "Initial Temperature": 400,
            "Run time": 3000
        }
    ],
    "Simulation output": [
        {
            "Mean Square Displacement": 0.07435477574926147,
            "Self diffusion coefficient": 0.0004425879508884611,
            "Lindemann Criterion": 0.10059178865372584,
            "Specific Heat": 63.370098250053275,
            "Internal Temperature": 332.1281189014669,
            "Cohesive Energy": 3.750069812943326,
            "Internal Pressure": -8.517173819660321e-07,
            "Bulk_modulus": 169.92106293208008,
            "Lattice constant": 3.8073118842989633
        }
    ]
}