{
    "Simulation input": [
        {
            "Chemical formula": "Al249PdPt125",
            "Database": "Materials Project",
            "Potential": "EMT",
            "Integrator": "Velocity-Verlet",
            "Lattice structure": "FCC(a=29.7438)",
            "a": 21.032021450000002,
            "b": 21.032021450000002,
            "c": 21.03202145,
            "Alpha": 59.999999999999986,
            "Beta": 59.999999999999986,
            "Gamma": 59.99999999999999,
            "Volume": 6578.517741046045,
            "Initial Temperature": 300,
            "Run time": 1000
        }
    ],
    "Simulation output": [
        {
            "Mean Square Displacement": 5.351014756035194,
            "Self diffusion coefficient": 0.11147947408406654,
            "Lindemann Criterion": 0.9452244176942344,
            "Specific Heat": 149.83401737710193,
            "Internal Temperature": 1751.4320003888954,
            "Cohesive Energy": 0.3524001053673424,
            "Internal Pressure": 1.7031441407819172e-06,
            "Bulk_modulus": 65.13022788577388,
            "Lattice constant": 0
        }
    ]
}