{
    "Simulation input": [
        {
            "Chemical formula": "Al249Cu125Pt",
            "Database": "Materials Project",
            "Potential": "EMT",
            "Integrator": "Velocity-Verlet",
            "Lattice structure": "FCC(a=28.8455)",
            "a": 20.396884,
            "b": 20.396884000000004,
            "c": 20.396884,
            "Alpha": 59.99999999999999,
            "Beta": 59.999999999999986,
            "Gamma": 59.99999999999999,
            "Volume": 6000.3485727212665,
            "Initial Temperature": 300,
            "Run time": 1000
        }
    ],
    "Simulation output": [
        {
            "Mean Square Displacement": 3.493761534388696,
            "Self diffusion coefficient": 0.07278669863309783,
            "Lindemann Criterion": 0.7442460633090645,
            "Specific Heat": 314.7641412679171,
            "Internal Temperature": 1004.8784780650482,
            "Cohesive Energy": 0.330563785447281,
            "Internal Pressure": 4.791987151124918e-06,
            "Bulk_modulus": 43.216419893098866,
            "Lattice constant": 0
        }
    ]
}