{
    "Simulation input": [
        {
            "Chemical formula": "Al4000Ni3000",
            "Database": "Materials Project",
            "Potential": "EMT",
            "Integrator": "Velocity-Verlet",
            "Lattice structure": "BCC(a=57.0004)",
            "a": 49.363768449999995,
            "b": 49.363768449999995,
            "c": 49.363768449999995,
            "Alpha": 109.47122063,
            "Beta": 109.47122063,
            "Gamma": 109.47122063,
            "Volume": 92598.30324960564,
            "Initial Temperature": 300,
            "Run time": 3000
        }
    ],
    "Simulation output": [
        {
            "Mean Square Displacement": 3.59512557624011,
            "Self diffusion coefficient": 0.021399557001429228,
            "Lindemann Criterion": 0.827288393802284,
            "Specific Heat": 307.36004091558783,
            "Internal Temperature": 1077.8462901542866,
            "Cohesive Energy": 0.41248728636535853,
            "Internal Pressure": 1.283252673498036e-06,
            "Bulk_modulus": 61.28275402746963,
            "Lattice constant": 3.7486362256057384
        }
    ]
}