{
    "Simulation input": [
        {
            "Chemical formula": "Au125",
            "Database": "Materials Project",
            "Potential": "EMT",
            "Integrator": "Velocity-Verlet",
            "Lattice structure": "FCC(a=16.6852)",
            "a": 11.798184120000002,
            "b": 11.798184120000002,
            "c": 11.79818412,
            "Alpha": 59.99999999999999,
            "Beta": 59.99999999999999,
            "Gamma": 60.00000000000001,
            "Volume": 1161.2627901639548,
            "Initial Temperature": 300,
            "Run time": 1000
        }
    ],
    "Simulation output": [
        {
            "Mean Square Displacement": 0.05828050365879883,
            "Self diffusion coefficient": 0.001214177159558309,
            "Lindemann Criterion": 0.08776041551308247,
            "Specific Heat": 63.311833870947034,
            "Internal Temperature": 158.3413238512708,
            "Cohesive Energy": 0.07642397066131708,
            "Internal Pressure": 9.318207762310931e-08,
            "Bulk_modulus": null,
            "Lattice constant": 2.94954603
        }
    ]
}