{
    "Simulation input": [
        {
            "Chemical formula": "Al124CuNi375",
            "Database": "Materials Project",
            "Potential": "EMT",
            "Integrator": "Velocity-Verlet",
            "Lattice structure": "CUB(a=17.8054)",
            "a": 17.80542,
            "b": 17.80542,
            "c": 17.80542,
            "Alpha": 90.0,
            "Beta": 90.0,
            "Gamma": 90.0,
            "Volume": 5644.905387258983,
            "Initial Temperature": 300,
            "Run time": 1000
        }
    ],
    "Simulation output": [
        {
            "Mean Square Displacement": 0.039514682930007615,
            "Self diffusion coefficient": 0.0008232225610418253,
            "Lindemann Criterion": 0.08068333686073666,
            "Specific Heat": 245.2924326577214,
            "Internal Temperature": 266.9673916916372,
            "Cohesive Energy": 0.317689108172314,
            "Internal Pressure": -4.9343013982671e-06,
            "Bulk_modulus": 103.33259331486582,
            "Lattice constant": 0
        }
    ]
}