{
    "Simulation input": [
        {
            "Chemical formula": "Al499Au2000Cu",
            "Database": "Materials Project",
            "Potential": "EMT",
            "Integrator": "Velocity-Verlet",
            "Lattice structure": "CUB(a=35.2732)",
            "a": 35.27325,
            "b": 35.27325,
            "c": 35.27325,
            "Alpha": 90.0,
            "Beta": 90.0,
            "Gamma": 90.0,
            "Volume": 43887.05403642744,
            "Initial Temperature": 300,
            "Run time": 1000
        }
    ],
    "Simulation output": [
        {
            "Mean Square Displacement": 0.12156190612484466,
            "Self diffusion coefficient": 0.0025325397109342636,
            "Lindemann Criterion": 0.1302068281019766,
            "Specific Heat": 76.51242148622069,
            "Internal Temperature": 268.25284378267105,
            "Cohesive Energy": 0.08996564380904339,
            "Internal Pressure": -6.543274794680809e-06,
            "Bulk_modulus": 121.12715465641578,
            "Lattice constant": 7.05465
        }
    ]
}