{
    "Simulation input": [
        {
            "Chemical formula": "AgCu124Pt875",
            "Database": "Materials Project",
            "Potential": "EMT",
            "Integrator": "Velocity-Verlet",
            "Lattice structure": "FCC(a=39.3945)",
            "a": 27.856103949999998,
            "b": 27.85610395,
            "c": 27.856103949999998,
            "Alpha": 59.99999999999999,
            "Beta": 59.99999999999999,
            "Gamma": 60.00000000000001,
            "Volume": 15284.320131081178,
            "Initial Temperature": 300,
            "Run time": 1000
        }
    ],
    "Simulation output": [
        {
            "Mean Square Displacement": 0.06337669249670258,
            "Self diffusion coefficient": 0.0013203477603479705,
            "Lindemann Criterion": 0.09529911849609313,
            "Specific Heat": 69.78895883422241,
            "Internal Temperature": 386.8884685748528,
            "Cohesive Energy": 0.03476740455076446,
            "Internal Pressure": -6.686994697248086e-06,
            "Bulk_modulus": 250.24081340553042,
            "Lattice constant": 0
        }
    ]
}