{
    "Simulation input": [
        {
            "Chemical formula": "Ag125Pt375",
            "Database": "Materials Project",
            "Potential": "EMT",
            "Integrator": "Velocity-Verlet",
            "Lattice structure": "CUB(a=20.0342)",
            "a": 20.03422,
            "b": 20.03422,
            "c": 20.03422,
            "Alpha": 90.0,
            "Beta": 90.0,
            "Gamma": 90.0,
            "Volume": 8041.134300575908,
            "Initial Temperature": 300,
            "Run time": 1000
        }
    ],
    "Simulation output": [
        {
            "Mean Square Displacement": 0.024242133512914123,
            "Self diffusion coefficient": 0.0005050444481857109,
            "Lindemann Criterion": 0.05793530501583156,
            "Specific Heat": 71.96624727262322,
            "Internal Temperature": 144.87136680583504,
            "Cohesive Energy": 0.0791722099176442,
            "Internal Pressure": 1.4076400128922575e-06,
            "Bulk_modulus": 218.49857822784315,
            "Lattice constant": 0
        }
    ]
}