{
    "Simulation input": [
        {
            "Chemical formula": "Ag375Ni124Pd",
            "Database": "Materials Project",
            "Potential": "EMT",
            "Integrator": "Velocity-Verlet",
            "Lattice structure": "CUB(a=20.0451)",
            "a": 20.04515,
            "b": 20.04515,
            "c": 20.04515,
            "Alpha": 90.0,
            "Beta": 90.0,
            "Gamma": 90.0,
            "Volume": 8054.302403389292,
            "Initial Temperature": 300,
            "Run time": 1000
        }
    ],
    "Simulation output": [
        {
            "Mean Square Displacement": 0.030400873426307675,
            "Self diffusion coefficient": 0.0006333515297147432,
            "Lindemann Criterion": 0.06299445436640534,
            "Specific Heat": 130.34724601039505,
            "Internal Temperature": 147.40561310521608,
            "Cohesive Energy": 0.13615384503249944,
            "Internal Pressure": -5.826268196428781e-07,
            "Bulk_modulus": 106.31363520124725,
            "Lattice constant": 4.00903
        }
    ]
}