{
    "Simulation input": [
        {
            "Chemical formula": "Ag499Al",
            "Database": "ASE",
            "Potential": "EMT_Asap_Standard_JacobsenStoltzeNorskov_1996_AlAgAuCuNiPdPt__MO_115316750986_001",
            "Integrator": "Velocity-Verlet",
            "Lattice structure": "CUB(a=20.45)",
            "a": 20.45,
            "b": 20.45,
            "c": 20.45,
            "Alpha": 90.0,
            "Beta": 90.0,
            "Gamma": 90.0,
            "Volume": 8552.241125000002,
            "Initial Temperature": 700,
            "Run time": 3000
        }
    ],
    "Simulation output": [
        {
            "Mean Square Displacement": 0.06694892280042808,
            "Self diffusion coefficient": 0.00039850549285969095,
            "Lindemann Criterion": 0.09392274558449551,
            "Specific Heat": 115.7806021822309,
            "Internal Temperature": 360.69954358482556,
            "Cohesive Energy": 2.9070003818542816,
            "Internal Pressure": -3.295066174791432e-06,
            "Bulk_modulus": 91.97102885261006,
            "Lattice constant": 3.8347786021727415
        }
    ]
}