{
    "Simulation input": [
        {
            "Chemical formula": "Al500Pd500",
            "Database": "Materials Project",
            "Potential": "EMT",
            "Integrator": "Velocity-Verlet",
            "Lattice structure": "CUB(a=24.5437)",
            "a": 24.543685000000004,
            "b": 24.543685000000004,
            "c": 24.543685000000004,
            "Alpha": 90.0,
            "Beta": 90.0,
            "Gamma": 90.0,
            "Volume": 14784.931112990605,
            "Initial Temperature": 300,
            "Run time": 1000
        }
    ],
    "Simulation output": [
        {
            "Mean Square Displacement": 1.0362061452171254,
            "Self diffusion coefficient": 0.02158762802535678,
            "Lindemann Criterion": 0.4206540530500159,
            "Specific Heat": 186.95908722694628,
            "Internal Temperature": 353.5273263849719,
            "Cohesive Energy": 0.22793471663614823,
            "Internal Pressure": -1.9173822383154895e-07,
            "Bulk_modulus": 73.89637436835945,
            "Lattice constant": 0
        }
    ]
}