{
    "Simulation input": [
        {
            "Chemical formula": "Al124AuPd375",
            "Database": "Materials Project",
            "Potential": "EMT",
            "Integrator": "Velocity-Verlet",
            "Lattice structure": "CUB(a=19.5469)",
            "a": 19.54693,
            "b": 19.54693,
            "c": 19.54693,
            "Alpha": 90.0,
            "Beta": 90.0,
            "Gamma": 90.0,
            "Volume": 7468.539342716455,
            "Initial Temperature": 300,
            "Run time": 1000
        }
    ],
    "Simulation output": [
        {
            "Mean Square Displacement": 0.09499292760658734,
            "Self diffusion coefficient": 0.0019790193251372364,
            "Lindemann Criterion": 0.11997079760351677,
            "Specific Heat": 143.5013121714304,
            "Internal Temperature": 364.4890135279873,
            "Cohesive Energy": 0.09960034215797073,
            "Internal Pressure": 1.20372684812155e-06,
            "Bulk_modulus": 112.38350120644907,
            "Lattice constant": 0
        }
    ]
}