{
    "Simulation input": [
        {
            "Chemical formula": "Al125Ni375",
            "Database": "Materials Project",
            "Potential": "EMT",
            "Integrator": "Velocity-Verlet",
            "Lattice structure": "CUB(a=18.3647)",
            "a": 18.364712666225337,
            "b": 18.364712666225337,
            "c": 18.364712666225337,
            "Alpha": 90.0,
            "Beta": 90.0,
            "Gamma": 90.0,
            "Volume": 6193.732051707162,
            "Initial Temperature": 300,
            "Run time": 1000
        }
    ],
    "Simulation output": [
        {
            "Mean Square Displacement": 0.021493254582359664,
            "Self diffusion coefficient": 0.000447776137132493,
            "Lindemann Criterion": 0.05959636883945786,
            "Specific Heat": 245.64578276041658,
            "Internal Temperature": 229.3791370836956,
            "Cohesive Energy": 0.2762950257708045,
            "Internal Pressure": -8.884248028998153e-06,
            "Bulk_modulus": 101.82881712001769,
            "Lattice constant": 3.6729425332450676
        }
    ]
}