{
    "Simulation input": [
        {
            "Chemical formula": "Cu500",
            "Database": "ASE",
            "Potential": "EMT_Asap_Standard_JacobsenStoltzeNorskov_1996_AlAgAuCuNiPdPt__MO_115316750986_001",
            "Integrator": "Velocity-Verlet",
            "Lattice structure": "CUB(a=18.05)",
            "a": 18.05,
            "b": 18.05,
            "c": 18.05,
            "Alpha": 90.0,
            "Beta": 90.0,
            "Gamma": 90.0,
            "Volume": 5880.735125000003,
            "Initial Temperature": 1000,
            "Run time": 3000
        }
    ],
    "Simulation output": [
        {
            "Mean Square Displacement": 0.06421790964318318,
            "Self diffusion coefficient": 0.00038224946216180463,
            "Lindemann Criterion": 0.10573521512133313,
            "Specific Heat": 196.24075377769975,
            "Internal Temperature": 479.9762422711715,
            "Cohesive Energy": 3.4540648507047313,
            "Internal Pressure": -2.1828420092892002e-07,
            "Bulk_modulus": 121.30213561100665,
            "Lattice constant": 3.5869094586514447
        }
    ]
}