{
    "Simulation input": [
        {
            "Chemical formula": "Ag375Ni125",
            "Database": "Materials Project",
            "Potential": "EMT",
            "Integrator": "Velocity-Verlet",
            "Lattice structure": "CUB(a=20.0451)",
            "a": 20.04515,
            "b": 20.04515,
            "c": 20.04515,
            "Alpha": 90.0,
            "Beta": 90.0,
            "Gamma": 90.0,
            "Volume": 8054.302403389292,
            "Initial Temperature": 20,
            "Run time": 1000
        }
    ],
    "Simulation output": [
        {
            "Mean Square Displacement": 0.0018777432034735768,
            "Self diffusion coefficient": 3.9119650072366186e-05,
            "Lindemann Criterion": 0.015416885398502491,
            "Specific Heat": 130.47742782366453,
            "Internal Temperature": 10.018212709504157,
            "Cohesive Energy": 0.11953960316672045,
            "Internal Pressure": -2.1313457295656258e-07,
            "Bulk_modulus": 108.29632331235273,
            "Lattice constant": 0
        }
    ]
}