{
    "Simulation input": [
        {
            "Chemical formula": "Au375Pd125",
            "Database": "Materials Project",
            "Potential": "EMT",
            "Integrator": "Velocity-Verlet",
            "Lattice structure": "CUB(a=20.5786)",
            "a": 20.578590000000002,
            "b": 20.578590000000002,
            "c": 20.578590000000002,
            "Alpha": 90.0,
            "Beta": 90.0,
            "Gamma": 90.0,
            "Volume": 8714.587675770497,
            "Initial Temperature": 20,
            "Run time": 1000
        }
    ],
    "Simulation output": [
        {
            "Mean Square Displacement": 0.003118418797200103,
            "Self diffusion coefficient": 6.496705827500215e-05,
            "Lindemann Criterion": 0.01938702695956822,
            "Specific Heat": 71.53284096281251,
            "Internal Temperature": 9.75305428363279,
            "Cohesive Energy": 0.05258395795655143,
            "Internal Pressure": 4.275207873720723e-07,
            "Bulk_modulus": 176.0519887989601,
            "Lattice constant": 0
        }
    ]
}