{
    "Simulation input": [
        {
            "Chemical formula": "Al10500Pt2500",
            "Database": "Materials Project",
            "Potential": "EMT",
            "Integrator": "Langevin",
            "Lattice structure": "FCC(a=94.5362)",
            "a": 66.84715275,
            "b": 66.84715275,
            "c": 66.84715274999999,
            "Alpha": 59.999999999999986,
            "Beta": 59.999999999999986,
            "Gamma": 59.99999999999999,
            "Volume": 211219.37045405942,
            "Initial Temperature": 300,
            "Run time": 1000
        }
    ],
    "Simulation output": [
        {
            "Mean Square Displacement": 0.20140517323921037,
            "Self diffusion coefficient": 0.004195941109150216,
            "Lindemann Criterion": 0.1699043785730681,
            "Specific Heat": 134579218936.06764,
            "Internal Temperature": 210.37876052361025,
            "Cohesive Energy": 0.07895433409573863,
            "Internal Pressure": -1.0321405426228724e-06,
            "Bulk_modulus": 55.61312671102329,
            "Lattice constant": 13.36943055
        }
    ]
}