{
    "Simulation input": [
        {
            "Chemical formula": "AgAu125Pd374",
            "Database": "Materials Project",
            "Potential": "EMT",
            "Integrator": "Velocity-Verlet",
            "Lattice structure": "CUB(a=20.027)",
            "a": 20.026955,
            "b": 20.026955,
            "c": 20.026955,
            "Alpha": 90.0,
            "Beta": 90.0,
            "Gamma": 90.0,
            "Volume": 8032.389613906253,
            "Initial Temperature": 300,
            "Run time": 1000
        }
    ],
    "Simulation output": [
        {
            "Mean Square Displacement": 0.06464106605338861,
            "Self diffusion coefficient": 0.0013466888761122628,
            "Lindemann Criterion": 0.09813068245791585,
            "Specific Heat": 96.62451187945206,
            "Internal Temperature": 291.2792304535261,
            "Cohesive Energy": 0.07928142174937262,
            "Internal Pressure": -2.0205696604993246e-05,
            "Bulk_modulus": 168.49715034958427,
            "Lattice constant": 0
        }
    ]
}