{
    "Simulation input": [
        {
            "Chemical formula": "Ag375Ni125",
            "Database": "Materials Project",
            "Potential": "EMT",
            "Integrator": "Velocity-Verlet",
            "Lattice structure": "CUB(a=19.9211)",
            "a": 19.92105422504241,
            "b": 19.92105422504241,
            "c": 19.92105422504241,
            "Alpha": 90.0,
            "Beta": 90.0,
            "Gamma": 90.0,
            "Volume": 7905.6385241494645,
            "Initial Temperature": 300,
            "Run time": 1000
        }
    ],
    "Simulation output": [
        {
            "Mean Square Displacement": 0.03240237356922853,
            "Self diffusion coefficient": 0.0006750494493589277,
            "Lindemann Criterion": 0.06614924764087808,
            "Specific Heat": 130.47742782280594,
            "Internal Temperature": 157.95351350851044,
            "Cohesive Energy": 0.1303514262510679,
            "Internal Pressure": 1.72764276233376e-06,
            "Bulk_modulus": 106.12078837620635,
            "Lattice constant": 3.9842108450084823
        }
    ]
}