{
    "Simulation input": [
        {
            "Chemical formula": "Al499Cu2000",
            "Database": "Materials Project",
            "Potential": "EMT",
            "Integrator": "Velocity-Verlet",
            "Lattice structure": "CUB(a=31.4606)",
            "a": 31.460555,
            "b": 31.460555,
            "c": 31.460555,
            "Alpha": 90.0,
            "Beta": 90.0,
            "Gamma": 90.0,
            "Volume": 31138.60406818556,
            "Initial Temperature": 300,
            "Run time": 1000
        }
    ],
    "Simulation output": [
        {
            "Mean Square Displacement": 0.27543637895370976,
            "Self diffusion coefficient": 0.005738257894868953,
            "Lindemann Criterion": 0.2311310245978409,
            "Specific Heat": 221.7149328601782,
            "Internal Temperature": 608.2501945711862,
            "Cohesive Energy": 0.26205005578186247,
            "Internal Pressure": -6.570810473802972e-07,
            "Bulk_modulus": 82.4434769892926,
            "Lattice constant": 0
        }
    ]
}