{
    "Simulation input": [
        {
            "Chemical formula": "Al124Cu375Ni",
            "Database": "Materials Project",
            "Potential": "EMT",
            "Integrator": "Velocity-Verlet",
            "Lattice structure": "CUB(a=18.3574)",
            "a": 18.357405,
            "b": 18.357405,
            "c": 18.357405,
            "Alpha": 90.0,
            "Beta": 90.0,
            "Gamma": 90.0,
            "Volume": 6186.341184356621,
            "Initial Temperature": 300,
            "Run time": 1000
        }
    ],
    "Simulation output": [
        {
            "Mean Square Displacement": 0.03261977434055105,
            "Self diffusion coefficient": 0.0006795786320948136,
            "Lindemann Criterion": 0.0736168970357285,
            "Specific Heat": 228.94624973104035,
            "Internal Temperature": 243.95996820552443,
            "Cohesive Energy": 0.15082396406073864,
            "Internal Pressure": 6.162771372157058e-06,
            "Bulk_modulus": 84.3035875424262,
            "Lattice constant": 3.671481
        }
    ]
}