{
    "Simulation input": [
        {
            "Chemical formula": "Al124AuCu375",
            "Database": "Materials Project",
            "Potential": "EMT",
            "Integrator": "Velocity-Verlet",
            "Lattice structure": "CUB(a=18.3574)",
            "a": 18.357405,
            "b": 18.357405,
            "c": 18.357405,
            "Alpha": 90.0,
            "Beta": 90.0,
            "Gamma": 90.0,
            "Volume": 6186.341184356621,
            "Initial Temperature": 300,
            "Run time": 1000
        }
    ],
    "Simulation output": [
        {
            "Mean Square Displacement": 0.040374123214682464,
            "Self diffusion coefficient": 0.0008411275669725514,
            "Lindemann Criterion": 0.0850679474975543,
            "Specific Heat": 227.78971643850352,
            "Internal Temperature": 330.2102890262706,
            "Cohesive Energy": 0.16218269974636518,
            "Internal Pressure": 9.66686252699214e-06,
            "Bulk_modulus": 83.6484652726289,
            "Lattice constant": 0
        }
    ]
}