{
    "Simulation input": [
        {
            "Chemical formula": "Al500",
            "Database": "ASE",
            "Potential": "EMT_Asap_Standard_JacobsenStoltzeNorskov_1996_AlAgAuCuNiPdPt__MO_115316750986_001",
            "Integrator": "Velocity-Verlet",
            "Lattice structure": "CUB(a=20.25)",
            "a": 20.25,
            "b": 20.25,
            "c": 20.25,
            "Alpha": 90.0,
            "Beta": 90.0,
            "Gamma": 90.0,
            "Volume": 8303.765624999998,
            "Initial Temperature": 800,
            "Run time": 3000
        }
    ],
    "Simulation output": [
        {
            "Mean Square Displacement": 0.13075380870076683,
            "Self diffusion coefficient": 0.0007782964803617074,
            "Lindemann Criterion": 0.13398351510896314,
            "Specific Heat": 462.1795358169879,
            "Internal Temperature": 396.64192904045245,
            "Cohesive Energy": 3.2302666494643906,
            "Internal Pressure": -7.61964723665602e-08,
            "Bulk_modulus": 34.474211587336335,
            "Lattice constant": 3.915692163969525
        }
    ]
}