{
    "Simulation input": [
        {
            "Chemical formula": "AgNi499",
            "Database": "ASE",
            "Potential": "EMT_Asap_Standard_JacobsenStoltzeNorskov_1996_AlAgAuCuNiPdPt__MO_115316750986_001",
            "Integrator": "Velocity-Verlet",
            "Lattice structure": "CUB(a=17.6)",
            "a": 17.6,
            "b": 17.6,
            "c": 17.6,
            "Alpha": 90.0,
            "Beta": 90.0,
            "Gamma": 90.0,
            "Volume": 5451.776,
            "Initial Temperature": 1100,
            "Run time": 3000
        }
    ],
    "Simulation output": [
        {
            "Mean Square Displacement": 0.13145482856707646,
            "Self diffusion coefficient": 0.0007824692176611694,
            "Lindemann Criterion": 0.15965396423756228,
            "Specific Heat": 212.10994781415067,
            "Internal Temperature": 897.7164566820416,
            "Cohesive Energy": 4.31602255419379,
            "Internal Pressure": 5.6501384196289694e-06,
            "Bulk_modulus": 157.6656057456865,
            "Lattice constant": 3.4914114204442335
        }
    ]
}