{
    "Simulation input": [
        {
            "Chemical formula": "Al125Pd125",
            "Database": "Materials Project",
            "Potential": "EMT",
            "Integrator": "Velocity-Verlet",
            "Lattice structure": "CUB(a=15.9853)",
            "a": 15.985251288861779,
            "b": 15.985251288861779,
            "c": 15.985251288861779,
            "Alpha": 90.0,
            "Beta": 90.0,
            "Gamma": 90.0,
            "Volume": 4084.6834278126903,
            "Initial Temperature": 300,
            "Run time": 1000
        }
    ],
    "Simulation output": [
        {
            "Mean Square Displacement": 1.229523992947931,
            "Self diffusion coefficient": 0.025615083186415227,
            "Lindemann Criterion": 0.4299560326209574,
            "Specific Heat": 186.95908610085928,
            "Internal Temperature": 394.04176469693067,
            "Cohesive Energy": 0.12153852079129304,
            "Internal Pressure": -1.816442516472215e-06,
            "Bulk_modulus": 77.49735067313527,
            "Lattice constant": 3.197050257772356
        }
    ]
}