{
    "Simulation input": [
        {
            "Chemical formula": "Al124Cu375",
            "Database": "Materials Project",
            "Potential": "EMT",
            "Integrator": "Velocity-Verlet",
            "Lattice structure": "FCC(a=29.1847)",
            "a": 20.636671,
            "b": 20.636671000000003,
            "c": 20.636671,
            "Alpha": 60.00000000000001,
            "Beta": 59.99999999999999,
            "Gamma": 60.00000000000001,
            "Volume": 6214.4675359729545,
            "Initial Temperature": 300,
            "Run time": 1000
        }
    ],
    "Simulation output": [
        {
            "Mean Square Displacement": 0.12908444076777442,
            "Self diffusion coefficient": 0.002689259182661967,
            "Lindemann Criterion": 0.15583223742787417,
            "Specific Heat": 228.98184503733103,
            "Internal Temperature": 596.6856057461085,
            "Cohesive Energy": 0.20937423268539362,
            "Internal Pressure": 1.5709016000200272e-06,
            "Bulk_modulus": 81.3174961855841,
            "Lattice constant": 0
        }
    ]
}