{
    "Simulation input": [
        {
            "Chemical formula": "Ag499Au",
            "Database": "ASE",
            "Potential": "EMT_Asap_Standard_JacobsenStoltzeNorskov_1996_AlAgAuCuNiPdPt__MO_115316750986_001",
            "Integrator": "Velocity-Verlet",
            "Lattice structure": "CUB(a=20.45)",
            "a": 20.45,
            "b": 20.45,
            "c": 20.45,
            "Alpha": 90.0,
            "Beta": 90.0,
            "Gamma": 90.0,
            "Volume": 8552.241125000002,
            "Initial Temperature": 800,
            "Run time": 3000
        }
    ],
    "Simulation output": [
        {
            "Mean Square Displacement": 0.11851962652140574,
            "Self diffusion coefficient": 0.0007054739673893199,
            "Lindemann Criterion": 0.12874236865525432,
            "Specific Heat": 115.41629629535323,
            "Internal Temperature": 543.5964632499908,
            "Cohesive Energy": 2.8846008604914015,
            "Internal Pressure": -5.379977652967053e-06,
            "Bulk_modulus": 90.41512608752502,
            "Lattice constant": 3.8347786021727415
        }
    ]
}