{
    "Simulation input": [
        {
            "Chemical formula": "Al125Cu375",
            "Database": "Materials Project",
            "Potential": "EMT",
            "Integrator": "Velocity-Verlet",
            "Lattice structure": "FCC(a=30.7839)",
            "a": 21.767484050149992,
            "b": 21.767484050149992,
            "c": 21.76748405014999,
            "Alpha": 59.999999999999986,
            "Beta": 59.999999999999986,
            "Gamma": 59.99999999999999,
            "Volume": 7293.0586628397705,
            "Initial Temperature": 300,
            "Run time": 1000
        }
    ],
    "Simulation output": [
        {
            "Mean Square Displacement": 0.134442270408725,
            "Self diffusion coefficient": 0.002800880633515104,
            "Lindemann Criterion": 0.14441779517222203,
            "Specific Heat": 229.21314899245115,
            "Internal Temperature": 299.0741628816388,
            "Cohesive Energy": 0.21729132660783207,
            "Internal Pressure": -6.173134163774431e-07,
            "Bulk_modulus": 80.62174762278723,
            "Lattice constant": 4.353496810029998
        }
    ]
}