{
    "Simulation input": [
        {
            "Chemical formula": "Au375Pd125",
            "Database": "Materials Project",
            "Potential": "EMT",
            "Integrator": "Velocity-Verlet",
            "Lattice structure": "CUB(a=20.5786)",
            "a": 20.578590000000002,
            "b": 20.578590000000002,
            "c": 20.578590000000002,
            "Alpha": 90.0,
            "Beta": 90.0,
            "Gamma": 90.0,
            "Volume": 8714.587675770497,
            "Initial Temperature": 300,
            "Run time": 1000
        }
    ],
    "Simulation output": [
        {
            "Mean Square Displacement": 0.04907286694170203,
            "Self diffusion coefficient": 0.0010223513946187922,
            "Lindemann Criterion": 0.08129650631221813,
            "Specific Heat": 71.53284096364366,
            "Internal Temperature": 148.82081793394843,
            "Cohesive Energy": 0.06925437039536365,
            "Internal Pressure": 2.4669440869913056e-08,
            "Bulk_modulus": 171.2521720754149,
            "Lattice constant": 0
        }
    ]
}