{
    "Simulation input": [
        {
            "Chemical formula": "CuNi499",
            "Database": "ASE",
            "Potential": "EMT_Asap_Standard_JacobsenStoltzeNorskov_1996_AlAgAuCuNiPdPt__MO_115316750986_001",
            "Integrator": "Velocity-Verlet",
            "Lattice structure": "CUB(a=17.6)",
            "a": 17.6,
            "b": 17.6,
            "c": 17.6,
            "Alpha": 90.0,
            "Beta": 90.0,
            "Gamma": 90.0,
            "Volume": 5451.776,
            "Initial Temperature": 1000,
            "Run time": 3000
        }
    ],
    "Simulation output": [
        {
            "Mean Square Displacement": 0.07398301980133817,
            "Self diffusion coefficient": 0.0004403751178651082,
            "Lindemann Criterion": 0.11766132538859383,
            "Specific Heat": 212.4302436314263,
            "Internal Temperature": 630.3028414404529,
            "Cohesive Energy": 4.3531283970888195,
            "Internal Pressure": 3.4404428849533104e-06,
            "Bulk_modulus": 161.3498736482468,
            "Lattice constant": 3.4914114204442335
        }
    ]
}