{
    "Simulation input": [
        {
            "Chemical formula": "Au124Ni",
            "Database": "Materials Project",
            "Potential": "EMT",
            "Integrator": "Velocity-Verlet",
            "Lattice structure": "FCC(a=16.6852)",
            "a": 11.798184120000002,
            "b": 11.798184120000002,
            "c": 11.79818412,
            "Alpha": 59.99999999999999,
            "Beta": 59.99999999999999,
            "Gamma": 60.00000000000001,
            "Volume": 1161.2627901639548,
            "Initial Temperature": 300,
            "Run time": 1000
        }
    ],
    "Simulation output": [
        {
            "Mean Square Displacement": 0.06120318266565933,
            "Self diffusion coefficient": 0.0012750663055345693,
            "Lindemann Criterion": 0.08956909645705446,
            "Specific Heat": 63.66940810019437,
            "Internal Temperature": 171.8403215544571,
            "Cohesive Energy": 0.08382592587406783,
            "Internal Pressure": 6.493232063010659e-06,
            "Bulk_modulus": null,
            "Lattice constant": 0
        }
    ]
}