{
    "Simulation input": [
        {
            "Chemical formula": "Ag500",
            "Database": "ASE",
            "Potential": "EMT_Asap_Standard_JacobsenStoltzeNorskov_1996_AlAgAuCuNiPdPt__MO_115316750986_001",
            "Integrator": "Velocity-Verlet",
            "Lattice structure": "CUB(a=20.45)",
            "a": 20.45,
            "b": 20.45,
            "c": 20.45,
            "Alpha": 90.0,
            "Beta": 90.0,
            "Gamma": 90.0,
            "Volume": 8552.241125000002,
            "Initial Temperature": 900,
            "Run time": 3000
        }
    ],
    "Simulation output": [
        {
            "Mean Square Displacement": 0.07836064693099644,
            "Self diffusion coefficient": 0.0004664324222083121,
            "Lindemann Criterion": 0.10260987656265885,
            "Specific Heat": 115.60696238148296,
            "Internal Temperature": 459.2766083132271,
            "Cohesive Energy": 2.900671486123258,
            "Internal Pressure": -1.95123991608753e-07,
            "Bulk_modulus": 91.6047888300547,
            "Lattice constant": 3.8347786021727415
        }
    ]
}