{
    "Simulation input": [
        {
            "Chemical formula": "Al499Cu",
            "Database": "ASE",
            "Potential": "EMT_Asap_Standard_JacobsenStoltzeNorskov_1996_AlAgAuCuNiPdPt__MO_115316750986_001",
            "Integrator": "Velocity-Verlet",
            "Lattice structure": "CUB(a=20.25)",
            "a": 20.25,
            "b": 20.25,
            "c": 20.25,
            "Alpha": 90.0,
            "Beta": 90.0,
            "Gamma": 90.0,
            "Volume": 8303.765624999998,
            "Initial Temperature": 1000,
            "Run time": 3000
        }
    ],
    "Simulation output": [
        {
            "Mean Square Displacement": 0.24466042075892344,
            "Self diffusion coefficient": 0.0014563120283269252,
            "Lindemann Criterion": 0.18668296347849195,
            "Specific Heat": 460.9302618503198,
            "Internal Temperature": 536.1102638826306,
            "Cohesive Energy": 3.2070141211585654,
            "Internal Pressure": 4.968049106773537e-07,
            "Bulk_modulus": 33.88488384728622,
            "Lattice constant": 3.9156921639693607
        }
    ]
}