{
    "Simulation input": [
        {
            "Chemical formula": "Ag124Pt",
            "Database": "Materials Project",
            "Potential": "EMT",
            "Integrator": "Velocity-Verlet",
            "Lattice structure": "FCC(a=16.6422)",
            "a": 11.767806800000002,
            "b": 11.7678068,
            "c": 11.7678068,
            "Alpha": 59.999999999999986,
            "Beta": 59.99999999999999,
            "Gamma": 59.99999999999999,
            "Volume": 1152.3159974732619,
            "Initial Temperature": 300,
            "Run time": 1000
        }
    ],
    "Simulation output": [
        {
            "Mean Square Displacement": 0.02877812395280689,
            "Self diffusion coefficient": 0.0005995442490168102,
            "Lindemann Criterion": 0.059775670604886914,
            "Specific Heat": 114.86398273578517,
            "Internal Temperature": 169.12485508110333,
            "Cohesive Energy": 0.04757647723386856,
            "Internal Pressure": -9.99953618716696e-07,
            "Bulk_modulus": null,
            "Lattice constant": 0
        }
    ]
}