{
    "Simulation input": [
        {
            "Chemical formula": "Al125Pt375",
            "Database": "Materials Project",
            "Potential": "EMT",
            "Integrator": "Velocity-Verlet",
            "Lattice structure": "CUB(a=20.0521)",
            "a": 20.052080894378868,
            "b": 20.052080894378868,
            "c": 20.052080894378868,
            "Alpha": 90.0,
            "Beta": 90.0,
            "Gamma": 90.0,
            "Volume": 8062.659959693441,
            "Initial Temperature": 300,
            "Run time": 1000
        }
    ],
    "Simulation output": [
        {
            "Mean Square Displacement": 0.03138902288907464,
            "Self diffusion coefficient": 0.0006539379768557217,
            "Lindemann Criterion": 0.0652364456629531,
            "Specific Heat": 81.47423583629597,
            "Internal Temperature": 194.28580100398767,
            "Cohesive Energy": 0.07200794933534659,
            "Internal Pressure": -2.5417645003080154e-06,
            "Bulk_modulus": 170.6727206070192,
            "Lattice constant": 4.010416178875774
        }
    ]
}