{
    "Simulation input": [
        {
            "Chemical formula": "Au125Pd375",
            "Database": "Materials Project",
            "Potential": "EMT",
            "Integrator": "Velocity-Verlet",
            "Lattice structure": "CUB(a=20.027)",
            "a": 20.026955,
            "b": 20.026955,
            "c": 20.026955,
            "Alpha": 90.0,
            "Beta": 90.0,
            "Gamma": 90.0,
            "Volume": 8032.389613906253,
            "Initial Temperature": 300,
            "Run time": 1000
        }
    ],
    "Simulation output": [
        {
            "Mean Square Displacement": 0.0362799791211754,
            "Self diffusion coefficient": 0.0007558328983578209,
            "Lindemann Criterion": 0.07040174310081698,
            "Specific Heat": 96.62668041081302,
            "Internal Temperature": 151.9218907961171,
            "Cohesive Energy": 0.0570058912339602,
            "Internal Pressure": -2.78694978914341e-07,
            "Bulk_modulus": 172.80965351500362,
            "Lattice constant": 0
        }
    ]
}