{
    "Simulation input": [
        {
            "Chemical formula": "Al124",
            "Database": "Materials Project",
            "Potential": "EMT",
            "Integrator": "Velocity-Verlet",
            "Lattice structure": "BCC(a=16.1025)",
            "a": 13.94517405,
            "b": 13.945174050000002,
            "c": 13.945174049999999,
            "Alpha": 109.47122063,
            "Beta": 109.47122063,
            "Gamma": 109.47122062999999,
            "Volume": 2087.6126823078234,
            "Initial Temperature": 300,
            "Run time": 1000
        }
    ],
    "Simulation output": [
        {
            "Mean Square Displacement": 0.18821844245952257,
            "Self diffusion coefficient": 0.003921217551240054,
            "Lindemann Criterion": 0.1620494023241295,
            "Specific Heat": 462.1795266689299,
            "Internal Temperature": 309.15746288349914,
            "Cohesive Energy": 0.0688275994926774,
            "Internal Pressure": -1.7605415158864562e-06,
            "Bulk_modulus": 34.316375947198914,
            "Lattice constant": 0
        }
    ]
}