{
    "Simulation input": [
        {
            "Chemical formula": "Al125Pt125",
            "Database": "Materials Project",
            "Potential": "EMT",
            "Integrator": "Velocity-Verlet",
            "Lattice structure": "CUB(a=15.4577)",
            "a": 15.457730000000002,
            "b": 15.457730000000002,
            "c": 15.457730000000002,
            "Alpha": 90.0,
            "Beta": 90.0,
            "Gamma": 90.0,
            "Volume": 3693.491905983805,
            "Initial Temperature": 300,
            "Run time": 3000
        }
    ],
    "Simulation output": [
        {
            "Mean Square Displacement": 2.518082052708156,
            "Self diffusion coefficient": 0.014988583647072359,
            "Lindemann Criterion": 0.6329820464692766,
            "Specific Heat": 112.31202300194518,
            "Internal Temperature": 599.7538858457685,
            "Cohesive Energy": 0.17161511648342032,
            "Internal Pressure": -1.103590953965329e-06,
            "Bulk_modulus": 114.45803783529813,
            "Lattice constant": 3.7486362256057384
        }
    ]
}