{
    "Simulation input": [
        {
            "Chemical formula": "Al124Pt375",
            "Database": "Materials Project",
            "Potential": "EMT",
            "Integrator": "Velocity-Verlet",
            "Lattice structure": "CUB(a=19.614)",
            "a": 19.61404,
            "b": 19.61404,
            "c": 19.61404,
            "Alpha": 90.0,
            "Beta": 90.0,
            "Gamma": 90.0,
            "Volume": 7545.72841271767,
            "Initial Temperature": 300,
            "Run time": 1000
        }
    ],
    "Simulation output": [
        {
            "Mean Square Displacement": 0.0657169777095003,
            "Self diffusion coefficient": 0.0013691037022812564,
            "Lindemann Criterion": 0.10034350024079203,
            "Specific Heat": 81.33996501344824,
            "Internal Temperature": 666.9201719304734,
            "Cohesive Energy": 0.14088366851465928,
            "Internal Pressure": -4.88189782417335e-06,
            "Bulk_modulus": 166.7831587301684,
            "Lattice constant": 0
        }
    ]
}