{
    "Simulation input": [
        {
            "Chemical formula": "Al499NiPt500",
            "Database": "Materials Project",
            "Potential": "EMT",
            "Integrator": "Velocity-Verlet",
            "Lattice structure": "CUB(a=24.5872)",
            "a": 24.587245000000003,
            "b": 24.587245000000003,
            "c": 24.587245000000003,
            "Alpha": 90.0,
            "Beta": 90.0,
            "Gamma": 90.0,
            "Volume": 14863.791557048735,
            "Initial Temperature": 300,
            "Run time": 1000
        }
    ],
    "Simulation output": [
        {
            "Mean Square Displacement": 1.034938220923923,
            "Self diffusion coefficient": 0.021561212935915064,
            "Lindemann Criterion": 0.41472554483442026,
            "Specific Heat": 112.2799549536596,
            "Internal Temperature": 491.0727946951499,
            "Cohesive Energy": 0.2920460295489901,
            "Internal Pressure": -9.170251839412773e-07,
            "Bulk_modulus": 102.45195003545378,
            "Lattice constant": 0
        }
    ]
}