{
    "Simulation input": [
        {
            "Chemical formula": "Al125CuNi124",
            "Database": "Materials Project",
            "Potential": "EMT",
            "Integrator": "Velocity-Verlet",
            "Lattice structure": "CUB(a=14.4395)",
            "a": 14.43951,
            "b": 14.43951,
            "c": 14.43951,
            "Alpha": 90.0,
            "Beta": 90.0,
            "Gamma": 90.0,
            "Volume": 3010.6298794090108,
            "Initial Temperature": 300,
            "Run time": 1000
        }
    ],
    "Simulation output": [
        {
            "Mean Square Displacement": 1.5758654535894452,
            "Self diffusion coefficient": 0.03283053028311344,
            "Lindemann Criterion": 0.5618357059925987,
            "Specific Heat": 290.97580010033255,
            "Internal Temperature": 507.62035225480463,
            "Cohesive Energy": 0.40723143667966644,
            "Internal Pressure": 4.188539824009482e-06,
            "Bulk_modulus": 72.91889217505279,
            "Lattice constant": 2.887902
        }
    ]
}