{
    "Simulation input": [
        {
            "Chemical formula": "Ag499Cu",
            "Database": "ASE",
            "Potential": "EMT_Asap_Standard_JacobsenStoltzeNorskov_1996_AlAgAuCuNiPdPt__MO_115316750986_001",
            "Integrator": "Velocity-Verlet",
            "Lattice structure": "CUB(a=20.45)",
            "a": 20.45,
            "b": 20.45,
            "c": 20.45,
            "Alpha": 90.0,
            "Beta": 90.0,
            "Gamma": 90.0,
            "Volume": 8552.241125000002,
            "Initial Temperature": 500,
            "Run time": 3000
        }
    ],
    "Simulation output": [
        {
            "Mean Square Displacement": 0.058643346439181426,
            "Self diffusion coefficient": 0.00034906753832846085,
            "Lindemann Criterion": 0.08738617689413158,
            "Specific Heat": 115.70204451242815,
            "Internal Temperature": 316.4356509810062,
            "Cohesive Energy": 2.91281589970104,
            "Internal Pressure": -3.7551127793356264e-06,
            "Bulk_modulus": 92.63437486613749,
            "Lattice constant": 3.8347786021727415
        }
    ]
}