{
    "Simulation input": [
        {
            "Chemical formula": "Al125Au125",
            "Database": "Materials Project",
            "Potential": "EMT",
            "Integrator": "Velocity-Verlet",
            "Lattice structure": "CUB(a=16.1197)",
            "a": 16.11971,
            "b": 16.11971,
            "c": 16.11971,
            "Alpha": 90.0,
            "Beta": 90.0,
            "Gamma": 90.0,
            "Volume": 4188.626858739057,
            "Initial Temperature": 300,
            "Run time": 1000
        }
    ],
    "Simulation output": [
        {
            "Mean Square Displacement": 0.24035749016361588,
            "Self diffusion coefficient": 0.005007447711741998,
            "Lindemann Criterion": 0.17614505989362575,
            "Specific Heat": 111.36789692732194,
            "Internal Temperature": 185.7390080650931,
            "Cohesive Energy": 0.046602099297955064,
            "Internal Pressure": -3.469479401483165e-07,
            "Bulk_modulus": 76.61330370179279,
            "Lattice constant": 0
        }
    ]
}