{
    "Simulation input": [
        {
            "Chemical formula": "Al500Cu2000",
            "Database": "Materials Project",
            "Potential": "EMT",
            "Integrator": "Velocity-Verlet",
            "Lattice structure": "CUB(a=31.4606)",
            "a": 31.460555,
            "b": 31.460555,
            "c": 31.460555,
            "Alpha": 90.0,
            "Beta": 90.0,
            "Gamma": 90.0,
            "Volume": 31138.60406818556,
            "Initial Temperature": 20,
            "Run time": 1000
        }
    ],
    "Simulation output": [
        {
            "Mean Square Displacement": 0.00581494011494091,
            "Self diffusion coefficient": 0.00012114458572793563,
            "Lindemann Criterion": 0.03195166585482935,
            "Specific Heat": 221.7610843550727,
            "Internal Temperature": 27.132795149500012,
            "Cohesive Energy": 0.18844057718151525,
            "Internal Pressure": 7.566200695737986e-07,
            "Bulk_modulus": 85.14167788416313,
            "Lattice constant": 0
        }
    ]
}