{
    "Simulation input": [
        {
            "Chemical formula": "Cu499Pd",
            "Database": "ASE",
            "Potential": "EMT_Asap_Standard_JacobsenStoltzeNorskov_1996_AlAgAuCuNiPdPt__MO_115316750986_001",
            "Integrator": "Velocity-Verlet",
            "Lattice structure": "CUB(a=18.05)",
            "a": 18.05,
            "b": 18.05,
            "c": 18.05,
            "Alpha": 90.0,
            "Beta": 90.0,
            "Gamma": 90.0,
            "Volume": 5880.735125000003,
            "Initial Temperature": 1000,
            "Run time": 3000
        }
    ],
    "Simulation output": [
        {
            "Mean Square Displacement": 0.15911277160127038,
            "Self diffusion coefficient": 0.0009470998309599427,
            "Lindemann Criterion": 0.1685255598032561,
            "Specific Heat": 195.97630634880284,
            "Internal Temperature": 696.1118843296788,
            "Cohesive Energy": 3.418623160648965,
            "Internal Pressure": 1.8001264761223675e-06,
            "Bulk_modulus": 118.55565415403865,
            "Lattice constant": 3.58690945865129
        }
    ]
}