{
    "Simulation input": [
        {
            "Chemical formula": "Al125Cu375",
            "Database": "Materials Project",
            "Potential": "EMT",
            "Integrator": "Velocity-Verlet",
            "Lattice structure": "CUB(a=18.7167)",
            "a": 18.716739238764262,
            "b": 18.716739238764262,
            "c": 18.716739238764262,
            "Alpha": 90.0,
            "Beta": 90.0,
            "Gamma": 90.0,
            "Volume": 6556.7793572394085,
            "Initial Temperature": 300,
            "Run time": 1000
        }
    ],
    "Simulation output": [
        {
            "Mean Square Displacement": 0.023784862548637042,
            "Self diffusion coefficient": 0.0004955179697632718,
            "Lindemann Criterion": 0.06103162431651363,
            "Specific Heat": 229.21314899302087,
            "Internal Temperature": 167.47855960054596,
            "Cohesive Energy": 0.1330048037931351,
            "Internal Pressure": -2.496703145940209e-06,
            "Bulk_modulus": 84.08974823328262,
            "Lattice constant": 3.7433478477528523
        }
    ]
}