{
    "Simulation input": [
        {
            "Chemical formula": "AlNi499",
            "Database": "ASE",
            "Potential": "EMT_Asap_Standard_JacobsenStoltzeNorskov_1996_AlAgAuCuNiPdPt__MO_115316750986_001",
            "Integrator": "Velocity-Verlet",
            "Lattice structure": "CUB(a=17.6)",
            "a": 17.6,
            "b": 17.6,
            "c": 17.6,
            "Alpha": 90.0,
            "Beta": 90.0,
            "Gamma": 90.0,
            "Volume": 5451.776,
            "Initial Temperature": 1200,
            "Run time": 3000
        }
    ],
    "Simulation output": [
        {
            "Mean Square Displacement": 0.08906351503145295,
            "Self diffusion coefficient": 0.0005301399704253152,
            "Lindemann Criterion": 0.1278667215377628,
            "Specific Heat": 212.69520698148924,
            "Internal Temperature": 725.0662396991921,
            "Cohesive Energy": 4.338838011876836,
            "Internal Pressure": 5.323585634911594e-06,
            "Bulk_modulus": 159.27531288658707,
            "Lattice constant": 3.4914114204442335
        }
    ]
}