{
    "Simulation input": [
        {
            "Chemical formula": "Ag499Au",
            "Database": "ASE",
            "Potential": "EMT_Asap_Standard_JacobsenStoltzeNorskov_1996_AlAgAuCuNiPdPt__MO_115316750986_001",
            "Integrator": "Velocity-Verlet",
            "Lattice structure": "CUB(a=20.45)",
            "a": 20.45,
            "b": 20.45,
            "c": 20.45,
            "Alpha": 90.0,
            "Beta": 90.0,
            "Gamma": 90.0,
            "Volume": 8552.241125000002,
            "Initial Temperature": 400,
            "Run time": 3000
        }
    ],
    "Simulation output": [
        {
            "Mean Square Displacement": 0.08160326978453974,
            "Self diffusion coefficient": 0.0004857337487174985,
            "Lindemann Criterion": 0.1040464465737968,
            "Specific Heat": 115.41629629535174,
            "Internal Temperature": 340.13197438289217,
            "Cohesive Energy": 2.909825732202854,
            "Internal Pressure": -5.470960783742996e-06,
            "Bulk_modulus": 92.38421197184795,
            "Lattice constant": 3.8347786021727415
        }
    ]
}