{
    "Simulation input": [
        {
            "Chemical formula": "Au125Pd375",
            "Database": "Materials Project",
            "Potential": "EMT",
            "Integrator": "Langevin",
            "Lattice structure": "CUB(a=20.027)",
            "a": 20.026955,
            "b": 20.026955,
            "c": 20.026955,
            "Alpha": 90.0,
            "Beta": 90.0,
            "Gamma": 90.0,
            "Volume": 8032.389613906253,
            "Initial Temperature": 300,
            "Run time": 1000
        }
    ],
    "Simulation output": [
        {
            "Mean Square Displacement": 0.006790785026408139,
            "Self diffusion coefficient": 0.00014147468805016957,
            "Lindemann Criterion": 0.029687477773390106,
            "Specific Heat": 16544573242.095222,
            "Internal Temperature": 34.48861226248792,
            "Cohesive Energy": 0.04264739690650836,
            "Internal Pressure": -4.5286012816334774e-07,
            "Bulk_modulus": 175.4556803180233,
            "Lattice constant": 4.005391
        }
    ]
}