{
    "Simulation input": [
        {
            "Chemical formula": "Al499NiPt500",
            "Database": "Materials Project",
            "Potential": "EMT",
            "Integrator": "Velocity-Verlet",
            "Lattice structure": "CUB(a=24.5872)",
            "a": 24.587245000000003,
            "b": 24.587245000000003,
            "c": 24.587245000000003,
            "Alpha": 90.0,
            "Beta": 90.0,
            "Gamma": 90.0,
            "Volume": 14863.791557048735,
            "Initial Temperature": 300,
            "Run time": 1000
        }
    ],
    "Simulation output": [
        {
            "Mean Square Displacement": 1.0418769089085276,
            "Self diffusion coefficient": 0.021705768935594325,
            "Lindemann Criterion": 0.4382120093810979,
            "Specific Heat": 112.27995495426315,
            "Internal Temperature": 525.74796087595,
            "Cohesive Energy": 0.2884930970348316,
            "Internal Pressure": -8.233196780777831e-07,
            "Bulk_modulus": 102.51312721610161,
            "Lattice constant": 4.917449
        }
    ]
}