{
    "Simulation input": [
        {
            "Chemical formula": "Cu124Ni",
            "Database": "Materials Project",
            "Potential": "EMT",
            "Integrator": "Velocity-Verlet",
            "Lattice structure": "BCC(a=14.3633)",
            "a": 12.438956699999999,
            "b": 12.4389567,
            "c": 12.438956699999999,
            "Alpha": 109.47122063,
            "Beta": 109.47122063,
            "Gamma": 109.47122063,
            "Volume": 1481.5966161712952,
            "Initial Temperature": 300,
            "Run time": 1000
        }
    ],
    "Simulation output": [
        {
            "Mean Square Displacement": 0.13283788698107274,
            "Self diffusion coefficient": 0.0027674559787723486,
            "Lindemann Criterion": 0.15127732583139794,
            "Specific Heat": 196.3607083451661,
            "Internal Temperature": 179.92265659227178,
            "Cohesive Energy": 0.058424826067110046,
            "Internal Pressure": -3.4023898920457508e-06,
            "Bulk_modulus": 122.99249845795612,
            "Lattice constant": 0
        }
    ]
}