{
    "Simulation input": [
        {
            "Chemical formula": "Ni125Pt375",
            "Database": "Materials Project",
            "Potential": "EMT",
            "Integrator": "Velocity-Verlet",
            "Lattice structure": "CUB(a=19.3952)",
            "a": 19.3952,
            "b": 19.3952,
            "c": 19.3952,
            "Alpha": 90.0,
            "Beta": 90.0,
            "Gamma": 90.0,
            "Volume": 7295.965756817409,
            "Initial Temperature": 20,
            "Run time": 1000
        }
    ],
    "Simulation output": [
        {
            "Mean Square Displacement": 0.001531962638982244,
            "Self diffusion coefficient": 3.191588831213009e-05,
            "Lindemann Criterion": 0.014396076166840478,
            "Specific Heat": 77.46193963501443,
            "Internal Temperature": 9.789583205545068,
            "Cohesive Energy": 0.03673622067041686,
            "Internal Pressure": -9.105704291737354e-08,
            "Bulk_modulus": 249.23218342472637,
            "Lattice constant": 0
        }
    ]
}