{
    "Simulation input": [
        {
            "Chemical formula": "Al250Au125",
            "Database": "Materials Project",
            "Potential": "EMT",
            "Integrator": "Velocity-Verlet",
            "Lattice structure": "FCC(a=32.5577)",
            "a": 23.021756140021377,
            "b": 23.021756140021377,
            "c": 23.021756140021377,
            "Alpha": 60.00000000000001,
            "Beta": 60.00000000000001,
            "Gamma": 60.00000000000001,
            "Volume": 8627.805579647766,
            "Initial Temperature": 300,
            "Run time": 1000
        }
    ],
    "Simulation output": [
        {
            "Mean Square Displacement": 1.8217434933319927,
            "Self diffusion coefficient": 0.03795298944441652,
            "Lindemann Criterion": 0.5045375343533411,
            "Specific Heat": 149.08937753749643,
            "Internal Temperature": 436.89108396807717,
            "Cohesive Energy": 0.33885697520213204,
            "Internal Pressure": 1.0487914342779057e-05,
            "Bulk_modulus": 47.15753066398296,
            "Lattice constant": 4.604351228004275
        }
    ]
}