{
    "Simulation input": [
        {
            "Chemical formula": "Au499Pt",
            "Database": "ASE",
            "Potential": "EMT_Asap_Standard_JacobsenStoltzeNorskov_1996_AlAgAuCuNiPdPt__MO_115316750986_001",
            "Integrator": "Velocity-Verlet",
            "Lattice structure": "CUB(a=20.4)",
            "a": 20.4,
            "b": 20.4,
            "c": 20.4,
            "Alpha": 90.0,
            "Beta": 90.0,
            "Gamma": 90.0,
            "Volume": 8489.664,
            "Initial Temperature": 1100,
            "Run time": 3000
        }
    ],
    "Simulation output": [
        {
            "Mean Square Displacement": 0.17569969941555427,
            "Self diffusion coefficient": 0.001045831544140204,
            "Lindemann Criterion": 0.16571357001652776,
            "Specific Heat": 63.31304538237071,
            "Internal Temperature": 762.993816630588,
            "Cohesive Energy": 3.7027422616949153,
            "Internal Pressure": -1.3854525725617152e-06,
            "Bulk_modulus": 162.49704711924213,
            "Lattice constant": 3.8073118842989633
        }
    ]
}