{
    "Simulation input": [
        {
            "Chemical formula": "Cu125Pt875",
            "Database": "Materials Project",
            "Potential": "EMT",
            "Integrator": "Velocity-Verlet",
            "Lattice structure": "FCC(a=39.3945)",
            "a": 27.856103949999998,
            "b": 27.85610395,
            "c": 27.856103949999998,
            "Alpha": 59.99999999999999,
            "Beta": 59.99999999999999,
            "Gamma": 60.00000000000001,
            "Volume": 15284.320131081178,
            "Initial Temperature": 300,
            "Run time": 1000
        }
    ],
    "Simulation output": [
        {
            "Mean Square Displacement": 0.021980800781688268,
            "Self diffusion coefficient": 0.0004579333496185056,
            "Lindemann Criterion": 0.054668712666202345,
            "Specific Heat": 69.80627393667895,
            "Internal Temperature": 150.51506830111626,
            "Cohesive Energy": 0.0022960848071886223,
            "Internal Pressure": -1.3666953332363714e-06,
            "Bulk_modulus": 257.46913393678034,
            "Lattice constant": 0
        }
    ]
}