{
    "Simulation input": [
        {
            "Chemical formula": "Al10499PdPt2500",
            "Database": "Materials Project",
            "Potential": "EMT",
            "Integrator": "Velocity-Verlet",
            "Lattice structure": "FCC(a=94.5362)",
            "a": 66.84715275,
            "b": 66.84715275,
            "c": 66.84715274999999,
            "Alpha": 59.999999999999986,
            "Beta": 59.999999999999986,
            "Gamma": 59.99999999999999,
            "Volume": 211219.37045405942,
            "Initial Temperature": 300,
            "Run time": 1000
        }
    ],
    "Simulation output": [
        {
            "Mean Square Displacement": 0.1935900854691533,
            "Self diffusion coefficient": 0.004033126780607361,
            "Lindemann Criterion": 0.17558422511701333,
            "Specific Heat": 210.23864714401523,
            "Internal Temperature": 379.4958037995782,
            "Cohesive Energy": 0.0951897615193873,
            "Internal Pressure": -7.179206839435068e-07,
            "Bulk_modulus": 55.39587940586717,
            "Lattice constant": 0
        }
    ]
}