{
    "Simulation input": [
        {
            "Chemical formula": "Au375Ni124Pd",
            "Database": "Materials Project",
            "Potential": "EMT",
            "Integrator": "Velocity-Verlet",
            "Lattice structure": "CUB(a=20.1408)",
            "a": 20.14084,
            "b": 20.14084,
            "c": 20.14084,
            "Alpha": 90.0,
            "Beta": 90.0,
            "Gamma": 90.0,
            "Volume": 8170.200948024946,
            "Initial Temperature": 300,
            "Run time": 1000
        }
    ],
    "Simulation output": [
        {
            "Mean Square Displacement": 0.0774195546642863,
            "Self diffusion coefficient": 0.0016129073888392978,
            "Lindemann Criterion": 0.10510968947657671,
            "Specific Heat": 76.74336067659901,
            "Internal Temperature": 288.75065375772846,
            "Cohesive Energy": 0.1428243538818685,
            "Internal Pressure": -3.9119130324003235e-06,
            "Bulk_modulus": 160.4814839856787,
            "Lattice constant": 0
        }
    ]
}