{
    "Simulation input": [
        {
            "Chemical formula": "AgNi124",
            "Database": "Materials Project",
            "Potential": "EMT",
            "Integrator": "Velocity-Verlet",
            "Lattice structure": "FCC(a=17.529)",
            "a": 12.3948677,
            "b": 12.394867699999999,
            "c": 12.394867699999999,
            "Alpha": 59.999999999999986,
            "Beta": 59.999999999999986,
            "Gamma": 59.999999999999986,
            "Volume": 1346.513428418923,
            "Initial Temperature": 300,
            "Run time": 1000
        }
    ],
    "Simulation output": [
        {
            "Mean Square Displacement": 0.010653151659658112,
            "Self diffusion coefficient": 0.00022194065957621069,
            "Lindemann Criterion": 0.0425055864852543,
            "Specific Heat": 211.05077671689375,
            "Internal Temperature": 154.36946609434145,
            "Cohesive Energy": 0.013747146067216257,
            "Internal Pressure": -1.2589028454869664e-06,
            "Bulk_modulus": 166.66938685857727,
            "Lattice constant": 0
        }
    ]
}