{
    "Simulation input": [
        {
            "Chemical formula": "Au125Cu374Ni",
            "Database": "Materials Project",
            "Potential": "EMT",
            "Integrator": "Velocity-Verlet",
            "Lattice structure": "CUB(a=18.8696)",
            "a": 18.869575,
            "b": 18.869575,
            "c": 18.869575,
            "Alpha": 90.0,
            "Beta": 90.0,
            "Gamma": 90.0,
            "Volume": 6718.717115177602,
            "Initial Temperature": 300,
            "Run time": 1000
        }
    ],
    "Simulation output": [
        {
            "Mean Square Displacement": 0.04154332827077316,
            "Self diffusion coefficient": 0.0008654860056411074,
            "Lindemann Criterion": 0.08049189044907579,
            "Specific Heat": 128.70399392655418,
            "Internal Temperature": 225.58665622505495,
            "Cohesive Energy": 0.03391227306331766,
            "Internal Pressure": -1.0415153342167895e-05,
            "Bulk_modulus": 132.2127836430956,
            "Lattice constant": 0
        }
    ]
}