{
    "Simulation input": [
        {
            "Chemical formula": "Ni500",
            "Database": "ASE",
            "Potential": "EMT",
            "Integrator": "Velocity-Verlet",
            "Lattice structure": "CUB(a=17.6)",
            "a": 17.6,
            "b": 17.6,
            "c": 17.6,
            "Alpha": 90.0,
            "Beta": 90.0,
            "Gamma": 90.0,
            "Volume": 5451.776,
            "Initial Temperature": 300,
            "Run time": 1000
        }
    ],
    "Simulation output": [
        {
            "Mean Square Displacement": 0.01184150578843926,
            "Self diffusion coefficient": 0.0002466980372591513,
            "Lindemann Criterion": 0.04518155451164367,
            "Specific Heat": 212.46536962486098,
            "Internal Temperature": 152.56741210338535,
            "Cohesive Energy": 0.019693448325536704,
            "Internal Pressure": 1.1781147452380493e-06,
            "Bulk_modulus": 167.79174504246217,
            "Lattice constant": 0
        }
    ]
}