{
    "Simulation input": [
        {
            "Chemical formula": "AlAu375Cu124",
            "Database": "Materials Project",
            "Potential": "EMT",
            "Integrator": "Velocity-Verlet",
            "Lattice structure": "CUB(a=20.2664)",
            "a": 20.26643,
            "b": 20.26643,
            "c": 20.26643,
            "Alpha": 90.0,
            "Beta": 90.0,
            "Gamma": 90.0,
            "Volume": 8323.994009212862,
            "Initial Temperature": 300,
            "Run time": 1000
        }
    ],
    "Simulation output": [
        {
            "Mean Square Displacement": 0.06783867689796148,
            "Self diffusion coefficient": 0.001413305768707531,
            "Lindemann Criterion": 0.09928271564638787,
            "Specific Heat": 76.25317794702478,
            "Internal Temperature": 201.13705508574188,
            "Cohesive Energy": 0.07400272086119523,
            "Internal Pressure": -4.446167089326434e-06,
            "Bulk_modulus": 155.90562326398458,
            "Lattice constant": 4.053286
        }
    ]
}