{
    "Simulation input": [
        {
            "Chemical formula": "AuPt499",
            "Database": "ASE",
            "Potential": "EMT_Asap_Standard_JacobsenStoltzeNorskov_1996_AlAgAuCuNiPdPt__MO_115316750986_001",
            "Integrator": "Velocity-Verlet",
            "Lattice structure": "CUB(a=19.6)",
            "a": 19.6,
            "b": 19.6,
            "c": 19.6,
            "Alpha": 90.0,
            "Beta": 90.0,
            "Gamma": 90.0,
            "Volume": 7529.536000000013,
            "Initial Temperature": 1000,
            "Run time": 3000
        }
    ],
    "Simulation output": [
        {
            "Mean Square Displacement": 0.12204123915091222,
            "Self diffusion coefficient": 0.0007264359473268584,
            "Lindemann Criterion": 0.137324693342618,
            "Specific Heat": 63.92156335757651,
            "Internal Temperature": 778.2025030153678,
            "Cohesive Energy": 5.738158284312603,
            "Internal Pressure": -1.3037358512031693e-05,
            "Bulk_modulus": 264.29466487020017,
            "Lattice constant": 3.763694624804003
        }
    ]
}