{
    "Simulation input": [
        {
            "Chemical formula": "Ag375Ni124Pt",
            "Database": "Materials Project",
            "Potential": "EMT",
            "Integrator": "Velocity-Verlet",
            "Lattice structure": "CUB(a=20.0451)",
            "a": 20.04515,
            "b": 20.04515,
            "c": 20.04515,
            "Alpha": 90.0,
            "Beta": 90.0,
            "Gamma": 90.0,
            "Volume": 8054.302403389292,
            "Initial Temperature": 300,
            "Run time": 1000
        }
    ],
    "Simulation output": [
        {
            "Mean Square Displacement": 0.027719578792319944,
            "Self diffusion coefficient": 0.0005774912248399988,
            "Lindemann Criterion": 0.061623500496798364,
            "Specific Heat": 130.10608928530664,
            "Internal Temperature": 143.7316622425346,
            "Cohesive Energy": 0.13584274101545335,
            "Internal Pressure": -7.13028712524582e-07,
            "Bulk_modulus": 106.61456101219312,
            "Lattice constant": 0
        }
    ]
}