{
    "Simulation input": [
        {
            "Chemical formula": "AlCu124Pt875",
            "Database": "Materials Project",
            "Potential": "EMT",
            "Integrator": "Velocity-Verlet",
            "Lattice structure": "FCC(a=39.3945)",
            "a": 27.856103949999998,
            "b": 27.85610395,
            "c": 27.856103949999998,
            "Alpha": 59.99999999999999,
            "Beta": 59.99999999999999,
            "Gamma": 60.00000000000001,
            "Volume": 15284.320131081178,
            "Initial Temperature": 300,
            "Run time": 1000
        }
    ],
    "Simulation output": [
        {
            "Mean Square Displacement": 0.052063606510994107,
            "Self diffusion coefficient": 0.0010846584689790438,
            "Lindemann Criterion": 0.0846265567121989,
            "Specific Heat": 69.82056483640292,
            "Internal Temperature": 219.68350032783465,
            "Cohesive Energy": 0.015060180467375218,
            "Internal Pressure": -1.6092244432820783e-05,
            "Bulk_modulus": 254.61576024457986,
            "Lattice constant": 0
        }
    ]
}