{
    "Simulation input": [
        {
            "Chemical formula": "Al124CuPt375",
            "Database": "Materials Project",
            "Potential": "EMT",
            "Integrator": "Velocity-Verlet",
            "Lattice structure": "CUB(a=19.614)",
            "a": 19.61404,
            "b": 19.61404,
            "c": 19.61404,
            "Alpha": 90.0,
            "Beta": 90.0,
            "Gamma": 90.0,
            "Volume": 7545.72841271767,
            "Initial Temperature": 300,
            "Run time": 1000
        }
    ],
    "Simulation output": [
        {
            "Mean Square Displacement": 0.030380999784510258,
            "Self diffusion coefficient": 0.0006329374955106303,
            "Lindemann Criterion": 0.06474333296276202,
            "Specific Heat": 81.4353272980774,
            "Internal Temperature": 231.22976844958043,
            "Cohesive Energy": 0.09228768954025293,
            "Internal Pressure": -2.9045627881497172e-05,
            "Bulk_modulus": 171.49032628680013,
            "Lattice constant": 0
        }
    ]
}