{
    "Simulation input": [
        {
            "Chemical formula": "Ni500",
            "Database": "ASE",
            "Potential": "EMT_Asap_Standard_JacobsenStoltzeNorskov_1996_AlAgAuCuNiPdPt__MO_115316750986_001",
            "Integrator": "Velocity-Verlet",
            "Lattice structure": "CUB(a=17.6)",
            "a": 17.6,
            "b": 17.6,
            "c": 17.6,
            "Alpha": 90.0,
            "Beta": 90.0,
            "Gamma": 90.0,
            "Volume": 5451.776,
            "Initial Temperature": 1100,
            "Run time": 3000
        }
    ],
    "Simulation output": [
        {
            "Mean Square Displacement": 0.04751443102944028,
            "Self diffusion coefficient": 0.0002828239942228588,
            "Lindemann Criterion": 0.09048075531072501,
            "Specific Heat": 212.46536986370847,
            "Internal Temperature": 539.3675279967108,
            "Cohesive Energy": 4.379172954170012,
            "Internal Pressure": -1.330254433035645e-07,
            "Bulk_modulus": 163.03218243565973,
            "Lattice constant": 3.491411420444396
        }
    ]
}