{
    "Simulation input": [
        {
            "Chemical formula": "AlAu375Pd124",
            "Database": "Materials Project",
            "Potential": "EMT",
            "Integrator": "Velocity-Verlet",
            "Lattice structure": "CUB(a=20.5786)",
            "a": 20.578590000000002,
            "b": 20.578590000000002,
            "c": 20.578590000000002,
            "Alpha": 90.0,
            "Beta": 90.0,
            "Gamma": 90.0,
            "Volume": 8714.587675770497,
            "Initial Temperature": 300,
            "Run time": 1000
        }
    ],
    "Simulation output": [
        {
            "Mean Square Displacement": 0.06845757082913256,
            "Self diffusion coefficient": 0.001426199392273595,
            "Lindemann Criterion": 0.0989352661259764,
            "Specific Heat": 71.5980924380134,
            "Internal Temperature": 207.86882769926197,
            "Cohesive Energy": 0.07877685074049533,
            "Internal Pressure": -4.313799738536358e-06,
            "Bulk_modulus": 167.2719025040394,
            "Lattice constant": 0
        }
    ]
}