{
    "Simulation input": [
        {
            "Chemical formula": "Al500Pd500",
            "Database": "Materials Project",
            "Potential": "EMT",
            "Integrator": "Velocity-Verlet",
            "Lattice structure": "CUB(a=24.5437)",
            "a": 24.543685000000004,
            "b": 24.543685000000004,
            "c": 24.543685000000004,
            "Alpha": 90.0,
            "Beta": 90.0,
            "Gamma": 90.0,
            "Volume": 14784.931112990605,
            "Initial Temperature": 20,
            "Run time": 1000
        }
    ],
    "Simulation output": [
        {
            "Mean Square Displacement": 0.8505223245982927,
            "Self diffusion coefficient": 0.017719215095797766,
            "Lindemann Criterion": 0.3565526959286421,
            "Specific Heat": 186.95908720747383,
            "Internal Temperature": 169.4090128995784,
            "Cohesive Energy": 0.21639403196076565,
            "Internal Pressure": -2.2036299026662857e-07,
            "Bulk_modulus": 74.38608606349783,
            "Lattice constant": 4.908737
        }
    ]
}