{
    "Simulation input": [
        {
            "Chemical formula": "Al125Pt375",
            "Database": "Materials Project",
            "Potential": "EMT",
            "Integrator": "Langevin",
            "Lattice structure": "CUB(a=19.614)",
            "a": 19.61404,
            "b": 19.61404,
            "c": 19.61404,
            "Alpha": 90.0,
            "Beta": 90.0,
            "Gamma": 90.0,
            "Volume": 7545.72841271767,
            "Initial Temperature": 300,
            "Run time": 1000
        }
    ],
    "Simulation output": [
        {
            "Mean Square Displacement": 0.0038842182930712353,
            "Self diffusion coefficient": 8.092121443898407e-05,
            "Lindemann Criterion": 0.023033717099493416,
            "Specific Heat": 27102764608.350594,
            "Internal Temperature": 34.07603116833477,
            "Cohesive Energy": 0.05992443833596035,
            "Internal Pressure": -1.8369630897199066e-06,
            "Bulk_modulus": 173.73961236179943,
            "Lattice constant": 0
        }
    ]
}