{
    "Simulation input": [
        {
            "Chemical formula": "Cu500",
            "Database": "ASE",
            "Potential": "EMT_Asap_Standard_JacobsenStoltzeNorskov_1996_AlAgAuCuNiPdPt__MO_115316750986_001",
            "Integrator": "Velocity-Verlet",
            "Lattice structure": "CUB(a=18.05)",
            "a": 18.05,
            "b": 18.05,
            "c": 18.05,
            "Alpha": 90.0,
            "Beta": 90.0,
            "Gamma": 90.0,
            "Volume": 5880.735125000003,
            "Initial Temperature": 1300,
            "Run time": 3000
        }
    ],
    "Simulation output": [
        {
            "Mean Square Displacement": 0.08644739492626058,
            "Self diffusion coefficient": 0.0005145678269420273,
            "Lindemann Criterion": 0.12475728177773407,
            "Specific Heat": 196.2407537777126,
            "Internal Temperature": 658.0468551906931,
            "Cohesive Energy": 3.431358727579605,
            "Internal Pressure": -8.427160732817946e-07,
            "Bulk_modulus": 119.39837392479834,
            "Lattice constant": 3.5869094586514447
        }
    ]
}