{
    "Simulation input": [
        {
            "Chemical formula": "Pd125",
            "Database": "Materials Project",
            "Potential": "EMT",
            "Integrator": "Velocity-Verlet",
            "Lattice structure": "FCC(a=19.7853)",
            "a": 13.990340999999999,
            "b": 13.990340999999999,
            "c": 13.990340999999999,
            "Alpha": 59.99999999999999,
            "Beta": 59.99999999999999,
            "Gamma": 59.99999999999999,
            "Volume": 1936.287770389967,
            "Initial Temperature": 300,
            "Run time": 1000
        }
    ],
    "Simulation output": [
        {
            "Mean Square Displacement": 0.020220931781254538,
            "Self diffusion coefficient": 0.00042126941210946954,
            "Lindemann Criterion": 0.05300444122541565,
            "Specific Heat": 117.18017943308062,
            "Internal Temperature": 159.0420040203583,
            "Cohesive Energy": 0.047310203223305376,
            "Internal Pressure": 2.3372030557814065e-06,
            "Bulk_modulus": 175.66114175588947,
            "Lattice constant": 0
        }
    ]
}