{
    "Simulation input": [
        {
            "Chemical formula": "AgAu375Cu124",
            "Database": "Materials Project",
            "Potential": "EMT",
            "Integrator": "Velocity-Verlet",
            "Lattice structure": "CUB(a=20.2664)",
            "a": 20.26643,
            "b": 20.26643,
            "c": 20.26643,
            "Alpha": 90.0,
            "Beta": 90.0,
            "Gamma": 90.0,
            "Volume": 8323.994009212862,
            "Initial Temperature": 300,
            "Run time": 1000
        }
    ],
    "Simulation output": [
        {
            "Mean Square Displacement": 0.08709909531075215,
            "Self diffusion coefficient": 0.0018145644856406697,
            "Lindemann Criterion": 0.11748467939837531,
            "Specific Heat": 76.17782226785125,
            "Internal Temperature": 262.138003356078,
            "Cohesive Energy": 0.0818268210793885,
            "Internal Pressure": -5.908112482167427e-06,
            "Bulk_modulus": 154.45711770643229,
            "Lattice constant": 4.053286
        }
    ]
}