{
    "Simulation input": [
        {
            "Chemical formula": "Al125Ni125",
            "Database": "Materials Project",
            "Potential": "EMT",
            "Integrator": "Velocity-Verlet",
            "Lattice structure": "CUB(a=15.1974)",
            "a": 15.197410717911794,
            "b": 15.197410717911794,
            "c": 15.197410717911794,
            "Alpha": 90.0,
            "Beta": 90.0,
            "Gamma": 90.0,
            "Volume": 3510.0136225014703,
            "Initial Temperature": 300,
            "Run time": 1000
        }
    ],
    "Simulation output": [
        {
            "Mean Square Displacement": 1.5261160315639837,
            "Self diffusion coefficient": 0.03179408399091633,
            "Lindemann Criterion": 0.5399010523664607,
            "Specific Heat": 291.10764652442674,
            "Internal Temperature": 486.3675036780307,
            "Cohesive Energy": 0.3386249484691654,
            "Internal Pressure": 2.955575798873956e-06,
            "Bulk_modulus": 68.30048834719314,
            "Lattice constant": 3.039482143582359
        }
    ]
}