{
    "Simulation input": [
        {
            "Chemical formula": "AgAu499",
            "Database": "ASE",
            "Potential": "EMT_Asap_Standard_JacobsenStoltzeNorskov_1996_AlAgAuCuNiPdPt__MO_115316750986_001",
            "Integrator": "Velocity-Verlet",
            "Lattice structure": "CUB(a=20.4)",
            "a": 20.4,
            "b": 20.4,
            "c": 20.4,
            "Alpha": 90.0,
            "Beta": 90.0,
            "Gamma": 90.0,
            "Volume": 8489.664,
            "Initial Temperature": 900,
            "Run time": 3000
        }
    ],
    "Simulation output": [
        {
            "Mean Square Displacement": 0.16509719718840732,
            "Self diffusion coefficient": 0.0009827214118357578,
            "Lindemann Criterion": 0.15167624982306288,
            "Specific Heat": 63.36916554680342,
            "Internal Temperature": 581.6419341229962,
            "Cohesive Energy": 3.718470630209274,
            "Internal Pressure": 9.149513758564598e-07,
            "Bulk_modulus": 165.5506479366475,
            "Lattice constant": 3.8073118842989633
        }
    ]
}