{
    "Simulation input": [
        {
            "Chemical formula": "Al124Au125",
            "Database": "Materials Project",
            "Potential": "EMT",
            "Integrator": "Velocity-Verlet",
            "Lattice structure": "CUB(a=16.1197)",
            "a": 16.11971,
            "b": 16.11971,
            "c": 16.11971,
            "Alpha": 90.0,
            "Beta": 90.0,
            "Gamma": 90.0,
            "Volume": 4188.626858739057,
            "Initial Temperature": 300,
            "Run time": 1000
        }
    ],
    "Simulation output": [
        {
            "Mean Square Displacement": 0.21874073252928575,
            "Self diffusion coefficient": 0.00455709859436012,
            "Lindemann Criterion": 0.17570807566365998,
            "Specific Heat": 111.02944104645216,
            "Internal Temperature": 412.70382269397203,
            "Cohesive Energy": 0.08091490171688018,
            "Internal Pressure": -3.077899890635795e-06,
            "Bulk_modulus": 73.72501980093988,
            "Lattice constant": 3.223942
        }
    ]
}