{
    "Simulation input": [
        {
            "Chemical formula": "Al250Pt125",
            "Database": "Materials Project",
            "Potential": "EMT",
            "Integrator": "Velocity-Verlet",
            "Lattice structure": "FCC(a=29.7438)",
            "a": 21.032021450000002,
            "b": 21.032021450000002,
            "c": 21.03202145,
            "Alpha": 59.999999999999986,
            "Beta": 59.999999999999986,
            "Gamma": 59.99999999999999,
            "Volume": 6578.517741046045,
            "Initial Temperature": 300,
            "Run time": 1000
        }
    ],
    "Simulation output": [
        {
            "Mean Square Displacement": 4.413437679984727,
            "Self diffusion coefficient": 0.09194661833301515,
            "Lindemann Criterion": 0.843696544596585,
            "Specific Heat": 150.21635742817406,
            "Internal Temperature": 1781.5426829912117,
            "Cohesive Energy": 0.34988603321292455,
            "Internal Pressure": 1.8389380895603005e-06,
            "Bulk_modulus": 64.49384319963694,
            "Lattice constant": 0
        }
    ]
}