{
    "Simulation input": [
        {
            "Chemical formula": "AgCu124",
            "Database": "Materials Project",
            "Potential": "EMT",
            "Integrator": "Velocity-Verlet",
            "Lattice structure": "BCC(a=14.3633)",
            "a": 12.438956699999999,
            "b": 12.4389567,
            "c": 12.438956699999999,
            "Alpha": 109.47122063,
            "Beta": 109.47122063,
            "Gamma": 109.47122063,
            "Volume": 1481.5966161712952,
            "Initial Temperature": 300,
            "Run time": 1000
        }
    ],
    "Simulation output": [
        {
            "Mean Square Displacement": 0.08069641046013455,
            "Self diffusion coefficient": 0.0016811752179194698,
            "Lindemann Criterion": 0.11533702697673438,
            "Specific Heat": 195.15183059628458,
            "Internal Temperature": 154.10367640762328,
            "Cohesive Energy": 0.04455223818436212,
            "Internal Pressure": -1.112226769948235e-06,
            "Bulk_modulus": 122.4720830525039,
            "Lattice constant": 0
        }
    ]
}