{
    "Simulation input": [
        {
            "Chemical formula": "Au500",
            "Database": "ASE",
            "Potential": "EMT_Asap_Standard_JacobsenStoltzeNorskov_1996_AlAgAuCuNiPdPt__MO_115316750986_001",
            "Integrator": "Velocity-Verlet",
            "Lattice structure": "CUB(a=20.4)",
            "a": 20.4,
            "b": 20.4,
            "c": 20.4,
            "Alpha": 90.0,
            "Beta": 90.0,
            "Gamma": 90.0,
            "Volume": 8489.664,
            "Initial Temperature": 1300,
            "Run time": 3000
        }
    ],
    "Simulation output": [
        {
            "Mean Square Displacement": 0.21626866653968826,
            "Self diffusion coefficient": 0.0012873134913076682,
            "Lindemann Criterion": 0.1790104081496022,
            "Specific Heat": 63.31183511431094,
            "Internal Temperature": 878.4524524243169,
            "Cohesive Energy": 3.6865193078070724,
            "Internal Pressure": 6.267262166574263e-08,
            "Bulk_modulus": 160.31894454936474,
            "Lattice constant": 3.8073118842989633
        }
    ]
}