{
    "Simulation input": [
        {
            "Chemical formula": "AlCu499",
            "Database": "ASE",
            "Potential": "EMT_Asap_Standard_JacobsenStoltzeNorskov_1996_AlAgAuCuNiPdPt__MO_115316750986_001",
            "Integrator": "Velocity-Verlet",
            "Lattice structure": "CUB(a=18.05)",
            "a": 18.05,
            "b": 18.05,
            "c": 18.05,
            "Alpha": 90.0,
            "Beta": 90.0,
            "Gamma": 90.0,
            "Volume": 5880.735125000003,
            "Initial Temperature": 1100,
            "Run time": 3000
        }
    ],
    "Simulation output": [
        {
            "Mean Square Displacement": 0.12073397201322954,
            "Self diffusion coefficient": 0.0007186545953168425,
            "Lindemann Criterion": 0.14861645208724783,
            "Specific Heat": 196.46684840249773,
            "Internal Temperature": 626.6849682398577,
            "Cohesive Energy": 3.4251032482657933,
            "Internal Pressure": -1.3805763935600385e-06,
            "Bulk_modulus": 118.51649186076916,
            "Lattice constant": 3.58690945865129
        }
    ]
}