{
    "Simulation input": [
        {
            "Chemical formula": "Al1999Cu4500Pd",
            "Database": "Materials Project",
            "Potential": "EMT",
            "Integrator": "Velocity-Verlet",
            "Lattice structure": "CUB(a=43.5073)",
            "a": 43.50731,
            "b": 43.50731,
            "c": 43.50731,
            "Alpha": 90.0,
            "Beta": 90.0,
            "Gamma": 90.0,
            "Volume": 82354.37901630164,
            "Initial Temperature": 300,
            "Run time": 1000
        }
    ],
    "Simulation output": [
        {
            "Mean Square Displacement": 0.11101143959318954,
            "Self diffusion coefficient": 0.0023127383248581156,
            "Lindemann Criterion": 0.13272336970978574,
            "Specific Heat": 238.40341950115774,
            "Internal Temperature": 201.91835926950444,
            "Cohesive Energy": 0.17422683678226042,
            "Internal Pressure": -2.676540646193415e-06,
            "Bulk_modulus": 78.06637870637516,
            "Lattice constant": 0
        }
    ]
}