{
    "Simulation input": [
        {
            "Chemical formula": "Ag499Al",
            "Database": "ASE",
            "Potential": "EMT_Asap_Standard_JacobsenStoltzeNorskov_1996_AlAgAuCuNiPdPt__MO_115316750986_001",
            "Integrator": "Velocity-Verlet",
            "Lattice structure": "CUB(a=20.45)",
            "a": 20.45,
            "b": 20.45,
            "c": 20.45,
            "Alpha": 90.0,
            "Beta": 90.0,
            "Gamma": 90.0,
            "Volume": 8552.241125000002,
            "Initial Temperature": 1000,
            "Run time": 3000
        }
    ],
    "Simulation output": [
        {
            "Mean Square Displacement": 0.10201730515351153,
            "Self diffusion coefficient": 0.0006072458640089971,
            "Lindemann Criterion": 0.11939129006746564,
            "Specific Heat": 115.78060218222964,
            "Internal Temperature": 528.5765386000248,
            "Cohesive Energy": 2.88630310701671,
            "Internal Pressure": -3.584004952505321e-06,
            "Bulk_modulus": 90.11780834152944,
            "Lattice constant": 3.8347786021727415
        }
    ]
}