{
    "Simulation input": [
        {
            "Chemical formula": "Al124Cu375Ni",
            "Database": "Materials Project",
            "Potential": "EMT",
            "Integrator": "Velocity-Verlet",
            "Lattice structure": "CUB(a=18.3574)",
            "a": 18.357405,
            "b": 18.357405,
            "c": 18.357405,
            "Alpha": 90.0,
            "Beta": 90.0,
            "Gamma": 90.0,
            "Volume": 6186.341184356621,
            "Initial Temperature": 300,
            "Run time": 1000
        }
    ],
    "Simulation output": [
        {
            "Mean Square Displacement": 0.04704532950130579,
            "Self diffusion coefficient": 0.000980111031277204,
            "Lindemann Criterion": 0.08566571766729034,
            "Specific Heat": 228.9462497317192,
            "Internal Temperature": 239.25935111691368,
            "Cohesive Energy": 0.15017108664651138,
            "Internal Pressure": 6.699158338780905e-06,
            "Bulk_modulus": 84.24418570327349,
            "Lattice constant": 0
        }
    ]
}