{
    "Simulation input": [
        {
            "Chemical formula": "AgAu375Pd124",
            "Database": "Materials Project",
            "Potential": "EMT",
            "Integrator": "Velocity-Verlet",
            "Lattice structure": "CUB(a=20.5786)",
            "a": 20.578590000000002,
            "b": 20.578590000000002,
            "c": 20.578590000000002,
            "Alpha": 90.0,
            "Beta": 90.0,
            "Gamma": 90.0,
            "Volume": 8714.587675770497,
            "Initial Temperature": 300,
            "Run time": 1000
        }
    ],
    "Simulation output": [
        {
            "Mean Square Displacement": 0.09564927293831531,
            "Self diffusion coefficient": 0.0019926931862149022,
            "Lindemann Criterion": 0.11320055295112912,
            "Specific Heat": 71.53165250174077,
            "Internal Temperature": 260.11604919373184,
            "Cohesive Energy": 0.08597851950913209,
            "Internal Pressure": -5.421115871274602e-06,
            "Bulk_modulus": 165.57019054305462,
            "Lattice constant": 0
        }
    ]
}