{
    "Simulation input": [
        {
            "Chemical formula": "Ag124Au",
            "Database": "Materials Project",
            "Potential": "EMT",
            "Integrator": "Velocity-Verlet",
            "Lattice structure": "FCC(a=16.6422)",
            "a": 11.767806800000002,
            "b": 11.7678068,
            "c": 11.7678068,
            "Alpha": 59.999999999999986,
            "Beta": 59.99999999999999,
            "Gamma": 59.99999999999999,
            "Volume": 1152.3159974732619,
            "Initial Temperature": 300,
            "Run time": 1000
        }
    ],
    "Simulation output": [
        {
            "Mean Square Displacement": 0.026356095690485058,
            "Self diffusion coefficient": 0.0005490853268851054,
            "Lindemann Criterion": 0.058280682068006795,
            "Specific Heat": 114.84805071578234,
            "Internal Temperature": 161.70128623682666,
            "Cohesive Energy": 0.04436765179936046,
            "Internal Pressure": -4.151297844234388e-07,
            "Bulk_modulus": null,
            "Lattice constant": 0
        }
    ]
}