{
    "Simulation input": [
        {
            "Chemical formula": "Cu125",
            "Database": "Materials Project",
            "Potential": "EMT",
            "Integrator": "Velocity-Verlet",
            "Lattice structure": "BCC(a=14.3633)",
            "a": 12.438956699999999,
            "b": 12.4389567,
            "c": 12.438956699999999,
            "Alpha": 109.47122063,
            "Beta": 109.47122063,
            "Gamma": 109.47122063,
            "Volume": 1481.5966161712952,
            "Initial Temperature": 300,
            "Run time": 1000
        }
    ],
    "Simulation output": [
        {
            "Mean Square Displacement": 0.09847192741972828,
            "Self diffusion coefficient": 0.002051498487911006,
            "Lindemann Criterion": 0.12913643882594394,
            "Specific Heat": 196.24074992421006,
            "Internal Temperature": 171.1256630274966,
            "Cohesive Energy": 0.05693564738073831,
            "Internal Pressure": -7.951832435771294e-08,
            "Bulk_modulus": 122.76998850352925,
            "Lattice constant": 0
        }
    ]
}