{
    "Simulation input": [
        {
            "Chemical formula": "Al249AuCu125",
            "Database": "Materials Project",
            "Potential": "EMT",
            "Integrator": "Velocity-Verlet",
            "Lattice structure": "FCC(a=28.8455)",
            "a": 20.396884,
            "b": 20.396884000000004,
            "c": 20.396884,
            "Alpha": 59.99999999999999,
            "Beta": 59.999999999999986,
            "Gamma": 59.99999999999999,
            "Volume": 6000.3485727212665,
            "Initial Temperature": 300,
            "Run time": 1000
        }
    ],
    "Simulation output": [
        {
            "Mean Square Displacement": 3.426674796697182,
            "Self diffusion coefficient": 0.07138905826452462,
            "Lindemann Criterion": 0.7690892663505929,
            "Specific Heat": 314.72426102968245,
            "Internal Temperature": 990.5757724545437,
            "Cohesive Energy": 0.3331144576362952,
            "Internal Pressure": -3.4062184620198726e-06,
            "Bulk_modulus": 43.42007176648492,
            "Lattice constant": 0
        }
    ]
}