{
    "Simulation input": [
        {
            "Chemical formula": "Al124Cu",
            "Database": "Materials Project",
            "Potential": "EMT",
            "Integrator": "Velocity-Verlet",
            "Lattice structure": "BCC(a=16.1025)",
            "a": 13.94517405,
            "b": 13.945174050000002,
            "c": 13.945174049999999,
            "Alpha": 109.47122063,
            "Beta": 109.47122063,
            "Gamma": 109.47122062999999,
            "Volume": 2087.6126823078234,
            "Initial Temperature": 300,
            "Run time": 1000
        }
    ],
    "Simulation output": [
        {
            "Mean Square Displacement": 0.2260619384973857,
            "Self diffusion coefficient": 0.004709623718695536,
            "Lindemann Criterion": 0.1737527718956405,
            "Specific Heat": 457.2226264894108,
            "Internal Temperature": 150.10689728192494,
            "Cohesive Energy": 0.04277732681311642,
            "Internal Pressure": -2.164504913366682e-06,
            "Bulk_modulus": 35.532136602911166,
            "Lattice constant": 2.78903481
        }
    ]
}