{
    "Simulation input": [
        {
            "Chemical formula": "AgCu125Pd124",
            "Database": "Materials Project",
            "Potential": "EMT",
            "Integrator": "Velocity-Verlet",
            "Lattice structure": "CUB(a=15.0907)",
            "a": 15.090655,
            "b": 15.090655,
            "c": 15.090655,
            "Alpha": 90.0,
            "Beta": 90.0,
            "Gamma": 90.0,
            "Volume": 3436.562694838742,
            "Initial Temperature": 300,
            "Run time": 1000
        }
    ],
    "Simulation output": [
        {
            "Mean Square Displacement": 0.09747942216813266,
            "Self diffusion coefficient": 0.0020308212951694305,
            "Lindemann Criterion": 0.123700811813713,
            "Specific Heat": 146.72893294873808,
            "Internal Temperature": 154.01267645719167,
            "Cohesive Energy": 0.011822522286567872,
            "Internal Pressure": -1.3710934195680176e-06,
            "Bulk_modulus": 145.13876722526862,
            "Lattice constant": 0
        }
    ]
}