{
    "Simulation input": [
        {
            "Chemical formula": "Ag374Au125Pd",
            "Database": "Materials Project",
            "Potential": "EMT",
            "Integrator": "Velocity-Verlet",
            "Lattice structure": "CUB(a=20.8081)",
            "a": 20.808144999999996,
            "b": 20.808144999999996,
            "c": 20.808144999999996,
            "Alpha": 90.0,
            "Beta": 90.0,
            "Gamma": 90.0,
            "Volume": 9009.487698620313,
            "Initial Temperature": 300,
            "Run time": 1000
        }
    ],
    "Simulation output": [
        {
            "Mean Square Displacement": 0.08929106681010117,
            "Self diffusion coefficient": 0.0018602305585437744,
            "Lindemann Criterion": 0.10687952657931403,
            "Specific Heat": 95.82238285912665,
            "Internal Temperature": 260.1076660009443,
            "Cohesive Energy": 0.06944215024921527,
            "Internal Pressure": -1.710176609444577e-06,
            "Bulk_modulus": 107.9126707693133,
            "Lattice constant": 0
        }
    ]
}