{
    "Simulation input": [
        {
            "Chemical formula": "NiPd499",
            "Database": "ASE",
            "Potential": "EMT_Asap_Standard_JacobsenStoltzeNorskov_1996_AlAgAuCuNiPdPt__MO_115316750986_001",
            "Integrator": "Velocity-Verlet",
            "Lattice structure": "CUB(a=19.45)",
            "a": 19.45,
            "b": 19.45,
            "c": 19.45,
            "Alpha": 90.0,
            "Beta": 90.0,
            "Gamma": 90.0,
            "Volume": 7357.983625000011,
            "Initial Temperature": 500,
            "Run time": 3000
        }
    ],
    "Simulation output": [
        {
            "Mean Square Displacement": 0.04509092855600396,
            "Self diffusion coefficient": 0.00026839838426192836,
            "Lindemann Criterion": 0.07989035144972848,
            "Specific Heat": 117.28538060936452,
            "Internal Temperature": 321.06508773579424,
            "Cohesive Energy": 3.8521237670428183,
            "Internal Pressure": -8.874796924696366e-07,
            "Bulk_modulus": 172.77937954213394,
            "Lattice constant": 3.7486362256057384
        }
    ]
}