{
    "Simulation input": [
        {
            "Chemical formula": "CuPd499",
            "Database": "ASE",
            "Potential": "EMT_Asap_Standard_JacobsenStoltzeNorskov_1996_AlAgAuCuNiPdPt__MO_115316750986_001",
            "Integrator": "Velocity-Verlet",
            "Lattice structure": "CUB(a=19.45)",
            "a": 19.45,
            "b": 19.45,
            "c": 19.45,
            "Alpha": 90.0,
            "Beta": 90.0,
            "Gamma": 90.0,
            "Volume": 7357.983625000011,
            "Initial Temperature": 400,
            "Run time": 3000
        }
    ],
    "Simulation output": [
        {
            "Mean Square Displacement": 0.03413640349795623,
            "Self diffusion coefficient": 0.00020319287796402517,
            "Lindemann Criterion": 0.07063250085228451,
            "Specific Heat": 117.27467589236561,
            "Internal Temperature": 272.90842274765237,
            "Cohesive Energy": 3.856387660151601,
            "Internal Pressure": 6.950829442051417e-07,
            "Bulk_modulus": 173.74562125554064,
            "Lattice constant": 3.7486362256057384
        }
    ]
}