{
    "Simulation input": [
        {
            "Chemical formula": "Cu125Pd125",
            "Database": "Materials Project",
            "Potential": "EMT",
            "Integrator": "Velocity-Verlet",
            "Lattice structure": "CUB(a=15.0907)",
            "a": 15.090655,
            "b": 15.090655,
            "c": 15.090655,
            "Alpha": 90.0,
            "Beta": 90.0,
            "Gamma": 90.0,
            "Volume": 3436.562694838742,
            "Initial Temperature": 300,
            "Run time": 3000
        }
    ],
    "Simulation output": [
        {
            "Mean Square Displacement": 0.1079384452880098,
            "Self diffusion coefficient": 0.0006424907457619632,
            "Lindemann Criterion": 0.13007145240265922,
            "Specific Heat": 146.73893526635172,
            "Internal Temperature": 169.15639374956956,
            "Cohesive Energy": 0.01667408979541076,
            "Internal Pressure": 4.786877419509405e-07,
            "Bulk_modulus": 145.9994000123827,
            "Lattice constant": 3.7486362256057384
        }
    ]
}