{
    "Simulation input": [
        {
            "Chemical formula": "Ag124Au",
            "Database": "Materials Project",
            "Potential": "EMT",
            "Integrator": "Velocity-Verlet",
            "Lattice structure": "FCC(a=16.6422)",
            "a": 11.767806800000002,
            "b": 11.7678068,
            "c": 11.7678068,
            "Alpha": 59.999999999999986,
            "Beta": 59.99999999999999,
            "Gamma": 59.99999999999999,
            "Volume": 1152.3159974732619,
            "Initial Temperature": 300,
            "Run time": 1000
        }
    ],
    "Simulation output": [
        {
            "Mean Square Displacement": 0.033910960995305675,
            "Self diffusion coefficient": 0.0007064783540688683,
            "Lindemann Criterion": 0.0663255245506778,
            "Specific Heat": 114.84805071771275,
            "Internal Temperature": 188.80958065704525,
            "Cohesive Energy": 0.04747864999022716,
            "Internal Pressure": -1.2938922623524548e-06,
            "Bulk_modulus": null,
            "Lattice constant": 0
        }
    ]
}