{
    "Simulation input": [
        {
            "Chemical formula": "Cu499Pd",
            "Database": "ASE",
            "Potential": "EMT_Asap_Standard_JacobsenStoltzeNorskov_1996_AlAgAuCuNiPdPt__MO_115316750986_001",
            "Integrator": "Velocity-Verlet",
            "Lattice structure": "CUB(a=18.05)",
            "a": 18.05,
            "b": 18.05,
            "c": 18.05,
            "Alpha": 90.0,
            "Beta": 90.0,
            "Gamma": 90.0,
            "Volume": 5880.735125000003,
            "Initial Temperature": 500,
            "Run time": 3000
        }
    ],
    "Simulation output": [
        {
            "Mean Square Displacement": 0.10643261680405741,
            "Self diffusion coefficient": 0.0006335274809765322,
            "Lindemann Criterion": 0.13192363224054393,
            "Specific Heat": 195.9763063487798,
            "Internal Temperature": 442.91152863326016,
            "Cohesive Energy": 3.4508293505681618,
            "Internal Pressure": -3.1516151944570194e-07,
            "Bulk_modulus": 121.25273023124726,
            "Lattice constant": 3.58690945865129
        }
    ]
}