{
    "Simulation input": [
        {
            "Chemical formula": "Ag125Al375",
            "Database": "Materials Project",
            "Potential": "EMT",
            "Integrator": "Velocity-Verlet",
            "Lattice structure": "CUB(a=20.3907)",
            "a": 20.39074705315133,
            "b": 20.39074705315133,
            "c": 20.39074705315133,
            "Alpha": 90.0,
            "Beta": 90.0,
            "Gamma": 90.0,
            "Volume": 8478.117119888115,
            "Initial Temperature": 300,
            "Run time": 1000
        }
    ],
    "Simulation output": [
        {
            "Mean Square Displacement": 0.03263590731683088,
            "Self diffusion coefficient": 0.00067991473576731,
            "Lindemann Criterion": 0.06612463460664576,
            "Specific Heat": 264.18365496155366,
            "Internal Temperature": 145.79453346088172,
            "Cohesive Energy": 0.010397205769557731,
            "Internal Pressure": 7.347031401896154e-08,
            "Bulk_modulus": 46.70107393392313,
            "Lattice constant": 4.078149410630266
        }
    ]
}