{
    "Simulation input": [
        {
            "Chemical formula": "Al125Au124Pd",
            "Database": "Materials Project",
            "Potential": "EMT",
            "Integrator": "Velocity-Verlet",
            "Lattice structure": "CUB(a=16.1197)",
            "a": 16.11971,
            "b": 16.11971,
            "c": 16.11971,
            "Alpha": 90.0,
            "Beta": 90.0,
            "Gamma": 90.0,
            "Volume": 4188.626858739057,
            "Initial Temperature": 300,
            "Run time": 1000
        }
    ],
    "Simulation output": [
        {
            "Mean Square Displacement": 0.14455938667009094,
            "Self diffusion coefficient": 0.003011653888960228,
            "Lindemann Criterion": 0.1385992898704834,
            "Specific Heat": 111.72929152036741,
            "Internal Temperature": 194.59113643925596,
            "Cohesive Energy": 0.05076322063563939,
            "Internal Pressure": -5.230030127976337e-07,
            "Bulk_modulus": 75.52883141228885,
            "Lattice constant": 3.223942
        }
    ]
}