{
    "Simulation input": [
        {
            "Chemical formula": "Al499Pd",
            "Database": "ASE",
            "Potential": "EMT_Asap_Standard_JacobsenStoltzeNorskov_1996_AlAgAuCuNiPdPt__MO_115316750986_001",
            "Integrator": "Velocity-Verlet",
            "Lattice structure": "CUB(a=20.25)",
            "a": 20.25,
            "b": 20.25,
            "c": 20.25,
            "Alpha": 90.0,
            "Beta": 90.0,
            "Gamma": 90.0,
            "Volume": 8303.765624999998,
            "Initial Temperature": 1300,
            "Run time": 3000
        }
    ],
    "Simulation output": [
        {
            "Mean Square Displacement": 0.33000312039862,
            "Self diffusion coefficient": 0.001964304288087024,
            "Lindemann Criterion": 0.22629424007880972,
            "Specific Heat": 459.47398907499814,
            "Internal Temperature": 717.4650664380957,
            "Cohesive Energy": 3.183457962117838,
            "Internal Pressure": 9.418207310957465e-07,
            "Bulk_modulus": 33.211431708181934,
            "Lattice constant": 3.9156921639693607
        }
    ]
}