{
    "Simulation input": [
        {
            "Chemical formula": "Al499AuPd500",
            "Database": "Materials Project",
            "Potential": "EMT",
            "Integrator": "Velocity-Verlet",
            "Lattice structure": "CUB(a=24.5437)",
            "a": 24.543685000000004,
            "b": 24.543685000000004,
            "c": 24.543685000000004,
            "Alpha": 90.0,
            "Beta": 90.0,
            "Gamma": 90.0,
            "Volume": 14784.931112990605,
            "Initial Temperature": 300,
            "Run time": 1000
        }
    ],
    "Simulation output": [
        {
            "Mean Square Displacement": 1.0699132518895036,
            "Self diffusion coefficient": 0.02228985941436466,
            "Lindemann Criterion": 0.429010586792212,
            "Specific Heat": 186.4838384232884,
            "Internal Temperature": 516.8176351619367,
            "Cohesive Energy": 0.2478046352492031,
            "Internal Pressure": -4.924523242097577e-06,
            "Bulk_modulus": 73.40342337481266,
            "Lattice constant": 0
        }
    ]
}