{
    "Simulation input": [
        {
            "Chemical formula": "CuNi499",
            "Database": "ASE",
            "Potential": "EMT_Asap_Standard_JacobsenStoltzeNorskov_1996_AlAgAuCuNiPdPt__MO_115316750986_001",
            "Integrator": "Velocity-Verlet",
            "Lattice structure": "CUB(a=17.6)",
            "a": 17.6,
            "b": 17.6,
            "c": 17.6,
            "Alpha": 90.0,
            "Beta": 90.0,
            "Gamma": 90.0,
            "Volume": 5451.776,
            "Initial Temperature": 1100,
            "Run time": 3000
        }
    ],
    "Simulation output": [
        {
            "Mean Square Displacement": 0.06894596011088094,
            "Self diffusion coefficient": 0.00041039261970762466,
            "Lindemann Criterion": 0.11199100021314258,
            "Specific Heat": 212.43024363143383,
            "Internal Temperature": 661.1792451613768,
            "Cohesive Energy": 4.349293146206512,
            "Internal Pressure": 3.822372535757709e-06,
            "Bulk_modulus": 160.8495588044335,
            "Lattice constant": 3.4914114204442335
        }
    ]
}