{
    "Simulation input": [
        {
            "Chemical formula": "Al374Cu125",
            "Database": "Materials Project",
            "Potential": "EMT",
            "Integrator": "Velocity-Verlet",
            "Lattice structure": "CUB(a=19.6208)",
            "a": 19.620755000000003,
            "b": 19.620755000000003,
            "c": 19.620755000000003,
            "Alpha": 90.0,
            "Beta": 90.0,
            "Gamma": 90.0,
            "Volume": 7553.481060618106,
            "Initial Temperature": 300,
            "Run time": 1000
        }
    ],
    "Simulation output": [
        {
            "Mean Square Displacement": 0.08072086521741596,
            "Self diffusion coefficient": 0.0016816846920294992,
            "Lindemann Criterion": 0.1106323936957997,
            "Specific Heat": 345.0464660707742,
            "Internal Temperature": 389.15806420112847,
            "Cohesive Energy": 0.13011775087763705,
            "Internal Pressure": -4.142741539177327e-06,
            "Bulk_modulus": 45.23899544476257,
            "Lattice constant": 3.924151
        }
    ]
}