{
    "Simulation input": [
        {
            "Chemical formula": "Al125AuCu124",
            "Database": "Materials Project",
            "Potential": "EMT",
            "Integrator": "Velocity-Verlet",
            "Lattice structure": "CUB(a=14.9875)",
            "a": 14.987545,
            "b": 14.987545,
            "c": 14.987545,
            "Alpha": 90.0,
            "Beta": 90.0,
            "Gamma": 90.0,
            "Volume": 3366.5998537840187,
            "Initial Temperature": 300,
            "Run time": 1000
        }
    ],
    "Simulation output": [
        {
            "Mean Square Displacement": 0.21430098458014968,
            "Self diffusion coefficient": 0.004464603845419785,
            "Lindemann Criterion": 0.18863269151699888,
            "Specific Heat": 272.2927687023058,
            "Internal Temperature": 182.74397900933408,
            "Cohesive Energy": 0.18603125396176648,
            "Internal Pressure": 2.12173138685842e-06,
            "Bulk_modulus": 60.66013527334759,
            "Lattice constant": 0
        }
    ]
}