{
    "Simulation input": [
        {
            "Chemical formula": "Ag125Au375",
            "Database": "Materials Project",
            "Potential": "EMT",
            "Integrator": "Langevin",
            "Lattice structure": "CUB(a=20.8511)",
            "a": 20.851065000000002,
            "b": 20.851065000000002,
            "c": 20.851065000000002,
            "Alpha": 90.0,
            "Beta": 90.0,
            "Gamma": 90.0,
            "Volume": 9065.353134334478,
            "Initial Temperature": 300,
            "Run time": 1000
        }
    ],
    "Simulation output": [
        {
            "Mean Square Displacement": 0.011941975951128154,
            "Self diffusion coefficient": 0.0002487911656485032,
            "Lindemann Criterion": 0.03938528367308015,
            "Specific Heat": 20036520856.87357,
            "Internal Temperature": 33.365770991355305,
            "Cohesive Energy": 0.05364806980827728,
            "Internal Pressure": 3.3251263111859014e-07,
            "Bulk_modulus": 152.86954227548335,
            "Lattice constant": 0
        }
    ]
}