{
    "Simulation input": [
        {
            "Chemical formula": "Al125Au125",
            "Database": "Materials Project",
            "Potential": "EMT",
            "Integrator": "Velocity-Verlet",
            "Lattice structure": "CUB(a=16.1766)",
            "a": 16.176648519059878,
            "b": 16.176648519059878,
            "c": 16.176648519059878,
            "Alpha": 90.0,
            "Beta": 90.0,
            "Gamma": 90.0,
            "Volume": 4233.169400467631,
            "Initial Temperature": 300,
            "Run time": 1000
        }
    ],
    "Simulation output": [
        {
            "Mean Square Displacement": 0.21523247498355166,
            "Self diffusion coefficient": 0.00448400989549066,
            "Lindemann Criterion": 0.1737870105079842,
            "Specific Heat": 111.3678969413287,
            "Internal Temperature": 204.45013622603344,
            "Cohesive Energy": 0.05200873727577902,
            "Internal Pressure": -3.380380192163192e-06,
            "Bulk_modulus": 76.1012935313621,
            "Lattice constant": 3.2353297038119755
        }
    ]
}