{
    "Simulation input": [
        {
            "Chemical formula": "Al375Cu125",
            "Database": "Materials Project",
            "Potential": "EMT",
            "Integrator": "Langevin",
            "Lattice structure": "CUB(a=19.6208)",
            "a": 19.620755000000003,
            "b": 19.620755000000003,
            "c": 19.620755000000003,
            "Alpha": 90.0,
            "Beta": 90.0,
            "Gamma": 90.0,
            "Volume": 7553.481060618106,
            "Initial Temperature": 300,
            "Run time": 1000
        }
    ],
    "Simulation output": [
        {
            "Mean Square Displacement": 0.006947793425544596,
            "Self diffusion coefficient": 0.00014474569636551242,
            "Lindemann Criterion": 0.031126786382913166,
            "Specific Heat": 226420164438.70578,
            "Internal Temperature": 32.94409598316246,
            "Cohesive Energy": 0.08245261176405748,
            "Internal Pressure": 1.7026303886658227e-06,
            "Bulk_modulus": 46.89144644057961,
            "Lattice constant": 0
        }
    ]
}