{
    "Simulation input": [
        {
            "Chemical formula": "Ag374NiPt125",
            "Database": "Materials Project",
            "Potential": "EMT",
            "Integrator": "Velocity-Verlet",
            "Lattice structure": "CUB(a=20.52)",
            "a": 20.52002,
            "b": 20.52002,
            "c": 20.52002,
            "Alpha": 90.0,
            "Beta": 90.0,
            "Gamma": 90.0,
            "Volume": 8640.389872248625,
            "Initial Temperature": 300,
            "Run time": 1000
        }
    ],
    "Simulation output": [
        {
            "Mean Square Displacement": 0.06646736292285688,
            "Self diffusion coefficient": 0.0013847367275595182,
            "Lindemann Criterion": 0.09438611039338766,
            "Specific Heat": 96.24102161800589,
            "Internal Temperature": 210.01671706589482,
            "Cohesive Energy": 0.10081222540245831,
            "Internal Pressure": -1.2132579007001613e-06,
            "Bulk_modulus": 126.64293547930575,
            "Lattice constant": 0
        }
    ]
}