{
    "Simulation input": [
        {
            "Chemical formula": "Au499Cu",
            "Database": "ASE",
            "Potential": "EMT_Asap_Standard_JacobsenStoltzeNorskov_1996_AlAgAuCuNiPdPt__MO_115316750986_001",
            "Integrator": "Velocity-Verlet",
            "Lattice structure": "CUB(a=20.4)",
            "a": 20.4,
            "b": 20.4,
            "c": 20.4,
            "Alpha": 90.0,
            "Beta": 90.0,
            "Gamma": 90.0,
            "Volume": 8489.664,
            "Initial Temperature": 300,
            "Run time": 3000
        }
    ],
    "Simulation output": [
        {
            "Mean Square Displacement": 0.04171627637374489,
            "Self diffusion coefficient": 0.00024831116889133866,
            "Lindemann Criterion": 0.07372209354183425,
            "Specific Heat": 63.397723398512184,
            "Internal Temperature": 200.5570265519672,
            "Cohesive Energy": 3.7664037561827706,
            "Internal Pressure": 3.2313380276857513e-07,
            "Bulk_modulus": 172.51810998875166,
            "Lattice constant": 3.8073118842989633
        }
    ]
}