{
    "Simulation input": [
        {
            "Chemical formula": "Au375NiPd124",
            "Database": "Materials Project",
            "Potential": "EMT",
            "Integrator": "Velocity-Verlet",
            "Lattice structure": "CUB(a=20.5786)",
            "a": 20.578590000000002,
            "b": 20.578590000000002,
            "c": 20.578590000000002,
            "Alpha": 90.0,
            "Beta": 90.0,
            "Gamma": 90.0,
            "Volume": 8714.587675770497,
            "Initial Temperature": 300,
            "Run time": 1000
        }
    ],
    "Simulation output": [
        {
            "Mean Square Displacement": 0.06361872536560491,
            "Self diffusion coefficient": 0.0013253901117834357,
            "Lindemann Criterion": 0.09495500610909458,
            "Specific Heat": 71.57202975569375,
            "Internal Temperature": 206.9673086814669,
            "Cohesive Energy": 0.07989687380390868,
            "Internal Pressure": -1.992281711613172e-06,
            "Bulk_modulus": 167.9874070615225,
            "Lattice constant": 0
        }
    ]
}