{
    "Simulation input": [
        {
            "Chemical formula": "Ni125",
            "Database": "Materials Project",
            "Potential": "EMT",
            "Integrator": "Velocity-Verlet",
            "Lattice structure": "BCC(a=13.9511)",
            "a": 12.081972350000001,
            "b": 12.081972350000001,
            "c": 12.08197235,
            "Alpha": 109.47122063,
            "Beta": 109.47122063,
            "Gamma": 109.47122063,
            "Volume": 1357.6618725644803,
            "Initial Temperature": 20,
            "Run time": 1000
        }
    ],
    "Simulation output": [
        {
            "Mean Square Displacement": 0.05464921962259975,
            "Self diffusion coefficient": 0.0011385254088041614,
            "Lindemann Criterion": 0.09860937532829747,
            "Specific Heat": 212.4653650663159,
            "Internal Temperature": 33.35183480912944,
            "Cohesive Energy": 0.059096946139865866,
            "Internal Pressure": -2.4114121556360695e-07,
            "Bulk_modulus": 166.35233039605572,
            "Lattice constant": 0
        }
    ]
}