{
    "Simulation input": [
        {
            "Chemical formula": "Al125Cu375",
            "Database": "Materials Project",
            "Potential": "EMT",
            "Integrator": "Velocity-Verlet",
            "Lattice structure": "FCC(a=29.1847)",
            "a": 20.636671,
            "b": 20.636671000000003,
            "c": 20.636671,
            "Alpha": 60.00000000000001,
            "Beta": 59.99999999999999,
            "Gamma": 60.00000000000001,
            "Volume": 6214.4675359729545,
            "Initial Temperature": 20,
            "Run time": 1000
        }
    ],
    "Simulation output": [
        {
            "Mean Square Displacement": 0.014118351960988228,
            "Self diffusion coefficient": 0.00029413233252058806,
            "Lindemann Criterion": 0.047595585762088645,
            "Specific Heat": 229.2131489803785,
            "Internal Temperature": 13.074787535831184,
            "Cohesive Energy": 0.13544509305936503,
            "Internal Pressure": 8.041807556734391e-07,
            "Bulk_modulus": 84.77836530136427,
            "Lattice constant": 4.1273342
        }
    ]
}