{
    "Simulation input": [
        {
            "Chemical formula": "Ag375AlNi124",
            "Database": "Materials Project",
            "Potential": "EMT",
            "Integrator": "Velocity-Verlet",
            "Lattice structure": "CUB(a=20.0451)",
            "a": 20.04515,
            "b": 20.04515,
            "c": 20.04515,
            "Alpha": 90.0,
            "Beta": 90.0,
            "Gamma": 90.0,
            "Volume": 8054.302403389292,
            "Initial Temperature": 300,
            "Run time": 1000
        }
    ],
    "Simulation output": [
        {
            "Mean Square Displacement": 0.02864161587232637,
            "Self diffusion coefficient": 0.0005967003306734661,
            "Lindemann Criterion": 0.06151480065685854,
            "Specific Heat": 130.5640708032992,
            "Internal Temperature": 147.80971463611382,
            "Cohesive Energy": 0.13556203780237971,
            "Internal Pressure": -2.4148889925314414e-06,
            "Bulk_modulus": 105.9716866980566,
            "Lattice constant": 0
        }
    ]
}