{
    "Simulation input": [
        {
            "Chemical formula": "Au499Pt",
            "Database": "ASE",
            "Potential": "EMT_Asap_Standard_JacobsenStoltzeNorskov_1996_AlAgAuCuNiPdPt__MO_115316750986_001",
            "Integrator": "Velocity-Verlet",
            "Lattice structure": "CUB(a=20.4)",
            "a": 20.4,
            "b": 20.4,
            "c": 20.4,
            "Alpha": 90.0,
            "Beta": 90.0,
            "Gamma": 90.0,
            "Volume": 8489.664,
            "Initial Temperature": 1300,
            "Run time": 3000
        }
    ],
    "Simulation output": [
        {
            "Mean Square Displacement": 0.23282128974027017,
            "Self diffusion coefficient": 0.001385841010358751,
            "Lindemann Criterion": 0.17892749236106315,
            "Specific Heat": 63.31304538238681,
            "Internal Temperature": 861.8592796164063,
            "Cohesive Energy": 3.692162376320996,
            "Internal Pressure": -2.41350115694921e-06,
            "Bulk_modulus": 161.4859102814445,
            "Lattice constant": 3.8073118842989633
        }
    ]
}