{
    "Simulation input": [
        {
            "Chemical formula": "Ag375Au125",
            "Database": "Materials Project",
            "Potential": "EMT",
            "Integrator": "Velocity-Verlet",
            "Lattice structure": "CUB(a=20.4065)",
            "a": 20.406467432103497,
            "b": 20.406467432103497,
            "c": 20.406467432103497,
            "Alpha": 90.0,
            "Beta": 90.0,
            "Gamma": 90.0,
            "Volume": 8497.741019756997,
            "Initial Temperature": 300,
            "Run time": 1000
        }
    ],
    "Simulation output": [
        {
            "Mean Square Displacement": 0.03538642121702743,
            "Self diffusion coefficient": 0.0007372171086880715,
            "Lindemann Criterion": 0.06875948511699724,
            "Specific Heat": 95.82025028008019,
            "Internal Temperature": 173.4342676106195,
            "Cohesive Energy": 0.016083895441006687,
            "Internal Pressure": 1.9756040229079085e-06,
            "Bulk_modulus": 111.4870723922336,
            "Lattice constant": 4.0812934864207
        }
    ]
}