{
    "Simulation input": [
        {
            "Chemical formula": "Au500",
            "Database": "ASE",
            "Potential": "EMT_Asap_Standard_JacobsenStoltzeNorskov_1996_AlAgAuCuNiPdPt__MO_115316750986_001",
            "Integrator": "Velocity-Verlet",
            "Lattice structure": "CUB(a=20.4)",
            "a": 20.4,
            "b": 20.4,
            "c": 20.4,
            "Alpha": 90.0,
            "Beta": 90.0,
            "Gamma": 90.0,
            "Volume": 8489.664,
            "Initial Temperature": 800,
            "Run time": 3000
        }
    ],
    "Simulation output": [
        {
            "Mean Square Displacement": 0.1214374066371166,
            "Self diffusion coefficient": 0.0007228417061733131,
            "Lindemann Criterion": 0.129451163954837,
            "Specific Heat": 63.31183511429689,
            "Internal Temperature": 560.2362540480771,
            "Cohesive Energy": 3.7226912643459626,
            "Internal Pressure": -1.1845326658320255e-06,
            "Bulk_modulus": 165.701715317614,
            "Lattice constant": 3.8073118842989633
        }
    ]
}