{
    "Simulation input": [
        {
            "Chemical formula": "Au125Pd375",
            "Database": "Materials Project",
            "Potential": "EMT",
            "Integrator": "Velocity-Verlet",
            "Lattice structure": "CUB(a=20.027)",
            "a": 20.026955,
            "b": 20.026955,
            "c": 20.026955,
            "Alpha": 90.0,
            "Beta": 90.0,
            "Gamma": 90.0,
            "Volume": 8032.389613906253,
            "Initial Temperature": 20,
            "Run time": 1000
        }
    ],
    "Simulation output": [
        {
            "Mean Square Displacement": 0.0020244079154855257,
            "Self diffusion coefficient": 4.217516490594845e-05,
            "Lindemann Criterion": 0.0160467499848684,
            "Specific Heat": 96.6266804102534,
            "Internal Temperature": 9.829981264921814,
            "Cohesive Energy": 0.039463404790929475,
            "Internal Pressure": 1.538205702852908e-07,
            "Bulk_modulus": 176.81493039633187,
            "Lattice constant": 0
        }
    ]
}