{
    "Simulation input": [
        {
            "Chemical formula": "Pd500",
            "Database": "ASE",
            "Potential": "EMT_Asap_Standard_JacobsenStoltzeNorskov_1996_AlAgAuCuNiPdPt__MO_115316750986_001",
            "Integrator": "Velocity-Verlet",
            "Lattice structure": "CUB(a=19.45)",
            "a": 19.45,
            "b": 19.45,
            "c": 19.45,
            "Alpha": 90.0,
            "Beta": 90.0,
            "Gamma": 90.0,
            "Volume": 7357.983625000011,
            "Initial Temperature": 1200,
            "Run time": 3000
        }
    ],
    "Simulation output": [
        {
            "Mean Square Displacement": 0.09107649640641889,
            "Self diffusion coefficient": 0.0005421220024191601,
            "Lindemann Criterion": 0.11667660904631283,
            "Specific Heat": 117.18018172860805,
            "Internal Temperature": 636.5703388355003,
            "Cohesive Energy": 3.8206551429364946,
            "Internal Pressure": -2.8544956493709914e-07,
            "Bulk_modulus": 169.05495514164974,
            "Lattice constant": 3.7486362256057384
        }
    ]
}