{
    "Simulation input": [
        {
            "Chemical formula": "Al125CuPt124",
            "Database": "Materials Project",
            "Potential": "EMT",
            "Integrator": "Velocity-Verlet",
            "Lattice structure": "CUB(a=15.4577)",
            "a": 15.457730000000002,
            "b": 15.457730000000002,
            "c": 15.457730000000002,
            "Alpha": 90.0,
            "Beta": 90.0,
            "Gamma": 90.0,
            "Volume": 3693.491905983805,
            "Initial Temperature": 300,
            "Run time": 1000
        }
    ],
    "Simulation output": [
        {
            "Mean Square Displacement": 1.508582309415577,
            "Self diffusion coefficient": 0.03142879811282452,
            "Lindemann Criterion": 0.48382050481068156,
            "Specific Heat": 112.84677017180319,
            "Internal Temperature": 467.68622601235296,
            "Cohesive Energy": 0.19125210985851854,
            "Internal Pressure": 5.754838799838077e-06,
            "Bulk_modulus": 114.28272329787796,
            "Lattice constant": 0
        }
    ]
}