{
    "Simulation input": [
        {
            "Chemical formula": "Al374CuPd125",
            "Database": "Materials Project",
            "Potential": "EMT",
            "Integrator": "Velocity-Verlet",
            "Lattice structure": "CUB(a=19.7345)",
            "a": 19.73455,
            "b": 19.73455,
            "c": 19.73455,
            "Alpha": 90.0,
            "Beta": 90.0,
            "Gamma": 90.0,
            "Volume": 7685.669117560159,
            "Initial Temperature": 300,
            "Run time": 1000
        }
    ],
    "Simulation output": [
        {
            "Mean Square Displacement": 0.041962276530109845,
            "Self diffusion coefficient": 0.0008742140943772884,
            "Lindemann Criterion": 0.07924875790203573,
            "Specific Heat": 265.81062699430476,
            "Internal Temperature": 196.08688156903824,
            "Cohesive Energy": 0.06733987278252095,
            "Internal Pressure": -1.0113257173355542e-06,
            "Bulk_modulus": 53.955182756635544,
            "Lattice constant": 0
        }
    ]
}