{
    "Simulation input": [
        {
            "Chemical formula": "Al2000Cu4500",
            "Database": "Materials Project",
            "Potential": "EMT",
            "Integrator": "Velocity-Verlet",
            "Lattice structure": "CUB(a=43.5073)",
            "a": 43.50731,
            "b": 43.50731,
            "c": 43.50731,
            "Alpha": 90.0,
            "Beta": 90.0,
            "Gamma": 90.0,
            "Volume": 82354.37901630164,
            "Initial Temperature": 300,
            "Run time": 1000
        }
    ],
    "Simulation output": [
        {
            "Mean Square Displacement": 0.0998260202886091,
            "Self diffusion coefficient": 0.0020797087560126895,
            "Lindemann Criterion": 0.12739526620706543,
            "Specific Heat": 238.45913377679761,
            "Internal Temperature": 177.94014531641034,
            "Cohesive Energy": 0.17029754981753734,
            "Internal Pressure": -5.5176734036337945e-08,
            "Bulk_modulus": 78.20242131155062,
            "Lattice constant": 8.701462
        }
    ]
}