{
    "Simulation input": [
        {
            "Chemical formula": "Al1999AuCu4500",
            "Database": "Materials Project",
            "Potential": "EMT",
            "Integrator": "Velocity-Verlet",
            "Lattice structure": "CUB(a=43.5073)",
            "a": 43.50731,
            "b": 43.50731,
            "c": 43.50731,
            "Alpha": 90.0,
            "Beta": 90.0,
            "Gamma": 90.0,
            "Volume": 82354.37901630164,
            "Initial Temperature": 300,
            "Run time": 1000
        }
    ],
    "Simulation output": [
        {
            "Mean Square Displacement": 0.12740525274393946,
            "Self diffusion coefficient": 0.002654276098832072,
            "Lindemann Criterion": 0.14334494226801098,
            "Specific Heat": 238.33994628014068,
            "Internal Temperature": 207.5092892579856,
            "Cohesive Energy": 0.1747834283848184,
            "Internal Pressure": -1.8261900978489254e-06,
            "Bulk_modulus": 78.02688877587666,
            "Lattice constant": 0
        }
    ]
}