{
    "Simulation input": [
        {
            "Chemical formula": "Al499Au",
            "Database": "ASE",
            "Potential": "EMT_Asap_Standard_JacobsenStoltzeNorskov_1996_AlAgAuCuNiPdPt__MO_115316750986_001",
            "Integrator": "Velocity-Verlet",
            "Lattice structure": "CUB(a=20.25)",
            "a": 20.25,
            "b": 20.25,
            "c": 20.25,
            "Alpha": 90.0,
            "Beta": 90.0,
            "Gamma": 90.0,
            "Volume": 8303.765624999998,
            "Initial Temperature": 600,
            "Run time": 3000
        }
    ],
    "Simulation output": [
        {
            "Mean Square Displacement": 0.1643839900630026,
            "Self diffusion coefficient": 0.0009784761313273965,
            "Lindemann Criterion": 0.1611444638471842,
            "Specific Heat": 456.42849155696086,
            "Internal Temperature": 385.97807331801516,
            "Cohesive Energy": 3.2278863878181507,
            "Internal Pressure": 2.531147774879048e-07,
            "Bulk_modulus": 34.50579419940749,
            "Lattice constant": 3.9156921639693607
        }
    ]
}