{
    "Simulation input": [
        {
            "Chemical formula": "AlCu125Pd124",
            "Database": "Materials Project",
            "Potential": "EMT",
            "Integrator": "Velocity-Verlet",
            "Lattice structure": "CUB(a=15.0907)",
            "a": 15.090655,
            "b": 15.090655,
            "c": 15.090655,
            "Alpha": 90.0,
            "Beta": 90.0,
            "Gamma": 90.0,
            "Volume": 3436.562694838742,
            "Initial Temperature": 300,
            "Run time": 1000
        }
    ],
    "Simulation output": [
        {
            "Mean Square Displacement": 0.08440860850825538,
            "Self diffusion coefficient": 0.0017585126772553205,
            "Lindemann Criterion": 0.11216520117321935,
            "Specific Heat": 147.28965480301397,
            "Internal Temperature": 160.3228127445518,
            "Cohesive Energy": 0.013346333463721535,
            "Internal Pressure": 3.1541516396729133e-06,
            "Bulk_modulus": 144.49356993295658,
            "Lattice constant": 0
        }
    ]
}