{
    "Simulation input": [
        {
            "Chemical formula": "Ni125",
            "Database": "Materials Project",
            "Potential": "EMT",
            "Integrator": "Velocity-Verlet",
            "Lattice structure": "FCC(a=17.529)",
            "a": 12.3948677,
            "b": 12.394867699999999,
            "c": 12.394867699999999,
            "Alpha": 59.999999999999986,
            "Beta": 59.999999999999986,
            "Gamma": 59.999999999999986,
            "Volume": 1346.513428418923,
            "Initial Temperature": 300,
            "Run time": 1000
        }
    ],
    "Simulation output": [
        {
            "Mean Square Displacement": 0.00911897119217227,
            "Self diffusion coefficient": 0.00018997856650358896,
            "Lindemann Criterion": 0.0395492473804842,
            "Specific Heat": 212.4653657158604,
            "Internal Temperature": 129.33144319555262,
            "Cohesive Energy": 0.014222354433804549,
            "Internal Pressure": 3.620106420450761e-06,
            "Bulk_modulus": 168.20094794022657,
            "Lattice constant": 2.47897354
        }
    ]
}