{
    "Simulation input": [
        {
            "Chemical formula": "Al4000Ni3000",
            "Database": "Materials Project",
            "Potential": "EMT",
            "Integrator": "Velocity-Verlet",
            "Lattice structure": "BCC(a=62.3898)",
            "a": 54.03118067597681,
            "b": 54.031180675976806,
            "c": 54.03118067597682,
            "Alpha": 109.47122062999999,
            "Beta": 109.47122063,
            "Gamma": 109.47122063,
            "Volume": 121425.94233586383,
            "Initial Temperature": 300,
            "Run time": 1000
        }
    ],
    "Simulation output": [
        {
            "Mean Square Displacement": 4.402281146405353,
            "Self diffusion coefficient": 0.09171419055011153,
            "Lindemann Criterion": 0.8308048863657103,
            "Specific Heat": 307.36004091380295,
            "Internal Temperature": 1510.703027782904,
            "Cohesive Energy": 0.5257811243763187,
            "Internal Pressure": 3.1737663923386866e-06,
            "Bulk_modulus": 50.61547633593541,
            "Lattice constant": 10.806236135195363
        }
    ]
}