{
    "Simulation input": [
        {
            "Chemical formula": "Al375Cu125",
            "Database": "Materials Project",
            "Potential": "EMT",
            "Integrator": "Velocity-Verlet",
            "Lattice structure": "CUB(a=19.7562)",
            "a": 19.756175725510452,
            "b": 19.756175725510452,
            "c": 19.756175725510452,
            "Alpha": 90.0,
            "Beta": 90.0,
            "Gamma": 90.0,
            "Volume": 7710.9633918017535,
            "Initial Temperature": 300,
            "Run time": 1000
        }
    ],
    "Simulation output": [
        {
            "Mean Square Displacement": 0.04008338514827609,
            "Self diffusion coefficient": 0.0008350705239224186,
            "Lindemann Criterion": 0.07502511047388175,
            "Specific Heat": 345.22144936275106,
            "Internal Temperature": 152.48648310747637,
            "Cohesive Energy": 0.09821966021272412,
            "Internal Pressure": -1.358219728593403e-06,
            "Bulk_modulus": 46.09624362409044,
            "Lattice constant": 3.9512351451020904
        }
    ]
}