{
    "Simulation input": [
        {
            "Chemical formula": "AgAl499",
            "Database": "ASE",
            "Potential": "EMT_Asap_Standard_JacobsenStoltzeNorskov_1996_AlAgAuCuNiPdPt__MO_115316750986_001",
            "Integrator": "Velocity-Verlet",
            "Lattice structure": "CUB(a=20.25)",
            "a": 20.25,
            "b": 20.25,
            "c": 20.25,
            "Alpha": 90.0,
            "Beta": 90.0,
            "Gamma": 90.0,
            "Volume": 8303.765624999998,
            "Initial Temperature": 300,
            "Run time": 3000
        }
    ],
    "Simulation output": [
        {
            "Mean Square Displacement": 0.1195687941184229,
            "Self diffusion coefficient": 0.0007117190126096601,
            "Lindemann Criterion": 0.1223957776239301,
            "Specific Heat": 459.42495966869114,
            "Internal Temperature": 217.24293700939415,
            "Cohesive Energy": 3.2480240475957034,
            "Internal Pressure": 5.33669569920063e-07,
            "Bulk_modulus": 35.08401949480313,
            "Lattice constant": 3.9156921639693607
        }
    ]
}