{
    "Simulation input": [
        {
            "Chemical formula": "Au125Cu374Pt",
            "Database": "Materials Project",
            "Potential": "EMT",
            "Integrator": "Velocity-Verlet",
            "Lattice structure": "CUB(a=18.8696)",
            "a": 18.869575,
            "b": 18.869575,
            "c": 18.869575,
            "Alpha": 90.0,
            "Beta": 90.0,
            "Gamma": 90.0,
            "Volume": 6718.717115177602,
            "Initial Temperature": 300,
            "Run time": 1000
        }
    ],
    "Simulation output": [
        {
            "Mean Square Displacement": 0.05151737631332017,
            "Self diffusion coefficient": 0.0010732786731941703,
            "Lindemann Criterion": 0.0904176711767975,
            "Specific Heat": 128.3426671889739,
            "Internal Temperature": 318.6890948653282,
            "Cohesive Energy": 0.0451714454164223,
            "Internal Pressure": -1.697712798092122e-05,
            "Bulk_modulus": 130.9955072815449,
            "Lattice constant": 0
        }
    ]
}