{
    "Simulation input": [
        {
            "Chemical formula": "PdPt499",
            "Database": "ASE",
            "Potential": "EMT_Asap_Standard_JacobsenStoltzeNorskov_1996_AlAgAuCuNiPdPt__MO_115316750986_001",
            "Integrator": "Velocity-Verlet",
            "Lattice structure": "CUB(a=19.6)",
            "a": 19.6,
            "b": 19.6,
            "c": 19.6,
            "Alpha": 90.0,
            "Beta": 90.0,
            "Gamma": 90.0,
            "Volume": 7529.536000000013,
            "Initial Temperature": 600,
            "Run time": 3000
        }
    ],
    "Simulation output": [
        {
            "Mean Square Displacement": 0.048541995656156474,
            "Self diffusion coefficient": 0.00028894045033426473,
            "Lindemann Criterion": 0.085637115163464,
            "Specific Heat": 63.980954636374534,
            "Internal Temperature": 518.5367509098822,
            "Cohesive Energy": 5.769979356616692,
            "Internal Pressure": -9.919377036236553e-06,
            "Bulk_modulus": 268.8003781215663,
            "Lattice constant": 3.763694624804003
        }
    ]
}