{
    "Simulation input": [
        {
            "Chemical formula": "CuPt499",
            "Database": "ASE",
            "Potential": "EMT_Asap_Standard_JacobsenStoltzeNorskov_1996_AlAgAuCuNiPdPt__MO_115316750986_001",
            "Integrator": "Velocity-Verlet",
            "Lattice structure": "CUB(a=19.6)",
            "a": 19.6,
            "b": 19.6,
            "c": 19.6,
            "Alpha": 90.0,
            "Beta": 90.0,
            "Gamma": 90.0,
            "Volume": 7529.536000000013,
            "Initial Temperature": 300,
            "Run time": 3000
        }
    ],
    "Simulation output": [
        {
            "Mean Square Displacement": 0.021097894657198565,
            "Self diffusion coefficient": 0.0001255827062928486,
            "Lindemann Criterion": 0.05560305090893454,
            "Specific Heat": 64.00911505561497,
            "Internal Temperature": 203.5049946609075,
            "Cohesive Energy": 5.811359386521739,
            "Internal Pressure": -5.366506836661045e-06,
            "Bulk_modulus": 274.804450155344,
            "Lattice constant": 3.763694624804003
        }
    ]
}