{
    "Simulation input": [
        {
            "Chemical formula": "Al499Au",
            "Database": "ASE",
            "Potential": "EMT_Asap_Standard_JacobsenStoltzeNorskov_1996_AlAgAuCuNiPdPt__MO_115316750986_001",
            "Integrator": "Velocity-Verlet",
            "Lattice structure": "CUB(a=20.25)",
            "a": 20.25,
            "b": 20.25,
            "c": 20.25,
            "Alpha": 90.0,
            "Beta": 90.0,
            "Gamma": 90.0,
            "Volume": 8303.765624999998,
            "Initial Temperature": 1200,
            "Run time": 3000
        }
    ],
    "Simulation output": [
        {
            "Mean Square Displacement": 0.2480843819626387,
            "Self diffusion coefficient": 0.0014766927497776115,
            "Lindemann Criterion": 0.19310150976382645,
            "Specific Heat": 456.42849155697155,
            "Internal Temperature": 651.8790619988749,
            "Cohesive Energy": 3.192133042157643,
            "Internal Pressure": -5.217046112034608e-07,
            "Bulk_modulus": 33.513685483889766,
            "Lattice constant": 3.9156921639693607
        }
    ]
}