{
    "Simulation input": [
        {
            "Chemical formula": "AuCu124Pt875",
            "Database": "Materials Project",
            "Potential": "EMT",
            "Integrator": "Velocity-Verlet",
            "Lattice structure": "FCC(a=39.3945)",
            "a": 27.856103949999998,
            "b": 27.85610395,
            "c": 27.856103949999998,
            "Alpha": 59.99999999999999,
            "Beta": 59.99999999999999,
            "Gamma": 60.00000000000001,
            "Volume": 15284.320131081178,
            "Initial Temperature": 300,
            "Run time": 1000
        }
    ],
    "Simulation output": [
        {
            "Mean Square Displacement": 0.09622607579716257,
            "Self diffusion coefficient": 0.0020047099124408867,
            "Lindemann Criterion": 0.1196514931588857,
            "Specific Heat": 69.75417725672537,
            "Internal Temperature": 481.78554647278,
            "Cohesive Energy": 0.04897513133271354,
            "Internal Pressure": -6.894669885433924e-06,
            "Bulk_modulus": 248.16250415443866,
            "Lattice constant": 0
        }
    ]
}