{
    "Simulation input": [
        {
            "Chemical formula": "AgPd499",
            "Database": "ASE",
            "Potential": "EMT_Asap_Standard_JacobsenStoltzeNorskov_1996_AlAgAuCuNiPdPt__MO_115316750986_001",
            "Integrator": "Velocity-Verlet",
            "Lattice structure": "CUB(a=19.45)",
            "a": 19.45,
            "b": 19.45,
            "c": 19.45,
            "Alpha": 90.0,
            "Beta": 90.0,
            "Gamma": 90.0,
            "Volume": 7357.983625000011,
            "Initial Temperature": 1100,
            "Run time": 3000
        }
    ],
    "Simulation output": [
        {
            "Mean Square Displacement": 0.1252758665013142,
            "Self diffusion coefficient": 0.0007456896815554417,
            "Lindemann Criterion": 0.1408083924567061,
            "Specific Heat": 117.17699255886589,
            "Internal Temperature": 770.4460965937631,
            "Cohesive Energy": 3.7922992928219457,
            "Internal Pressure": -7.888044615160014e-07,
            "Bulk_modulus": 166.16144727450921,
            "Lattice constant": 3.7486362256057384
        }
    ]
}