{
    "Simulation input": [
        {
            "Chemical formula": "Ni124PdPt375",
            "Database": "Materials Project",
            "Potential": "EMT",
            "Integrator": "Velocity-Verlet",
            "Lattice structure": "CUB(a=19.3952)",
            "a": 19.3952,
            "b": 19.3952,
            "c": 19.3952,
            "Alpha": 90.0,
            "Beta": 90.0,
            "Gamma": 90.0,
            "Volume": 7295.965756817409,
            "Initial Temperature": 300,
            "Run time": 1000
        }
    ],
    "Simulation output": [
        {
            "Mean Square Displacement": 0.07200536324568753,
            "Self diffusion coefficient": 0.001500111734285157,
            "Lindemann Criterion": 0.10961330178200963,
            "Specific Heat": 77.41603754981209,
            "Internal Temperature": 366.9539877127365,
            "Cohesive Energy": 0.018919264714822904,
            "Internal Pressure": -5.3441043050950526e-05,
            "Bulk_modulus": 239.5846309782403,
            "Lattice constant": 0
        }
    ]
}