{
    "Simulation input": [
        {
            "Chemical formula": "Al500",
            "Database": "ASE",
            "Potential": "EMT_Asap_Standard_JacobsenStoltzeNorskov_1996_AlAgAuCuNiPdPt__MO_115316750986_001",
            "Integrator": "Velocity-Verlet",
            "Lattice structure": "CUB(a=20.25)",
            "a": 20.25,
            "b": 20.25,
            "c": 20.25,
            "Alpha": 90.0,
            "Beta": 90.0,
            "Gamma": 90.0,
            "Volume": 8303.765624999998,
            "Initial Temperature": 600,
            "Run time": 3000
        }
    ],
    "Simulation output": [
        {
            "Mean Square Displacement": 0.19345051048523657,
            "Self diffusion coefficient": 0.0011514911338406939,
            "Lindemann Criterion": 0.16159051432517754,
            "Specific Heat": 462.17953581695394,
            "Internal Temperature": 321.3624170730982,
            "Cohesive Energy": 3.2351232186325936,
            "Internal Pressure": -1.2155569985999218e-07,
            "Bulk_modulus": 34.61869536758604,
            "Lattice constant": 3.9156921639693607
        }
    ]
}