{
    "Simulation input": [
        {
            "Chemical formula": "Au375Cu124Ni",
            "Database": "Materials Project",
            "Potential": "EMT",
            "Integrator": "Velocity-Verlet",
            "Lattice structure": "CUB(a=20.2664)",
            "a": 20.26643,
            "b": 20.26643,
            "c": 20.26643,
            "Alpha": 90.0,
            "Beta": 90.0,
            "Gamma": 90.0,
            "Volume": 8323.994009212862,
            "Initial Temperature": 300,
            "Run time": 1000
        }
    ],
    "Simulation output": [
        {
            "Mean Square Displacement": 0.06599734163937462,
            "Self diffusion coefficient": 0.0013749446174869714,
            "Lindemann Criterion": 0.09832514436388985,
            "Specific Heat": 76.22361676373872,
            "Internal Temperature": 218.2894511678696,
            "Cohesive Energy": 0.07655897243181672,
            "Internal Pressure": -3.7109231819746207e-06,
            "Bulk_modulus": 156.1113585986257,
            "Lattice constant": 0
        }
    ]
}