{
    "Simulation input": [
        {
            "Chemical formula": "Al499Au",
            "Database": "ASE",
            "Potential": "EMT_Asap_Standard_JacobsenStoltzeNorskov_1996_AlAgAuCuNiPdPt__MO_115316750986_001",
            "Integrator": "Velocity-Verlet",
            "Lattice structure": "CUB(a=20.25)",
            "a": 20.25,
            "b": 20.25,
            "c": 20.25,
            "Alpha": 90.0,
            "Beta": 90.0,
            "Gamma": 90.0,
            "Volume": 8303.765624999998,
            "Initial Temperature": 1100,
            "Run time": 3000
        }
    ],
    "Simulation output": [
        {
            "Mean Square Displacement": 0.3324893808441665,
            "Self diffusion coefficient": 0.001979103457405753,
            "Lindemann Criterion": 0.2307752337860522,
            "Specific Heat": 456.4284915569365,
            "Internal Temperature": 613.0566717369398,
            "Cohesive Energy": 3.197416084195254,
            "Internal Pressure": -1.5717332348865427e-07,
            "Bulk_modulus": 33.69001423420742,
            "Lattice constant": 3.9156921639693607
        }
    ]
}