{
    "Simulation input": [
        {
            "Chemical formula": "Al125Cu125",
            "Database": "Materials Project",
            "Potential": "EMT",
            "Integrator": "Langevin",
            "Lattice structure": "CUB(a=14.9875)",
            "a": 14.987545,
            "b": 14.987545,
            "c": 14.987545,
            "Alpha": 90.0,
            "Beta": 90.0,
            "Gamma": 90.0,
            "Volume": 3366.5998537840187,
            "Initial Temperature": 300,
            "Run time": 1000
        }
    ],
    "Simulation output": [
        {
            "Mean Square Displacement": 0.06461075728017227,
            "Self diffusion coefficient": 0.0013460574433369222,
            "Lindemann Criterion": 0.10126911438112796,
            "Specific Heat": 197237860906.03992,
            "Internal Temperature": 46.262824862208326,
            "Cohesive Energy": 0.17247142962766537,
            "Internal Pressure": -3.4635519590445757e-07,
            "Bulk_modulus": 60.24271536840105,
            "Lattice constant": 0
        }
    ]
}