{
    "Simulation input": [
        {
            "Chemical formula": "CuNi499",
            "Database": "ASE",
            "Potential": "EMT_Asap_Standard_JacobsenStoltzeNorskov_1996_AlAgAuCuNiPdPt__MO_115316750986_001",
            "Integrator": "Velocity-Verlet",
            "Lattice structure": "CUB(a=17.6)",
            "a": 17.6,
            "b": 17.6,
            "c": 17.6,
            "Alpha": 90.0,
            "Beta": 90.0,
            "Gamma": 90.0,
            "Volume": 5451.776,
            "Initial Temperature": 400,
            "Run time": 3000
        }
    ],
    "Simulation output": [
        {
            "Mean Square Displacement": 0.02654257000339404,
            "Self diffusion coefficient": 0.0001579914881154407,
            "Lindemann Criterion": 0.06703858575318022,
            "Specific Heat": 212.43024363146426,
            "Internal Temperature": 327.3244722012355,
            "Cohesive Energy": 4.392144822152636,
            "Internal Pressure": 6.015615487306051e-06,
            "Bulk_modulus": 164.46101222799822,
            "Lattice constant": 3.4914114204442335
        }
    ]
}