{
    "Simulation input": [
        {
            "Chemical formula": "Pt124",
            "Database": "Materials Project",
            "Potential": "EMT",
            "Integrator": "Velocity-Verlet",
            "Lattice structure": "FCC(a=19.8838)",
            "a": 14.060005149999999,
            "b": 14.060005149999999,
            "c": 14.060005149999999,
            "Alpha": 59.999999999999986,
            "Beta": 59.99999999999999,
            "Gamma": 59.99999999999999,
            "Volume": 1965.356961751065,
            "Initial Temperature": 300,
            "Run time": 1000
        }
    ],
    "Simulation output": [
        {
            "Mean Square Displacement": 0.04832749489469863,
            "Self diffusion coefficient": 0.0010068228103062215,
            "Lindemann Criterion": 0.08345230732497246,
            "Specific Heat": 63.92279578709846,
            "Internal Temperature": 465.251462164562,
            "Cohesive Energy": 0.08712047360179989,
            "Internal Pressure": -5.342801287073184e-06,
            "Bulk_modulus": 266.92515132468276,
            "Lattice constant": 0
        }
    ]
}