{
    "Simulation input": [
        {
            "Chemical formula": "AgAl1999Cu4500",
            "Database": "Materials Project",
            "Potential": "EMT",
            "Integrator": "Velocity-Verlet",
            "Lattice structure": "CUB(a=43.5073)",
            "a": 43.50731,
            "b": 43.50731,
            "c": 43.50731,
            "Alpha": 90.0,
            "Beta": 90.0,
            "Gamma": 90.0,
            "Volume": 82354.37901630164,
            "Initial Temperature": 300,
            "Run time": 1000
        }
    ],
    "Simulation output": [
        {
            "Mean Square Displacement": 0.12030083193628319,
            "Self diffusion coefficient": 0.0025062673320058997,
            "Lindemann Criterion": 0.1401076492725018,
            "Specific Heat": 238.4024040457111,
            "Internal Temperature": 199.4269339510104,
            "Cohesive Energy": 0.17365151101500886,
            "Internal Pressure": -1.3891255201045273e-06,
            "Bulk_modulus": 77.99789623889515,
            "Lattice constant": 0
        }
    ]
}