{
    "Simulation input": [
        {
            "Chemical formula": "AgPt124",
            "Database": "Materials Project",
            "Potential": "EMT",
            "Integrator": "Velocity-Verlet",
            "Lattice structure": "FCC(a=19.8838)",
            "a": 14.060005149999999,
            "b": 14.060005149999999,
            "c": 14.060005149999999,
            "Alpha": 59.999999999999986,
            "Beta": 59.99999999999999,
            "Gamma": 59.99999999999999,
            "Volume": 1965.356961751065,
            "Initial Temperature": 300,
            "Run time": 1000
        }
    ],
    "Simulation output": [
        {
            "Mean Square Displacement": 0.022240022469270107,
            "Self diffusion coefficient": 0.0004633338014431272,
            "Lindemann Criterion": 0.055924231681641186,
            "Specific Heat": 64.15223907614696,
            "Internal Temperature": 158.65283836870972,
            "Cohesive Energy": 0.041650712671002746,
            "Internal Pressure": -5.227480449205467e-06,
            "Bulk_modulus": 275.2866640597257,
            "Lattice constant": 2.81200103
        }
    ]
}