{
    "Simulation input": [
        {
            "Chemical formula": "Ag124AuPt375",
            "Database": "Materials Project",
            "Potential": "EMT",
            "Integrator": "Velocity-Verlet",
            "Lattice structure": "CUB(a=20.0342)",
            "a": 20.03422,
            "b": 20.03422,
            "c": 20.03422,
            "Alpha": 90.0,
            "Beta": 90.0,
            "Gamma": 90.0,
            "Volume": 8041.134300575908,
            "Initial Temperature": 300,
            "Run time": 1000
        }
    ],
    "Simulation output": [
        {
            "Mean Square Displacement": 0.06161062815862667,
            "Self diffusion coefficient": 0.0012835547533047223,
            "Lindemann Criterion": 0.0922677218844327,
            "Specific Heat": 71.89231506659456,
            "Internal Temperature": 381.3603375308165,
            "Cohesive Energy": 0.11343023871672427,
            "Internal Pressure": -3.600720403234062e-05,
            "Bulk_modulus": 211.71250123531274,
            "Lattice constant": 0
        }
    ]
}