{
    "Simulation input": [
        {
            "Chemical formula": "Al124Pd",
            "Database": "Materials Project",
            "Potential": "EMT",
            "Integrator": "Velocity-Verlet",
            "Lattice structure": "BCC(a=16.1025)",
            "a": 13.94517405,
            "b": 13.945174050000002,
            "c": 13.945174049999999,
            "Alpha": 109.47122063,
            "Beta": 109.47122063,
            "Gamma": 109.47122062999999,
            "Volume": 2087.6126823078234,
            "Initial Temperature": 300,
            "Run time": 1000
        }
    ],
    "Simulation output": [
        {
            "Mean Square Displacement": 0.14523746996422637,
            "Self diffusion coefficient": 0.003025780624254716,
            "Lindemann Criterion": 0.14349106669229125,
            "Specific Heat": 451.5441153522826,
            "Internal Temperature": 172.65214326706666,
            "Cohesive Energy": 0.04253581074807964,
            "Internal Pressure": 1.1944569055378098e-06,
            "Bulk_modulus": 35.75958003705317,
            "Lattice constant": 2.78903481
        }
    ]
}