{
    "Simulation input": [
        {
            "Chemical formula": "Al249Au125Ni",
            "Database": "Materials Project",
            "Potential": "EMT",
            "Integrator": "Velocity-Verlet",
            "Lattice structure": "FCC(a=30.3168)",
            "a": 21.4372007,
            "b": 21.4372007,
            "c": 21.437200699999998,
            "Alpha": 59.999999999999986,
            "Beta": 59.999999999999986,
            "Gamma": 59.99999999999999,
            "Volume": 6966.092291278917,
            "Initial Temperature": 300,
            "Run time": 1000
        }
    ],
    "Simulation output": [
        {
            "Mean Square Displacement": 3.0891944767528026,
            "Self diffusion coefficient": 0.06435821826568339,
            "Lindemann Criterion": 0.7100888705672922,
            "Specific Heat": 148.93879740619926,
            "Internal Temperature": 796.7334719866172,
            "Cohesive Energy": 0.24993086562759195,
            "Internal Pressure": 6.395398891660509e-07,
            "Bulk_modulus": 51.98371150923753,
            "Lattice constant": 0
        }
    ]
}