{
    "Simulation input": [
        {
            "Chemical formula": "Pt125",
            "Database": "Materials Project",
            "Potential": "EMT",
            "Integrator": "Velocity-Verlet",
            "Lattice structure": "FCC(a=16.4452)",
            "a": 11.628514707131352,
            "b": 11.62851470713135,
            "c": 11.62851470713135,
            "Alpha": 59.99999999999999,
            "Beta": 59.99999999999999,
            "Gamma": 59.99999999999999,
            "Volume": 1111.879547387285,
            "Initial Temperature": 300,
            "Run time": 1000
        }
    ],
    "Simulation output": [
        {
            "Mean Square Displacement": 0.12405811536668863,
            "Self diffusion coefficient": 0.0025845440701393464,
            "Lindemann Criterion": 0.13314300208839852,
            "Specific Heat": 63.9227957433506,
            "Internal Temperature": 210.22418195043338,
            "Cohesive Energy": 0.22984142281292783,
            "Internal Pressure": -9.8729945255752e-07,
            "Bulk_modulus": null,
            "Lattice constant": 2.9071286767828375
        }
    ]
}