{
    "Simulation input": [
        {
            "Chemical formula": "AgPt499",
            "Database": "ASE",
            "Potential": "EMT_Asap_Standard_JacobsenStoltzeNorskov_1996_AlAgAuCuNiPdPt__MO_115316750986_001",
            "Integrator": "Velocity-Verlet",
            "Lattice structure": "CUB(a=19.6)",
            "a": 19.6,
            "b": 19.6,
            "c": 19.6,
            "Alpha": 90.0,
            "Beta": 90.0,
            "Gamma": 90.0,
            "Volume": 7529.536000000013,
            "Initial Temperature": 400,
            "Run time": 3000
        }
    ],
    "Simulation output": [
        {
            "Mean Square Displacement": 0.07188637668644388,
            "Self diffusion coefficient": 0.0004278950993240707,
            "Lindemann Criterion": 0.10369326358517417,
            "Specific Heat": 63.9800038649896,
            "Internal Temperature": 450.5683904060158,
            "Cohesive Energy": 5.774400077184217,
            "Internal Pressure": -1.344628853667058e-05,
            "Bulk_modulus": 269.68644393958823,
            "Lattice constant": 3.763694624804003
        }
    ]
}