{
    "Simulation input": [
        {
            "Chemical formula": "AgAl125Pd124",
            "Database": "Materials Project",
            "Potential": "EMT",
            "Integrator": "Velocity-Verlet",
            "Lattice structure": "CUB(a=15.3878)",
            "a": 15.387830000000001,
            "b": 15.387830000000001,
            "c": 15.387830000000001,
            "Alpha": 90.0,
            "Beta": 90.0,
            "Gamma": 90.0,
            "Volume": 3643.612129228699,
            "Initial Temperature": 300,
            "Run time": 1000
        }
    ],
    "Simulation output": [
        {
            "Mean Square Displacement": 0.8407404250973851,
            "Self diffusion coefficient": 0.01751542552286219,
            "Lindemann Criterion": 0.36163034466763033,
            "Specific Heat": 186.9428504660499,
            "Internal Temperature": 260.4842458621521,
            "Cohesive Energy": 0.1725846606885533,
            "Internal Pressure": 5.272247674977767e-06,
            "Bulk_modulus": 78.28332006270381,
            "Lattice constant": 0
        }
    ]
}