{
    "Simulation input": [
        {
            "Chemical formula": "Al125AuPt124",
            "Database": "Materials Project",
            "Potential": "EMT",
            "Integrator": "Velocity-Verlet",
            "Lattice structure": "CUB(a=15.4577)",
            "a": 15.457730000000002,
            "b": 15.457730000000002,
            "c": 15.457730000000002,
            "Alpha": 90.0,
            "Beta": 90.0,
            "Gamma": 90.0,
            "Volume": 3693.491905983805,
            "Initial Temperature": 300,
            "Run time": 1000
        }
    ],
    "Simulation output": [
        {
            "Mean Square Displacement": 0.26602366254358695,
            "Self diffusion coefficient": 0.005542159636324728,
            "Lindemann Criterion": 0.19829724056290549,
            "Specific Heat": 112.30440593453741,
            "Internal Temperature": 220.92760377138146,
            "Cohesive Energy": 0.22147796481613727,
            "Internal Pressure": 2.051301257053831e-06,
            "Bulk_modulus": 101.12865273940378,
            "Lattice constant": 0
        }
    ]
}