{
    "Simulation input": [
        {
            "Chemical formula": "Au499Cu",
            "Database": "ASE",
            "Potential": "EMT_Asap_Standard_JacobsenStoltzeNorskov_1996_AlAgAuCuNiPdPt__MO_115316750986_001",
            "Integrator": "Velocity-Verlet",
            "Lattice structure": "CUB(a=20.4)",
            "a": 20.4,
            "b": 20.4,
            "c": 20.4,
            "Alpha": 90.0,
            "Beta": 90.0,
            "Gamma": 90.0,
            "Volume": 8489.664,
            "Initial Temperature": 1200,
            "Run time": 3000
        }
    ],
    "Simulation output": [
        {
            "Mean Square Displacement": 0.1499462562178672,
            "Self diffusion coefficient": 0.0008925372393920666,
            "Lindemann Criterion": 0.147676804927074,
            "Specific Heat": 63.39772339850641,
            "Internal Temperature": 645.405393716454,
            "Cohesive Energy": 3.7143350042659775,
            "Internal Pressure": -2.7360707193074803e-06,
            "Bulk_modulus": 165.0073997647752,
            "Lattice constant": 3.8073118842989633
        }
    ]
}