{
    "Simulation input": [
        {
            "Chemical formula": "Al499Pt",
            "Database": "ASE",
            "Potential": "EMT_Asap_Standard_JacobsenStoltzeNorskov_1996_AlAgAuCuNiPdPt__MO_115316750986_001",
            "Integrator": "Velocity-Verlet",
            "Lattice structure": "CUB(a=20.25)",
            "a": 20.25,
            "b": 20.25,
            "c": 20.25,
            "Alpha": 90.0,
            "Beta": 90.0,
            "Gamma": 90.0,
            "Volume": 8303.765624999998,
            "Initial Temperature": 800,
            "Run time": 3000
        }
    ],
    "Simulation output": [
        {
            "Mean Square Displacement": 0.195739769235494,
            "Self diffusion coefficient": 0.0011651176740207975,
            "Lindemann Criterion": 0.1702036244780312,
            "Specific Heat": 456.4913999834427,
            "Internal Temperature": 489.12854445601903,
            "Cohesive Energy": 3.218471014139947,
            "Internal Pressure": 3.3753394358254446e-07,
            "Bulk_modulus": 34.288610635838,
            "Lattice constant": 3.9156921639693607
        }
    ]
}