{
    "Simulation input": [
        {
            "Chemical formula": "AlPd499",
            "Database": "ASE",
            "Potential": "EMT_Asap_Standard_JacobsenStoltzeNorskov_1996_AlAgAuCuNiPdPt__MO_115316750986_001",
            "Integrator": "Velocity-Verlet",
            "Lattice structure": "CUB(a=19.45)",
            "a": 19.45,
            "b": 19.45,
            "c": 19.45,
            "Alpha": 90.0,
            "Beta": 90.0,
            "Gamma": 90.0,
            "Volume": 7357.983625000011,
            "Initial Temperature": 1000,
            "Run time": 3000
        }
    ],
    "Simulation output": [
        {
            "Mean Square Displacement": 0.08041914134853036,
            "Self diffusion coefficient": 0.00047868536516982354,
            "Lindemann Criterion": 0.11367298165214779,
            "Specific Heat": 117.35538434429085,
            "Internal Temperature": 579.4728139246652,
            "Cohesive Energy": 3.816816625144914,
            "Internal Pressure": 1.0872621923262165e-06,
            "Bulk_modulus": 168.48391598159648,
            "Lattice constant": 3.7486362256057384
        }
    ]
}