{
    "Simulation input": [
        {
            "Chemical formula": "AlNi499",
            "Database": "ASE",
            "Potential": "EMT_Asap_Standard_JacobsenStoltzeNorskov_1996_AlAgAuCuNiPdPt__MO_115316750986_001",
            "Integrator": "Velocity-Verlet",
            "Lattice structure": "CUB(a=17.6)",
            "a": 17.6,
            "b": 17.6,
            "c": 17.6,
            "Alpha": 90.0,
            "Beta": 90.0,
            "Gamma": 90.0,
            "Volume": 5451.776,
            "Initial Temperature": 400,
            "Run time": 3000
        }
    ],
    "Simulation output": [
        {
            "Mean Square Displacement": 0.060506817051834125,
            "Self diffusion coefficient": 0.0003601596253085365,
            "Lindemann Criterion": 0.10651594395435152,
            "Specific Heat": 212.695206981456,
            "Internal Temperature": 355.2036317190145,
            "Cohesive Energy": 4.386404758087854,
            "Internal Pressure": 7.5683924842404655e-06,
            "Bulk_modulus": 163.55907661433667,
            "Lattice constant": 3.4914114204442335
        }
    ]
}