{
    "Simulation input": [
        {
            "Chemical formula": "Ag124Cu",
            "Database": "Materials Project",
            "Potential": "EMT",
            "Integrator": "Velocity-Verlet",
            "Lattice structure": "FCC(a=16.6422)",
            "a": 11.767806800000002,
            "b": 11.7678068,
            "c": 11.7678068,
            "Alpha": 59.999999999999986,
            "Beta": 59.99999999999999,
            "Gamma": 59.99999999999999,
            "Volume": 1152.3159974732619,
            "Initial Temperature": 300,
            "Run time": 1000
        }
    ],
    "Simulation output": [
        {
            "Mean Square Displacement": 0.03339427757666202,
            "Self diffusion coefficient": 0.0006957141161804586,
            "Lindemann Criterion": 0.0657589665072219,
            "Specific Heat": 115.98822938139716,
            "Internal Temperature": 153.88432321133376,
            "Cohesive Energy": 0.04613725331512059,
            "Internal Pressure": -2.116790817643539e-06,
            "Bulk_modulus": null,
            "Lattice constant": 0
        }
    ]
}