{
    "Simulation input": [
        {
            "Chemical formula": "AgAl125Cu124",
            "Database": "Materials Project",
            "Potential": "EMT",
            "Integrator": "Velocity-Verlet",
            "Lattice structure": "CUB(a=14.9875)",
            "a": 14.987545,
            "b": 14.987545,
            "c": 14.987545,
            "Alpha": 90.0,
            "Beta": 90.0,
            "Gamma": 90.0,
            "Volume": 3366.5998537840187,
            "Initial Temperature": 300,
            "Run time": 1000
        }
    ],
    "Simulation output": [
        {
            "Mean Square Displacement": 0.3517037367516344,
            "Self diffusion coefficient": 0.007327161182325717,
            "Lindemann Criterion": 0.24220367203867768,
            "Specific Heat": 274.42835639310897,
            "Internal Temperature": 193.435074925372,
            "Cohesive Energy": 0.18492087077453961,
            "Internal Pressure": 8.894462292398732e-07,
            "Bulk_modulus": 60.76131805182802,
            "Lattice constant": 0
        }
    ]
}