{
    "Simulation input": [
        {
            "Chemical formula": "Al250Cu125",
            "Database": "Materials Project",
            "Potential": "EMT",
            "Integrator": "Velocity-Verlet",
            "Lattice structure": "FCC(a=28.8455)",
            "a": 20.396884,
            "b": 20.396884000000004,
            "c": 20.396884,
            "Alpha": 59.99999999999999,
            "Beta": 59.999999999999986,
            "Gamma": 59.99999999999999,
            "Volume": 6000.3485727212665,
            "Initial Temperature": 300,
            "Run time": 1000
        }
    ],
    "Simulation output": [
        {
            "Mean Square Displacement": 3.4623099882930752,
            "Self diffusion coefficient": 0.07213145808943906,
            "Lindemann Criterion": 0.7297834276024723,
            "Specific Heat": 318.36642481461234,
            "Internal Temperature": 980.1479815904231,
            "Cohesive Energy": 0.3362485883020153,
            "Internal Pressure": 2.8056650522274452e-06,
            "Bulk_modulus": 42.56676515256665,
            "Lattice constant": 0
        }
    ]
}