{
    "Simulation input": [
        {
            "Chemical formula": "Ag499Ni",
            "Database": "ASE",
            "Potential": "EMT_Asap_Standard_JacobsenStoltzeNorskov_1996_AlAgAuCuNiPdPt__MO_115316750986_001",
            "Integrator": "Velocity-Verlet",
            "Lattice structure": "CUB(a=20.45)",
            "a": 20.45,
            "b": 20.45,
            "c": 20.45,
            "Alpha": 90.0,
            "Beta": 90.0,
            "Gamma": 90.0,
            "Volume": 8552.241125000002,
            "Initial Temperature": 1000,
            "Run time": 3000
        }
    ],
    "Simulation output": [
        {
            "Mean Square Displacement": 0.11921831175898362,
            "Self diffusion coefficient": 0.0007096328080891882,
            "Lindemann Criterion": 0.12896653912095943,
            "Specific Heat": 115.71246404511338,
            "Internal Temperature": 579.3873559203041,
            "Cohesive Energy": 2.8815085714513504,
            "Internal Pressure": -3.3325740736008885e-06,
            "Bulk_modulus": 90.03868656780718,
            "Lattice constant": 3.8347786021727415
        }
    ]
}