{
    "Simulation input": [
        {
            "Chemical formula": "Au375Ni124Pt",
            "Database": "Materials Project",
            "Potential": "EMT",
            "Integrator": "Velocity-Verlet",
            "Lattice structure": "CUB(a=20.1408)",
            "a": 20.14084,
            "b": 20.14084,
            "c": 20.14084,
            "Alpha": 90.0,
            "Beta": 90.0,
            "Gamma": 90.0,
            "Volume": 8170.200948024946,
            "Initial Temperature": 300,
            "Run time": 1000
        }
    ],
    "Simulation output": [
        {
            "Mean Square Displacement": 0.09896893764166965,
            "Self diffusion coefficient": 0.0020618528675347843,
            "Lindemann Criterion": 0.11696993747886786,
            "Specific Heat": 76.65970260580859,
            "Internal Temperature": 352.1975595736684,
            "Cohesive Energy": 0.15010446752099252,
            "Internal Pressure": -5.042653578871327e-06,
            "Bulk_modulus": 159.418684733482,
            "Lattice constant": 0
        }
    ]
}