{
    "Simulation input": [
        {
            "Chemical formula": "AgPd499",
            "Database": "ASE",
            "Potential": "EMT_Asap_Standard_JacobsenStoltzeNorskov_1996_AlAgAuCuNiPdPt__MO_115316750986_001",
            "Integrator": "Velocity-Verlet",
            "Lattice structure": "CUB(a=19.45)",
            "a": 19.45,
            "b": 19.45,
            "c": 19.45,
            "Alpha": 90.0,
            "Beta": 90.0,
            "Gamma": 90.0,
            "Volume": 7357.983625000011,
            "Initial Temperature": 1200,
            "Run time": 3000
        }
    ],
    "Simulation output": [
        {
            "Mean Square Displacement": 0.16568894286576924,
            "Self diffusion coefficient": 0.0009862437075343407,
            "Lindemann Criterion": 0.15718600359897422,
            "Specific Heat": 117.17699255888449,
            "Internal Temperature": 751.8768371030526,
            "Cohesive Energy": 3.7948764354644595,
            "Internal Pressure": 9.736570332157954e-07,
            "Bulk_modulus": 166.0537602690304,
            "Lattice constant": 3.7486362256057384
        }
    ]
}