{
    "Simulation input": [
        {
            "Chemical formula": "Au375Cu124Ni",
            "Database": "Materials Project",
            "Potential": "EMT",
            "Integrator": "Velocity-Verlet",
            "Lattice structure": "CUB(a=20.2664)",
            "a": 20.26643,
            "b": 20.26643,
            "c": 20.26643,
            "Alpha": 90.0,
            "Beta": 90.0,
            "Gamma": 90.0,
            "Volume": 8323.994009212862,
            "Initial Temperature": 300,
            "Run time": 1000
        }
    ],
    "Simulation output": [
        {
            "Mean Square Displacement": 0.08331004881963558,
            "Self diffusion coefficient": 0.0017356260170757413,
            "Lindemann Criterion": 0.10695709826687519,
            "Specific Heat": 76.22361676388294,
            "Internal Temperature": 215.46291580669313,
            "Cohesive Energy": 0.07603807348802147,
            "Internal Pressure": -4.872806736253201e-06,
            "Bulk_modulus": 156.13969121788458,
            "Lattice constant": 4.053286
        }
    ]
}