{
    "Simulation input": [
        {
            "Chemical formula": "Al374Cu125Ni",
            "Database": "Materials Project",
            "Potential": "EMT",
            "Integrator": "Velocity-Verlet",
            "Lattice structure": "CUB(a=19.6208)",
            "a": 19.620755000000003,
            "b": 19.620755000000003,
            "c": 19.620755000000003,
            "Alpha": 90.0,
            "Beta": 90.0,
            "Gamma": 90.0,
            "Volume": 7553.481060618106,
            "Initial Temperature": 300,
            "Run time": 1000
        }
    ],
    "Simulation output": [
        {
            "Mean Square Displacement": 0.058698452364181995,
            "Self diffusion coefficient": 0.0012228844242537916,
            "Lindemann Criterion": 0.09194196674080095,
            "Specific Heat": 344.61637605613726,
            "Internal Temperature": 200.14169412920305,
            "Cohesive Energy": 0.11032843592723988,
            "Internal Pressure": -2.1835842976906726e-06,
            "Bulk_modulus": 46.13849216155235,
            "Lattice constant": 0
        }
    ]
}