{
    "Simulation input": [
        {
            "Chemical formula": "Al125Pd375",
            "Database": "Materials Project",
            "Potential": "EMT",
            "Integrator": "Langevin",
            "Lattice structure": "CUB(a=19.5469)",
            "a": 19.54693,
            "b": 19.54693,
            "c": 19.54693,
            "Alpha": 90.0,
            "Beta": 90.0,
            "Gamma": 90.0,
            "Volume": 7468.539342716455,
            "Initial Temperature": 300,
            "Run time": 1000
        }
    ],
    "Simulation output": [
        {
            "Mean Square Displacement": 0.0041112208623867285,
            "Self diffusion coefficient": 8.565043463305685e-05,
            "Lindemann Criterion": 0.023728642882280996,
            "Specific Heat": 37308513459.724525,
            "Internal Temperature": 31.783691121591986,
            "Cohesive Energy": 0.048914414004588624,
            "Internal Pressure": -8.226609590517957e-07,
            "Bulk_modulus": 115.25619614691199,
            "Lattice constant": 0
        }
    ]
}