{
    "Simulation input": [
        {
            "Chemical formula": "Al125Au125",
            "Database": "Materials Project",
            "Potential": "EMT",
            "Integrator": "Langevin",
            "Lattice structure": "CUB(a=16.1197)",
            "a": 16.11971,
            "b": 16.11971,
            "c": 16.11971,
            "Alpha": 90.0,
            "Beta": 90.0,
            "Gamma": 90.0,
            "Volume": 4188.626858739057,
            "Initial Temperature": 300,
            "Run time": 1000
        }
    ],
    "Simulation output": [
        {
            "Mean Square Displacement": 0.12376137015982866,
            "Self diffusion coefficient": 0.0034378158377730184,
            "Lindemann Criterion": 0.12921662831834702,
            "Specific Heat": 1318182736.255674,
            "Internal Temperature": 66.70487269208597,
            "Cohesive Energy": 0.035877706927642465,
            "Internal Pressure": -1.286816881500685e-06,
            "Bulk_modulus": 76.67243545398122,
            "Lattice constant": 0
        }
    ]
}