{
    "Simulation input": [
        {
            "Chemical formula": "Ni125",
            "Database": "Materials Project",
            "Potential": "EMT",
            "Integrator": "Velocity-Verlet",
            "Lattice structure": "FCC(a=18.2055)",
            "a": 12.87321335550288,
            "b": 12.87321335550288,
            "c": 12.87321335550288,
            "Alpha": 59.99999999999999,
            "Beta": 59.99999999999999,
            "Gamma": 59.99999999999999,
            "Volume": 1508.50204608357,
            "Initial Temperature": 300,
            "Run time": 1000
        }
    ],
    "Simulation output": [
        {
            "Mean Square Displacement": 0.010786008447903565,
            "Self diffusion coefficient": 0.00022470850933132427,
            "Lindemann Criterion": 0.041661752361906425,
            "Specific Heat": 212.4653657243115,
            "Internal Temperature": 156.70170387730667,
            "Cohesive Energy": 0.10309572933294602,
            "Internal Pressure": 2.1366861297047176e-06,
            "Bulk_modulus": 169.05850608826557,
            "Lattice constant": 2.574642671100576
        }
    ]
}