{
    "Simulation input": [
        {
            "Chemical formula": "Au125Pd375",
            "Database": "Materials Project",
            "Potential": "EMT",
            "Integrator": "Velocity-Verlet",
            "Lattice structure": "CUB(a=19.8728)",
            "a": 19.87282503712361,
            "b": 19.87282503712361,
            "c": 19.87282503712361,
            "Alpha": 90.0,
            "Beta": 90.0,
            "Gamma": 90.0,
            "Volume": 7848.358395958685,
            "Initial Temperature": 300,
            "Run time": 1000
        }
    ],
    "Simulation output": [
        {
            "Mean Square Displacement": 0.0284868205010772,
            "Self diffusion coefficient": 0.000593475427105775,
            "Lindemann Criterion": 0.06107650070022245,
            "Specific Heat": 96.62668041101773,
            "Internal Temperature": 149.9030400595496,
            "Cohesive Energy": 0.03921903142109689,
            "Internal Pressure": 2.2476795178359706e-07,
            "Bulk_modulus": 173.2521119292603,
            "Lattice constant": 3.9745650074247223
        }
    ]
}