{
    "Simulation input": [
        {
            "Chemical formula": "Al1999Cu4500Ni",
            "Database": "Materials Project",
            "Potential": "EMT",
            "Integrator": "Velocity-Verlet",
            "Lattice structure": "CUB(a=43.5073)",
            "a": 43.50731,
            "b": 43.50731,
            "c": 43.50731,
            "Alpha": 90.0,
            "Beta": 90.0,
            "Gamma": 90.0,
            "Volume": 82354.37901630164,
            "Initial Temperature": 300,
            "Run time": 1000
        }
    ],
    "Simulation output": [
        {
            "Mean Square Displacement": 0.10797090222531652,
            "Self diffusion coefficient": 0.002249393796360761,
            "Lindemann Criterion": 0.13271784045084117,
            "Specific Heat": 238.43688949607548,
            "Internal Temperature": 200.58504830472086,
            "Cohesive Energy": 0.17320449209625072,
            "Internal Pressure": -1.6262369344052755e-06,
            "Bulk_modulus": 78.09941097253045,
            "Lattice constant": 0
        }
    ]
}