{
    "Simulation input": [
        {
            "Chemical formula": "Au499Cu",
            "Database": "ASE",
            "Potential": "EMT_Asap_Standard_JacobsenStoltzeNorskov_1996_AlAgAuCuNiPdPt__MO_115316750986_001",
            "Integrator": "Velocity-Verlet",
            "Lattice structure": "CUB(a=20.4)",
            "a": 20.4,
            "b": 20.4,
            "c": 20.4,
            "Alpha": 90.0,
            "Beta": 90.0,
            "Gamma": 90.0,
            "Volume": 8489.664,
            "Initial Temperature": 600,
            "Run time": 3000
        }
    ],
    "Simulation output": [
        {
            "Mean Square Displacement": 0.07839465944998619,
            "Self diffusion coefficient": 0.00046663487767848924,
            "Lindemann Criterion": 0.10268978627632416,
            "Specific Heat": 63.39772339852155,
            "Internal Temperature": 349.9429332665878,
            "Cohesive Energy": 3.7484997101693476,
            "Internal Pressure": -3.7991170234628385e-07,
            "Bulk_modulus": 169.6191164926037,
            "Lattice constant": 3.8073118842989633
        }
    ]
}