{
    "Simulation input": [
        {
            "Chemical formula": "Pt124",
            "Database": "Materials Project",
            "Potential": "EMT",
            "Integrator": "Velocity-Verlet",
            "Lattice structure": "FCC(a=19.8838)",
            "a": 14.060005149999999,
            "b": 14.060005149999999,
            "c": 14.060005149999999,
            "Alpha": 59.999999999999986,
            "Beta": 59.99999999999999,
            "Gamma": 59.99999999999999,
            "Volume": 1965.356961751065,
            "Initial Temperature": 300,
            "Run time": 1000
        }
    ],
    "Simulation output": [
        {
            "Mean Square Displacement": 0.04338818105627095,
            "Self diffusion coefficient": 0.0009039204386723115,
            "Lindemann Criterion": 0.07603176516377287,
            "Specific Heat": 63.92279577759126,
            "Internal Temperature": 479.40560554479987,
            "Cohesive Energy": 0.0885640003220292,
            "Internal Pressure": -3.404671931242575e-06,
            "Bulk_modulus": 266.80970394455005,
            "Lattice constant": 2.81200103
        }
    ]
}