{
    "Simulation input": [
        {
            "Chemical formula": "Au499Pd",
            "Database": "ASE",
            "Potential": "EMT_Asap_Standard_JacobsenStoltzeNorskov_1996_AlAgAuCuNiPdPt__MO_115316750986_001",
            "Integrator": "Velocity-Verlet",
            "Lattice structure": "CUB(a=20.4)",
            "a": 20.4,
            "b": 20.4,
            "c": 20.4,
            "Alpha": 90.0,
            "Beta": 90.0,
            "Gamma": 90.0,
            "Volume": 8489.664,
            "Initial Temperature": 500,
            "Run time": 3000
        }
    ],
    "Simulation output": [
        {
            "Mean Square Displacement": 0.09062288345609003,
            "Self diffusion coefficient": 0.0005394219253338692,
            "Lindemann Criterion": 0.11250465668864407,
            "Specific Heat": 63.37009825005567,
            "Internal Temperature": 373.40040058383926,
            "Cohesive Energy": 3.7450221005353845,
            "Internal Pressure": 2.885544976625057e-07,
            "Bulk_modulus": 169.29397647463028,
            "Lattice constant": 3.8073118842989633
        }
    ]
}