{
    "Simulation input": [
        {
            "Chemical formula": "Al125Ni375",
            "Database": "Materials Project",
            "Potential": "EMT",
            "Integrator": "Velocity-Verlet",
            "Lattice structure": "FCC(a=30.2222)",
            "a": 21.370332504742173,
            "b": 21.37033250474217,
            "c": 21.37033250474217,
            "Alpha": 59.999999999999986,
            "Beta": 59.999999999999986,
            "Gamma": 59.999999999999986,
            "Volume": 6901.1082636031815,
            "Initial Temperature": 300,
            "Run time": 1000
        }
    ],
    "Simulation output": [
        {
            "Mean Square Displacement": 0.18749198112893875,
            "Self diffusion coefficient": 0.003906082940186224,
            "Lindemann Criterion": 0.17916364368556237,
            "Specific Heat": 245.645782758266,
            "Internal Temperature": 439.51055166344355,
            "Cohesive Energy": 0.37464471446678604,
            "Internal Pressure": -1.7383187223037285e-06,
            "Bulk_modulus": 97.46308298614552,
            "Lattice constant": 4.274066500948434
        }
    ]
}