{
    "Simulation input": [
        {
            "Chemical formula": "Ag124Au375Pt",
            "Database": "Materials Project",
            "Potential": "EMT",
            "Integrator": "Velocity-Verlet",
            "Lattice structure": "CUB(a=20.8511)",
            "a": 20.851065000000002,
            "b": 20.851065000000002,
            "c": 20.851065000000002,
            "Alpha": 90.0,
            "Beta": 90.0,
            "Gamma": 90.0,
            "Volume": 9065.353134334478,
            "Initial Temperature": 300,
            "Run time": 1000
        }
    ],
    "Simulation output": [
        {
            "Mean Square Displacement": 0.05822558253761603,
            "Self diffusion coefficient": 0.0012130329695336673,
            "Lindemann Criterion": 0.08937268418803838,
            "Specific Heat": 71.313381701569,
            "Internal Temperature": 152.93143259365368,
            "Cohesive Energy": 0.06784397305169246,
            "Internal Pressure": -1.7501379457149588e-06,
            "Bulk_modulus": 149.86973446945572,
            "Lattice constant": 0
        }
    ]
}