{
    "Simulation input": [
        {
            "Chemical formula": "NiPd499",
            "Database": "ASE",
            "Potential": "EMT_Asap_Standard_JacobsenStoltzeNorskov_1996_AlAgAuCuNiPdPt__MO_115316750986_001",
            "Integrator": "Velocity-Verlet",
            "Lattice structure": "CUB(a=19.45)",
            "a": 19.45,
            "b": 19.45,
            "c": 19.45,
            "Alpha": 90.0,
            "Beta": 90.0,
            "Gamma": 90.0,
            "Volume": 7357.983625000011,
            "Initial Temperature": 900,
            "Run time": 3000
        }
    ],
    "Simulation output": [
        {
            "Mean Square Displacement": 0.06943829382490088,
            "Self diffusion coefficient": 0.0004133231775291719,
            "Lindemann Criterion": 0.10548936317197562,
            "Specific Heat": 117.28538060937292,
            "Internal Temperature": 548.067891093205,
            "Cohesive Energy": 3.824319845373128,
            "Internal Pressure": 1.6586231736618575e-06,
            "Bulk_modulus": 169.30421342686358,
            "Lattice constant": 3.7486362256057384
        }
    ]
}