{
    "Simulation input": [
        {
            "Chemical formula": "Ni125",
            "Database": "Materials Project",
            "Potential": "EMT",
            "Integrator": "Velocity-Verlet",
            "Lattice structure": "BCC(a=13.9511)",
            "a": 12.081972350000001,
            "b": 12.081972350000001,
            "c": 12.08197235,
            "Alpha": 109.47122063,
            "Beta": 109.47122063,
            "Gamma": 109.47122063,
            "Volume": 1357.6618725644803,
            "Initial Temperature": 300,
            "Run time": 1000
        }
    ],
    "Simulation output": [
        {
            "Mean Square Displacement": 0.22061228153000645,
            "Self diffusion coefficient": 0.004596089198541801,
            "Lindemann Criterion": 0.20350737456340498,
            "Specific Heat": 212.46536547462955,
            "Internal Temperature": 191.724554631905,
            "Cohesive Energy": 0.07441556113351154,
            "Internal Pressure": 2.53365710797374e-06,
            "Bulk_modulus": 164.14432179150197,
            "Lattice constant": 2.41639447
        }
    ]
}