{
    "Simulation input": [
        {
            "Chemical formula": "Ag125Pt375",
            "Database": "Materials Project",
            "Potential": "EMT",
            "Integrator": "Langevin",
            "Lattice structure": "CUB(a=20.0342)",
            "a": 20.03422,
            "b": 20.03422,
            "c": 20.03422,
            "Alpha": 90.0,
            "Beta": 90.0,
            "Gamma": 90.0,
            "Volume": 8041.134300575908,
            "Initial Temperature": 300,
            "Run time": 1000
        }
    ],
    "Simulation output": [
        {
            "Mean Square Displacement": 0.005648586525307368,
            "Self diffusion coefficient": 0.00011767888594390349,
            "Lindemann Criterion": 0.02712254122814614,
            "Specific Heat": 28888424629.531136,
            "Internal Temperature": 33.75004267802868,
            "Cohesive Energy": 0.06546240792053883,
            "Internal Pressure": -5.453351871831128e-07,
            "Bulk_modulus": 221.1056328625323,
            "Lattice constant": 0
        }
    ]
}