{
    "Simulation input": [
        {
            "Chemical formula": "AgAu499",
            "Database": "ASE",
            "Potential": "EMT_Asap_Standard_JacobsenStoltzeNorskov_1996_AlAgAuCuNiPdPt__MO_115316750986_001",
            "Integrator": "Velocity-Verlet",
            "Lattice structure": "CUB(a=20.4)",
            "a": 20.4,
            "b": 20.4,
            "c": 20.4,
            "Alpha": 90.0,
            "Beta": 90.0,
            "Gamma": 90.0,
            "Volume": 8489.664,
            "Initial Temperature": 400,
            "Run time": 3000
        }
    ],
    "Simulation output": [
        {
            "Mean Square Displacement": 0.08965794676073222,
            "Self diffusion coefficient": 0.000533678254528168,
            "Lindemann Criterion": 0.10964492987393923,
            "Specific Heat": 63.369165546814585,
            "Internal Temperature": 329.49183368171623,
            "Cohesive Energy": 3.74802468191429,
            "Internal Pressure": -6.239773741417727e-07,
            "Bulk_modulus": 169.63860053120862,
            "Lattice constant": 3.8073118842989633
        }
    ]
}