{
    "Simulation input": [
        {
            "Chemical formula": "Au500",
            "Database": "ASE",
            "Potential": "EMT_Asap_Standard_JacobsenStoltzeNorskov_1996_AlAgAuCuNiPdPt__MO_115316750986_001",
            "Integrator": "Velocity-Verlet",
            "Lattice structure": "CUB(a=20.4)",
            "a": 20.4,
            "b": 20.4,
            "c": 20.4,
            "Alpha": 90.0,
            "Beta": 90.0,
            "Gamma": 90.0,
            "Volume": 8489.664,
            "Initial Temperature": 400,
            "Run time": 3000
        }
    ],
    "Simulation output": [
        {
            "Mean Square Displacement": 0.09925445853218721,
            "Self diffusion coefficient": 0.0005908003484058762,
            "Lindemann Criterion": 0.11471969813410413,
            "Specific Heat": 63.31183511429477,
            "Internal Temperature": 362.3275048873817,
            "Cohesive Energy": 3.745878574393909,
            "Internal Pressure": -1.4894543619489738e-06,
            "Bulk_modulus": 168.8056426899531,
            "Lattice constant": 3.8073118842989633
        }
    ]
}