{
    "Simulation input": [
        {
            "Chemical formula": "Cu125Pt875",
            "Database": "Materials Project",
            "Potential": "EMT",
            "Integrator": "Velocity-Verlet",
            "Lattice structure": "FCC(a=40.7565)",
            "a": 28.81918401487404,
            "b": 28.81918401487404,
            "c": 28.819184014874036,
            "Alpha": 59.999999999999986,
            "Beta": 59.99999999999999,
            "Gamma": 59.99999999999999,
            "Volume": 16925.05319512713,
            "Initial Temperature": 300,
            "Run time": 1000
        }
    ],
    "Simulation output": [
        {
            "Mean Square Displacement": 0.18583700129590505,
            "Self diffusion coefficient": 0.0038716041936646887,
            "Lindemann Criterion": 0.1616161564623826,
            "Specific Heat": 69.806273933752,
            "Internal Temperature": 216.07461960214195,
            "Cohesive Energy": 0.18159281678828548,
            "Internal Pressure": 3.5458218363371755e-06,
            "Bulk_modulus": 232.85526857623654,
            "Lattice constant": 5.763836802974808
        }
    ]
}