{
    "Simulation input": [
        {
            "Chemical formula": "Au500",
            "Database": "ASE",
            "Potential": "EMT_Asap_Standard_JacobsenStoltzeNorskov_1996_AlAgAuCuNiPdPt__MO_115316750986_001",
            "Integrator": "Velocity-Verlet",
            "Lattice structure": "CUB(a=20.4)",
            "a": 20.4,
            "b": 20.4,
            "c": 20.4,
            "Alpha": 90.0,
            "Beta": 90.0,
            "Gamma": 90.0,
            "Volume": 8489.664,
            "Initial Temperature": 500,
            "Run time": 3000
        }
    ],
    "Simulation output": [
        {
            "Mean Square Displacement": 0.05586772139157961,
            "Self diffusion coefficient": 0.00033254596066416433,
            "Lindemann Criterion": 0.0858496804512583,
            "Specific Heat": 63.31183511431315,
            "Internal Temperature": 253.54281532195782,
            "Cohesive Energy": 3.7659391862979064,
            "Internal Pressure": 6.48583577233757e-07,
            "Bulk_modulus": 172.1281824391376,
            "Lattice constant": 3.8073118842991214
        }
    ]
}