{
    "Simulation input": [
        {
            "Chemical formula": "Al499Cu",
            "Database": "ASE",
            "Potential": "EMT_Asap_Standard_JacobsenStoltzeNorskov_1996_AlAgAuCuNiPdPt__MO_115316750986_001",
            "Integrator": "Velocity-Verlet",
            "Lattice structure": "CUB(a=20.25)",
            "a": 20.25,
            "b": 20.25,
            "c": 20.25,
            "Alpha": 90.0,
            "Beta": 90.0,
            "Gamma": 90.0,
            "Volume": 8303.765624999998,
            "Initial Temperature": 400,
            "Run time": 3000
        }
    ],
    "Simulation output": [
        {
            "Mean Square Displacement": 0.11036757220996052,
            "Self diffusion coefficient": 0.0006569498345830984,
            "Lindemann Criterion": 0.12333442927942204,
            "Specific Heat": 460.9302618503459,
            "Internal Temperature": 236.30569147850653,
            "Cohesive Energy": 3.246169394740259,
            "Internal Pressure": 4.768689869959083e-07,
            "Bulk_modulus": 35.06110148018727,
            "Lattice constant": 3.9156921639693607
        }
    ]
}