{
    "Simulation input": [
        {
            "Chemical formula": "CuPt124",
            "Database": "Materials Project",
            "Potential": "EMT",
            "Integrator": "Velocity-Verlet",
            "Lattice structure": "FCC(a=19.8838)",
            "a": 14.060005149999999,
            "b": 14.060005149999999,
            "c": 14.060005149999999,
            "Alpha": 59.999999999999986,
            "Beta": 59.99999999999999,
            "Gamma": 59.99999999999999,
            "Volume": 1965.356961751065,
            "Initial Temperature": 300,
            "Run time": 1000
        }
    ],
    "Simulation output": [
        {
            "Mean Square Displacement": 0.016207888852453764,
            "Self diffusion coefficient": 0.00033766435109278673,
            "Lindemann Criterion": 0.04731909136637039,
            "Specific Heat": 64.269472223461,
            "Internal Temperature": 146.42706255872903,
            "Cohesive Energy": 0.039345187182889534,
            "Internal Pressure": 7.555930782490412e-07,
            "Bulk_modulus": 276.3002495152403,
            "Lattice constant": 0
        }
    ]
}