{
    "Simulation input": [
        {
            "Chemical formula": "NiPd124",
            "Database": "Materials Project",
            "Potential": "EMT",
            "Integrator": "Velocity-Verlet",
            "Lattice structure": "FCC(a=19.7853)",
            "a": 13.990340999999999,
            "b": 13.990340999999999,
            "c": 13.990340999999999,
            "Alpha": 59.99999999999999,
            "Beta": 59.99999999999999,
            "Gamma": 59.99999999999999,
            "Volume": 1936.287770389967,
            "Initial Temperature": 300,
            "Run time": 1000
        }
    ],
    "Simulation output": [
        {
            "Mean Square Displacement": 0.01879009808943593,
            "Self diffusion coefficient": 0.0003914603768632485,
            "Lindemann Criterion": 0.050072782431860016,
            "Specific Heat": 117.60211132650896,
            "Internal Temperature": 153.0897991996579,
            "Cohesive Energy": 0.04947438261796093,
            "Internal Pressure": 2.4719155887869463e-06,
            "Bulk_modulus": 175.99186608832972,
            "Lattice constant": 0
        }
    ]
}