{
    "Simulation input": [
        {
            "Chemical formula": "AgPt499",
            "Database": "ASE",
            "Potential": "EMT_Asap_Standard_JacobsenStoltzeNorskov_1996_AlAgAuCuNiPdPt__MO_115316750986_001",
            "Integrator": "Velocity-Verlet",
            "Lattice structure": "CUB(a=19.6)",
            "a": 19.6,
            "b": 19.6,
            "c": 19.6,
            "Alpha": 90.0,
            "Beta": 90.0,
            "Gamma": 90.0,
            "Volume": 7529.536000000013,
            "Initial Temperature": 900,
            "Run time": 3000
        }
    ],
    "Simulation output": [
        {
            "Mean Square Displacement": 0.10944294487602581,
            "Self diffusion coefficient": 0.0006514461004525346,
            "Lindemann Criterion": 0.12412582663117962,
            "Specific Heat": 63.980003864995616,
            "Internal Temperature": 721.8180139324056,
            "Cohesive Energy": 5.742464744596791,
            "Internal Pressure": -9.534892799720549e-06,
            "Bulk_modulus": 265.31995729977433,
            "Lattice constant": 3.763694624804003
        }
    ]
}