{
    "Simulation input": [
        {
            "Chemical formula": "AuPd499",
            "Database": "ASE",
            "Potential": "EMT_Asap_Standard_JacobsenStoltzeNorskov_1996_AlAgAuCuNiPdPt__MO_115316750986_001",
            "Integrator": "Velocity-Verlet",
            "Lattice structure": "CUB(a=19.45)",
            "a": 19.45,
            "b": 19.45,
            "c": 19.45,
            "Alpha": 90.0,
            "Beta": 90.0,
            "Gamma": 90.0,
            "Volume": 7357.983625000011,
            "Initial Temperature": 800,
            "Run time": 3000
        }
    ],
    "Simulation output": [
        {
            "Mean Square Displacement": 0.09406521806866251,
            "Self diffusion coefficient": 0.0005599120123134674,
            "Lindemann Criterion": 0.12315327186159855,
            "Specific Heat": 116.98111691419133,
            "Internal Temperature": 627.6996205906172,
            "Cohesive Energy": 3.8116639957049805,
            "Internal Pressure": 2.905481860363226e-06,
            "Bulk_modulus": 168.73676531023293,
            "Lattice constant": 3.7486362256057384
        }
    ]
}