{
    "Simulation input": [
        {
            "Chemical formula": "Au375Pd124Pt",
            "Database": "Materials Project",
            "Potential": "EMT",
            "Integrator": "Velocity-Verlet",
            "Lattice structure": "CUB(a=20.5786)",
            "a": 20.578590000000002,
            "b": 20.578590000000002,
            "c": 20.578590000000002,
            "Alpha": 90.0,
            "Beta": 90.0,
            "Gamma": 90.0,
            "Volume": 8714.587675770497,
            "Initial Temperature": 300,
            "Run time": 1000
        }
    ],
    "Simulation output": [
        {
            "Mean Square Displacement": 0.12558162521344962,
            "Self diffusion coefficient": 0.0026162838586135336,
            "Lindemann Criterion": 0.1323922331917242,
            "Specific Heat": 71.4601518604116,
            "Internal Temperature": 331.34587848383535,
            "Cohesive Energy": 0.09458785962508749,
            "Internal Pressure": -8.433721197801229e-06,
            "Bulk_modulus": 164.58702015822763,
            "Lattice constant": 4.115718
        }
    ]
}