{
    "Simulation input": [
        {
            "Chemical formula": "CuNi374Pt125",
            "Database": "Materials Project",
            "Potential": "EMT",
            "Integrator": "Velocity-Verlet",
            "Lattice structure": "CUB(a=18.2425)",
            "a": 18.24251,
            "b": 18.24251,
            "c": 18.24251,
            "Alpha": 90.0,
            "Beta": 90.0,
            "Gamma": 90.0,
            "Volume": 6070.909781685288,
            "Initial Temperature": 300,
            "Run time": 1000
        }
    ],
    "Simulation output": [
        {
            "Mean Square Displacement": 0.021914265134264213,
            "Self diffusion coefficient": 0.0004565471902971711,
            "Lindemann Criterion": 0.059525992220011446,
            "Specific Heat": 134.37730004076462,
            "Internal Temperature": 240.3712310924496,
            "Cohesive Energy": 0.06388388616532105,
            "Internal Pressure": 9.209370531338989e-07,
            "Bulk_modulus": 183.17626187349668,
            "Lattice constant": 0
        }
    ]
}