{
    "Simulation input": [
        {
            "Chemical formula": "Ag124CuPt375",
            "Database": "Materials Project",
            "Potential": "EMT",
            "Integrator": "Velocity-Verlet",
            "Lattice structure": "CUB(a=20.0342)",
            "a": 20.03422,
            "b": 20.03422,
            "c": 20.03422,
            "Alpha": 90.0,
            "Beta": 90.0,
            "Gamma": 90.0,
            "Volume": 8041.134300575908,
            "Initial Temperature": 300,
            "Run time": 1000
        }
    ],
    "Simulation output": [
        {
            "Mean Square Displacement": 0.03985060054308957,
            "Self diffusion coefficient": 0.0008302208446476994,
            "Lindemann Criterion": 0.0767649998680793,
            "Specific Heat": 72.00308169096951,
            "Internal Temperature": 232.79717030098823,
            "Cohesive Energy": 0.09371865149403832,
            "Internal Pressure": -1.905348644825238e-05,
            "Bulk_modulus": 214.98894257152998,
            "Lattice constant": 0
        }
    ]
}