{
    "Simulation input": [
        {
            "Chemical formula": "Pt500",
            "Database": "ASE",
            "Potential": "EMT_Asap_Standard_JacobsenStoltzeNorskov_1996_AlAgAuCuNiPdPt__MO_115316750986_001",
            "Integrator": "Velocity-Verlet",
            "Lattice structure": "CUB(a=19.6)",
            "a": 19.6,
            "b": 19.6,
            "c": 19.6,
            "Alpha": 90.0,
            "Beta": 90.0,
            "Gamma": 90.0,
            "Volume": 7529.536000000013,
            "Initial Temperature": 1100,
            "Run time": 3000
        }
    ],
    "Simulation output": [
        {
            "Mean Square Displacement": 0.05457832707752636,
            "Self diffusion coefficient": 0.0003248709945090855,
            "Lindemann Criterion": 0.09228358181607095,
            "Specific Heat": 63.92279704927862,
            "Internal Temperature": 578.185457469278,
            "Cohesive Energy": 5.778525948779824,
            "Internal Pressure": -1.6786135512496177e-06,
            "Bulk_modulus": 269.4780353628136,
            "Lattice constant": 3.763694624804003
        }
    ]
}