{
    "Simulation input": [
        {
            "Chemical formula": "Al124Cu375",
            "Database": "Materials Project",
            "Potential": "EMT",
            "Integrator": "Velocity-Verlet",
            "Lattice structure": "CUB(a=18.3574)",
            "a": 18.357405,
            "b": 18.357405,
            "c": 18.357405,
            "Alpha": 90.0,
            "Beta": 90.0,
            "Gamma": 90.0,
            "Volume": 6186.341184356621,
            "Initial Temperature": 300,
            "Run time": 1000
        }
    ],
    "Simulation output": [
        {
            "Mean Square Displacement": 0.061807357003043385,
            "Self diffusion coefficient": 0.0012876532708967373,
            "Lindemann Criterion": 0.10308155108779135,
            "Specific Heat": 228.9818450387161,
            "Internal Temperature": 570.9470763671331,
            "Cohesive Energy": 0.18955397748125002,
            "Internal Pressure": -2.256055097773147e-06,
            "Bulk_modulus": 82.02476337133825,
            "Lattice constant": 3.671481
        }
    ]
}