{
    "Simulation input": [
        {
            "Chemical formula": "Al125Cu124Pd",
            "Database": "Materials Project",
            "Potential": "EMT",
            "Integrator": "Velocity-Verlet",
            "Lattice structure": "CUB(a=14.9875)",
            "a": 14.987545,
            "b": 14.987545,
            "c": 14.987545,
            "Alpha": 90.0,
            "Beta": 90.0,
            "Gamma": 90.0,
            "Volume": 3366.5998537840187,
            "Initial Temperature": 300,
            "Run time": 1000
        }
    ],
    "Simulation output": [
        {
            "Mean Square Displacement": 0.1956461909273396,
            "Self diffusion coefficient": 0.004075962310986242,
            "Lindemann Criterion": 0.17625314288357133,
            "Specific Heat": 274.4633449226747,
            "Internal Temperature": 170.0613968758502,
            "Cohesive Energy": 0.18619523174590377,
            "Internal Pressure": 4.044831740326784e-07,
            "Bulk_modulus": 60.33524702621036,
            "Lattice constant": 0
        }
    ]
}