{
    "Simulation input": [
        {
            "Chemical formula": "Al125Ni375",
            "Database": "Materials Project",
            "Potential": "EMT",
            "Integrator": "Langevin",
            "Lattice structure": "FCC(a=28.2878)",
            "a": 20.0025235,
            "b": 20.0025235,
            "c": 20.002523499999995,
            "Alpha": 59.999999999999986,
            "Beta": 59.999999999999986,
            "Gamma": 59.99999999999999,
            "Volume": 5658.99578043211,
            "Initial Temperature": 300,
            "Run time": 1000
        }
    ],
    "Simulation output": [
        {
            "Mean Square Displacement": 0.022331625965653877,
            "Self diffusion coefficient": 0.0004652422076177891,
            "Lindemann Criterion": 0.061739044525674254,
            "Specific Heat": 1812473282379.3364,
            "Internal Temperature": 35.91140586906201,
            "Cohesive Energy": 0.30903869613552776,
            "Internal Pressure": 3.3068246508828306e-07,
            "Bulk_modulus": 104.57269933378367,
            "Lattice constant": 4.0005047
        }
    ]
}