{
    "Simulation input": [
        {
            "Chemical formula": "AgAl249Cu125",
            "Database": "Materials Project",
            "Potential": "EMT",
            "Integrator": "Velocity-Verlet",
            "Lattice structure": "FCC(a=28.8455)",
            "a": 20.396884,
            "b": 20.396884000000004,
            "c": 20.396884,
            "Alpha": 59.99999999999999,
            "Beta": 59.999999999999986,
            "Gamma": 59.99999999999999,
            "Volume": 6000.3485727212665,
            "Initial Temperature": 300,
            "Run time": 1000
        }
    ],
    "Simulation output": [
        {
            "Mean Square Displacement": 3.528782350750607,
            "Self diffusion coefficient": 0.07351629897397098,
            "Lindemann Criterion": 0.7504465311149694,
            "Specific Heat": 316.62286141083626,
            "Internal Temperature": 1031.5525198886057,
            "Cohesive Energy": 0.32836902624854447,
            "Internal Pressure": -2.514143177647508e-06,
            "Bulk_modulus": 42.82328880685455,
            "Lattice constant": 0
        }
    ]
}