{
    "Simulation input": [
        {
            "Chemical formula": "Ag125Au375",
            "Database": "Materials Project",
            "Potential": "EMT",
            "Integrator": "Velocity-Verlet",
            "Lattice structure": "CUB(a=20.8511)",
            "a": 20.851065000000002,
            "b": 20.851065000000002,
            "c": 20.851065000000002,
            "Alpha": 90.0,
            "Beta": 90.0,
            "Gamma": 90.0,
            "Volume": 9065.353134334478,
            "Initial Temperature": 300,
            "Run time": 3000
        }
    ],
    "Simulation output": [
        {
            "Mean Square Displacement": 0.07017433847994387,
            "Self diffusion coefficient": 0.0004177043957139516,
            "Lindemann Criterion": 0.0930746522198053,
            "Specific Heat": 71.38458887211868,
            "Internal Temperature": 158.15657922375587,
            "Cohesive Energy": 0.06802450885355299,
            "Internal Pressure": 7.273702161839176e-07,
            "Bulk_modulus": 149.05396626785662,
            "Lattice constant": 3.7486362256057384
        }
    ]
}