{
    "Simulation input": [
        {
            "Chemical formula": "NiPd499",
            "Database": "ASE",
            "Potential": "EMT_Asap_Standard_JacobsenStoltzeNorskov_1996_AlAgAuCuNiPdPt__MO_115316750986_001",
            "Integrator": "Velocity-Verlet",
            "Lattice structure": "CUB(a=19.45)",
            "a": 19.45,
            "b": 19.45,
            "c": 19.45,
            "Alpha": 90.0,
            "Beta": 90.0,
            "Gamma": 90.0,
            "Volume": 7357.983625000011,
            "Initial Temperature": 300,
            "Run time": 3000
        }
    ],
    "Simulation output": [
        {
            "Mean Square Displacement": 0.028683658712815224,
            "Self diffusion coefficient": 0.00017073606376675728,
            "Lindemann Criterion": 0.0653415757846728,
            "Specific Heat": 117.28538060937146,
            "Internal Temperature": 211.89809152636406,
            "Cohesive Energy": 3.8657334378430455,
            "Internal Pressure": -2.2867914248665134e-07,
            "Bulk_modulus": 174.7386014948999,
            "Lattice constant": 3.7486362256057384
        }
    ]
}