{
    "Simulation input": [
        {
            "Chemical formula": "AuNi124Pt375",
            "Database": "Materials Project",
            "Potential": "EMT",
            "Integrator": "Velocity-Verlet",
            "Lattice structure": "CUB(a=19.3952)",
            "a": 19.3952,
            "b": 19.3952,
            "c": 19.3952,
            "Alpha": 90.0,
            "Beta": 90.0,
            "Gamma": 90.0,
            "Volume": 7295.965756817409,
            "Initial Temperature": 300,
            "Run time": 1000
        }
    ],
    "Simulation output": [
        {
            "Mean Square Displacement": 0.09518909540775725,
            "Self diffusion coefficient": 0.001983106154328276,
            "Lindemann Criterion": 0.11586597631707829,
            "Specific Heat": 77.32910178426214,
            "Internal Temperature": 446.2198925175065,
            "Cohesive Energy": 0.027948117399409743,
            "Internal Pressure": -5.249876029425823e-05,
            "Bulk_modulus": 237.34633221053076,
            "Lattice constant": 0
        }
    ]
}