{
    "Simulation input": [
        {
            "Chemical formula": "Cu375Pt125",
            "Database": "Materials Project",
            "Potential": "EMT",
            "Integrator": "Langevin",
            "Lattice structure": "CUB(a=18.6144)",
            "a": 18.614425,
            "b": 18.614425,
            "c": 18.614425,
            "Alpha": 90.0,
            "Beta": 90.0,
            "Gamma": 90.0,
            "Volume": 6449.83903290044,
            "Initial Temperature": 300,
            "Run time": 1000
        }
    ],
    "Simulation output": [
        {
            "Mean Square Displacement": 0.004624304120794577,
            "Self diffusion coefficient": 9.633966918322035e-05,
            "Lindemann Criterion": 0.026349235688586502,
            "Specific Heat": 68084400243.34099,
            "Internal Temperature": 33.76107354490113,
            "Cohesive Energy": 0.08149533529468656,
            "Internal Pressure": 6.208480390817389e-07,
            "Bulk_modulus": 160.75695168443045,
            "Lattice constant": 0
        }
    ]
}