{
    "Simulation input": [
        {
            "Chemical formula": "Al124Cu125",
            "Database": "Materials Project",
            "Potential": "EMT",
            "Integrator": "Velocity-Verlet",
            "Lattice structure": "CUB(a=14.9875)",
            "a": 14.987545,
            "b": 14.987545,
            "c": 14.987545,
            "Alpha": 90.0,
            "Beta": 90.0,
            "Gamma": 90.0,
            "Volume": 3366.5998537840187,
            "Initial Temperature": 300,
            "Run time": 1000
        }
    ],
    "Simulation output": [
        {
            "Mean Square Displacement": 0.20502856772240832,
            "Self diffusion coefficient": 0.00427142849421684,
            "Lindemann Criterion": 0.18086671236073973,
            "Specific Heat": 275.0570638866109,
            "Internal Temperature": 517.114349703752,
            "Cohesive Energy": 0.23425696845236335,
            "Internal Pressure": -1.0334581837121001e-06,
            "Bulk_modulus": 58.48502765100214,
            "Lattice constant": 0
        }
    ]
}