{
    "Simulation input": [
        {
            "Chemical formula": "AlAu499",
            "Database": "ASE",
            "Potential": "EMT_Asap_Standard_JacobsenStoltzeNorskov_1996_AlAgAuCuNiPdPt__MO_115316750986_001",
            "Integrator": "Velocity-Verlet",
            "Lattice structure": "CUB(a=20.4)",
            "a": 20.4,
            "b": 20.4,
            "c": 20.4,
            "Alpha": 90.0,
            "Beta": 90.0,
            "Gamma": 90.0,
            "Volume": 8489.664,
            "Initial Temperature": 800,
            "Run time": 3000
        }
    ],
    "Simulation output": [
        {
            "Mean Square Displacement": 0.10206611316621934,
            "Self diffusion coefficient": 0.0006075363878941627,
            "Lindemann Criterion": 0.11995661633369395,
            "Specific Heat": 63.42130213740209,
            "Internal Temperature": 448.00294507437525,
            "Cohesive Energy": 3.7358900272552877,
            "Internal Pressure": -1.2430952448692622e-06,
            "Bulk_modulus": 167.39236508866017,
            "Lattice constant": 3.8073118842989633
        }
    ]
}