{
    "Simulation input": [
        {
            "Chemical formula": "Cu125Pd124Pt",
            "Database": "Materials Project",
            "Potential": "EMT",
            "Integrator": "Velocity-Verlet",
            "Lattice structure": "CUB(a=15.0907)",
            "a": 15.090655,
            "b": 15.090655,
            "c": 15.090655,
            "Alpha": 90.0,
            "Beta": 90.0,
            "Gamma": 90.0,
            "Volume": 3436.562694838742,
            "Initial Temperature": 300,
            "Run time": 1000
        }
    ],
    "Simulation output": [
        {
            "Mean Square Displacement": 0.06773393124749222,
            "Self diffusion coefficient": 0.001411123567656088,
            "Lindemann Criterion": 0.10225516948248176,
            "Specific Heat": 146.129100143641,
            "Internal Temperature": 159.77732997186757,
            "Cohesive Energy": 0.01433746078108811,
            "Internal Pressure": -2.134211754088298e-06,
            "Bulk_modulus": 145.94766068543552,
            "Lattice constant": 0
        }
    ]
}