{
    "Simulation input": [
        {
            "Chemical formula": "Al250Pt125",
            "Database": "Materials Project",
            "Potential": "EMT",
            "Integrator": "Velocity-Verlet",
            "Lattice structure": "FCC(a=29.7438)",
            "a": 21.032021450000002,
            "b": 21.032021450000002,
            "c": 21.03202145,
            "Alpha": 59.999999999999986,
            "Beta": 59.999999999999986,
            "Gamma": 59.99999999999999,
            "Volume": 6578.517741046045,
            "Initial Temperature": 300,
            "Run time": 1000
        }
    ],
    "Simulation output": [
        {
            "Mean Square Displacement": 5.025373233892344,
            "Self diffusion coefficient": 0.1046952757060905,
            "Lindemann Criterion": 0.9682380143646712,
            "Specific Heat": 150.21635742379848,
            "Internal Temperature": 1778.8979086474128,
            "Cohesive Energy": 0.34991836713988045,
            "Internal Pressure": -5.075042699452682e-06,
            "Bulk_modulus": 64.69444087716107,
            "Lattice constant": 4.20640429
        }
    ]
}