{
    "Simulation input": [
        {
            "Chemical formula": "AgPt499",
            "Database": "ASE",
            "Potential": "EMT_Asap_Standard_JacobsenStoltzeNorskov_1996_AlAgAuCuNiPdPt__MO_115316750986_001",
            "Integrator": "Velocity-Verlet",
            "Lattice structure": "CUB(a=19.6)",
            "a": 19.6,
            "b": 19.6,
            "c": 19.6,
            "Alpha": 90.0,
            "Beta": 90.0,
            "Gamma": 90.0,
            "Volume": 7529.536000000013,
            "Initial Temperature": 1200,
            "Run time": 3000
        }
    ],
    "Simulation output": [
        {
            "Mean Square Displacement": 0.16042499814800354,
            "Self diffusion coefficient": 0.0009549107032619258,
            "Lindemann Criterion": 0.15473465651314122,
            "Specific Heat": 63.980003864996185,
            "Internal Temperature": 828.2454405905163,
            "Cohesive Energy": 5.730229736887939,
            "Internal Pressure": -1.1666580327785292e-05,
            "Bulk_modulus": 263.24806485959516,
            "Lattice constant": 3.763694624804003
        }
    ]
}