{
    "Simulation input": [
        {
            "Chemical formula": "Al249Pd125",
            "Database": "Materials Project",
            "Potential": "EMT",
            "Integrator": "Velocity-Verlet",
            "Lattice structure": "FCC(a=29.7224)",
            "a": 21.01692475,
            "b": 21.01692475,
            "c": 21.01692475,
            "Alpha": 59.99999999999999,
            "Beta": 59.99999999999999,
            "Gamma": 59.99999999999999,
            "Volume": 6564.361806636507,
            "Initial Temperature": 300,
            "Run time": 1000
        }
    ],
    "Simulation output": [
        {
            "Mean Square Displacement": 5.509553131309606,
            "Self diffusion coefficient": 0.11478235690228346,
            "Lindemann Criterion": 0.987195747356616,
            "Specific Heat": 232.95141868485808,
            "Internal Temperature": 1873.0169131658822,
            "Cohesive Energy": 0.34351858668066015,
            "Internal Pressure": -5.04446979609662e-06,
            "Bulk_modulus": 48.162957808636776,
            "Lattice constant": 0
        }
    ]
}