{
    "Simulation input": [
        {
            "Chemical formula": "Al125Ni375",
            "Database": "Materials Project",
            "Potential": "EMT",
            "Integrator": "Langevin",
            "Lattice structure": "FCC(a=28.2878)",
            "a": 20.0025235,
            "b": 20.0025235,
            "c": 20.002523499999995,
            "Alpha": 59.999999999999986,
            "Beta": 59.999999999999986,
            "Gamma": 59.99999999999999,
            "Volume": 5658.99578043211,
            "Initial Temperature": 300,
            "Run time": 1000
        }
    ],
    "Simulation output": [
        {
            "Mean Square Displacement": 0.021621280928880188,
            "Self diffusion coefficient": 0.0004504433526850039,
            "Lindemann Criterion": 0.061022983300974075,
            "Specific Heat": 1788311476580.2407,
            "Internal Temperature": 36.16224011998031,
            "Cohesive Energy": 0.30905335041496584,
            "Internal Pressure": -1.9365934067144467e-06,
            "Bulk_modulus": 104.57724124710425,
            "Lattice constant": 0
        }
    ]
}