{
    "Simulation input": [
        {
            "Chemical formula": "Al499Cu",
            "Database": "ASE",
            "Potential": "EMT_Asap_Standard_JacobsenStoltzeNorskov_1996_AlAgAuCuNiPdPt__MO_115316750986_001",
            "Integrator": "Velocity-Verlet",
            "Lattice structure": "CUB(a=20.25)",
            "a": 20.25,
            "b": 20.25,
            "c": 20.25,
            "Alpha": 90.0,
            "Beta": 90.0,
            "Gamma": 90.0,
            "Volume": 8303.765624999998,
            "Initial Temperature": 1100,
            "Run time": 3000
        }
    ],
    "Simulation output": [
        {
            "Mean Square Displacement": 0.28598635365922925,
            "Self diffusion coefficient": 0.0017022997241620788,
            "Lindemann Criterion": 0.21020799769490925,
            "Specific Heat": 460.9302618503786,
            "Internal Temperature": 589.2039026932754,
            "Cohesive Energy": 3.1998547955812486,
            "Internal Pressure": 1.5613541669574716e-07,
            "Bulk_modulus": 33.67898631281388,
            "Lattice constant": 3.9156921639693607
        }
    ]
}