{
    "Simulation input": [
        {
            "Chemical formula": "Al250Pd125",
            "Database": "Materials Project",
            "Potential": "EMT",
            "Integrator": "Velocity-Verlet",
            "Lattice structure": "FCC(a=29.7224)",
            "a": 21.01692475,
            "b": 21.01692475,
            "c": 21.01692475,
            "Alpha": 59.99999999999999,
            "Beta": 59.99999999999999,
            "Gamma": 59.99999999999999,
            "Volume": 6564.361806636507,
            "Initial Temperature": 300,
            "Run time": 1000
        }
    ],
    "Simulation output": [
        {
            "Mean Square Displacement": 4.074868082444595,
            "Self diffusion coefficient": 0.08489308505092906,
            "Lindemann Criterion": 0.8307425462899061,
            "Specific Heat": 233.25992638743216,
            "Internal Temperature": 1450.354288948591,
            "Cohesive Energy": 0.30438582745785014,
            "Internal Pressure": 2.9317254379504274e-06,
            "Bulk_modulus": 49.75826760773015,
            "Lattice constant": 4.20338495
        }
    ]
}