{
    "Simulation input": [
        {
            "Chemical formula": "Al499Cu",
            "Database": "ASE",
            "Potential": "EMT_Asap_Standard_JacobsenStoltzeNorskov_1996_AlAgAuCuNiPdPt__MO_115316750986_001",
            "Integrator": "Velocity-Verlet",
            "Lattice structure": "CUB(a=20.25)",
            "a": 20.25,
            "b": 20.25,
            "c": 20.25,
            "Alpha": 90.0,
            "Beta": 90.0,
            "Gamma": 90.0,
            "Volume": 8303.765624999998,
            "Initial Temperature": 600,
            "Run time": 3000
        }
    ],
    "Simulation output": [
        {
            "Mean Square Displacement": 0.1485216991913187,
            "Self diffusion coefficient": 0.0008840577332816589,
            "Lindemann Criterion": 0.15027523651249275,
            "Specific Heat": 460.9302618503727,
            "Internal Temperature": 345.9317340029369,
            "Cohesive Energy": 3.2319136873186687,
            "Internal Pressure": -3.6861697515058165e-08,
            "Bulk_modulus": 34.504680670402536,
            "Lattice constant": 3.9156921639693607
        }
    ]
}