{
    "Simulation input": [
        {
            "Chemical formula": "Cu500",
            "Database": "ASE",
            "Potential": "EMT_Asap_Standard_JacobsenStoltzeNorskov_1996_AlAgAuCuNiPdPt__MO_115316750986_001",
            "Integrator": "Velocity-Verlet",
            "Lattice structure": "CUB(a=18.05)",
            "a": 18.05,
            "b": 18.05,
            "c": 18.05,
            "Alpha": 90.0,
            "Beta": 90.0,
            "Gamma": 90.0,
            "Volume": 5880.735125000003,
            "Initial Temperature": 1200,
            "Run time": 3000
        }
    ],
    "Simulation output": [
        {
            "Mean Square Displacement": 0.09220790267231155,
            "Self diffusion coefficient": 0.000548856563525664,
            "Lindemann Criterion": 0.12932005003982192,
            "Specific Heat": 196.24075377771305,
            "Internal Temperature": 652.0158066937904,
            "Cohesive Energy": 3.4319247802968835,
            "Internal Pressure": 5.846582705791877e-07,
            "Bulk_modulus": 119.55569567786911,
            "Lattice constant": 3.5869094586514447
        }
    ]
}