{
    "Simulation input": [
        {
            "Chemical formula": "NiPt499",
            "Database": "ASE",
            "Potential": "EMT_Asap_Standard_JacobsenStoltzeNorskov_1996_AlAgAuCuNiPdPt__MO_115316750986_001",
            "Integrator": "Velocity-Verlet",
            "Lattice structure": "CUB(a=19.6)",
            "a": 19.6,
            "b": 19.6,
            "c": 19.6,
            "Alpha": 90.0,
            "Beta": 90.0,
            "Gamma": 90.0,
            "Volume": 7529.536000000013,
            "Initial Temperature": 500,
            "Run time": 3000
        }
    ],
    "Simulation output": [
        {
            "Mean Square Displacement": 0.030486339915291347,
            "Self diffusion coefficient": 0.00018146630901959136,
            "Lindemann Criterion": 0.0673324645693464,
            "Specific Heat": 64.0123038928355,
            "Internal Temperature": 294.7611175349201,
            "Cohesive Energy": 5.802877231942483,
            "Internal Pressure": -4.477053703781031e-06,
            "Bulk_modulus": 272.98858152433286,
            "Lattice constant": 3.763694624804003
        }
    ]
}