{
    "Simulation input": [
        {
            "Chemical formula": "Ag374AlAu125",
            "Database": "Materials Project",
            "Potential": "EMT",
            "Integrator": "Velocity-Verlet",
            "Lattice structure": "CUB(a=20.8081)",
            "a": 20.808144999999996,
            "b": 20.808144999999996,
            "c": 20.808144999999996,
            "Alpha": 90.0,
            "Beta": 90.0,
            "Gamma": 90.0,
            "Volume": 9009.487698620313,
            "Initial Temperature": 300,
            "Run time": 1000
        }
    ],
    "Simulation output": [
        {
            "Mean Square Displacement": 0.0796257599359029,
            "Self diffusion coefficient": 0.0016588699986646437,
            "Lindemann Criterion": 0.09833400865566176,
            "Specific Heat": 95.93950738546935,
            "Internal Temperature": 203.01203386664258,
            "Cohesive Energy": 0.06133867501069875,
            "Internal Pressure": 1.1677522600924718e-06,
            "Bulk_modulus": 108.53001665339983,
            "Lattice constant": 4.161629
        }
    ]
}