{
    "Simulation input": [
        {
            "Chemical formula": "Pd499Pt",
            "Database": "ASE",
            "Potential": "EMT_Asap_Standard_JacobsenStoltzeNorskov_1996_AlAgAuCuNiPdPt__MO_115316750986_001",
            "Integrator": "Velocity-Verlet",
            "Lattice structure": "CUB(a=19.45)",
            "a": 19.45,
            "b": 19.45,
            "c": 19.45,
            "Alpha": 90.0,
            "Beta": 90.0,
            "Gamma": 90.0,
            "Volume": 7357.983625000011,
            "Initial Temperature": 600,
            "Run time": 3000
        }
    ],
    "Simulation output": [
        {
            "Mean Square Displacement": 0.09442171711293806,
            "Self diffusion coefficient": 0.0005620340304341552,
            "Lindemann Criterion": 0.12123952718583184,
            "Specific Heat": 116.98524881933841,
            "Internal Temperature": 554.9279670928934,
            "Cohesive Energy": 3.824614157880315,
            "Internal Pressure": 1.8493369816994142e-06,
            "Bulk_modulus": 169.51345353117907,
            "Lattice constant": 3.7486362256057384
        }
    ]
}