{
    "Simulation input": [
        {
            "Chemical formula": "Al125Ni125",
            "Database": "Materials Project",
            "Potential": "EMT",
            "Integrator": "Velocity-Verlet",
            "Lattice structure": "CUB(a=14.4395)",
            "a": 14.43951,
            "b": 14.43951,
            "c": 14.43951,
            "Alpha": 90.0,
            "Beta": 90.0,
            "Gamma": 90.0,
            "Volume": 3010.6298794090108,
            "Initial Temperature": 300,
            "Run time": 3000
        }
    ],
    "Simulation output": [
        {
            "Mean Square Displacement": 2.427801831468898,
            "Self diffusion coefficient": 0.01445120137779106,
            "Lindemann Criterion": 0.6628273900120216,
            "Specific Heat": 291.1076483595504,
            "Internal Temperature": 799.5710951885719,
            "Cohesive Energy": 0.3718249609984587,
            "Internal Pressure": -7.925885603775184e-08,
            "Bulk_modulus": 73.39304931668416,
            "Lattice constant": 3.7486362256057384
        }
    ]
}