{
    "Simulation input": [
        {
            "Chemical formula": "Au499Pt",
            "Database": "ASE",
            "Potential": "EMT_Asap_Standard_JacobsenStoltzeNorskov_1996_AlAgAuCuNiPdPt__MO_115316750986_001",
            "Integrator": "Velocity-Verlet",
            "Lattice structure": "CUB(a=20.4)",
            "a": 20.4,
            "b": 20.4,
            "c": 20.4,
            "Alpha": 90.0,
            "Beta": 90.0,
            "Gamma": 90.0,
            "Volume": 8489.664,
            "Initial Temperature": 1200,
            "Run time": 3000
        }
    ],
    "Simulation output": [
        {
            "Mean Square Displacement": 0.20486223235548423,
            "Self diffusion coefficient": 0.0012194180497350252,
            "Lindemann Criterion": 0.17385790072173715,
            "Specific Heat": 63.31304538238205,
            "Internal Temperature": 821.4287933388157,
            "Cohesive Energy": 3.6967862690063766,
            "Internal Pressure": -3.5674471266475342e-06,
            "Bulk_modulus": 161.2409240423428,
            "Lattice constant": 3.8073118842989633
        }
    ]
}