{
    "Simulation input": [
        {
            "Chemical formula": "AgCu374Pt125",
            "Database": "Materials Project",
            "Potential": "EMT",
            "Integrator": "Velocity-Verlet",
            "Lattice structure": "CUB(a=18.6144)",
            "a": 18.614425,
            "b": 18.614425,
            "c": 18.614425,
            "Alpha": 90.0,
            "Beta": 90.0,
            "Gamma": 90.0,
            "Volume": 6449.83903290044,
            "Initial Temperature": 300,
            "Run time": 1000
        }
    ],
    "Simulation output": [
        {
            "Mean Square Displacement": 0.0663679706728548,
            "Self diffusion coefficient": 0.0013826660556844749,
            "Lindemann Criterion": 0.10500248613094477,
            "Specific Heat": 129.20042964422638,
            "Internal Temperature": 304.2734347751237,
            "Cohesive Energy": 0.043412768340025366,
            "Internal Pressure": -7.517483481414237e-06,
            "Bulk_modulus": 156.10269053461386,
            "Lattice constant": 0
        }
    ]
}