{
    "Simulation input": [
        {
            "Chemical formula": "AlAu499",
            "Database": "ASE",
            "Potential": "EMT_Asap_Standard_JacobsenStoltzeNorskov_1996_AlAgAuCuNiPdPt__MO_115316750986_001",
            "Integrator": "Velocity-Verlet",
            "Lattice structure": "CUB(a=20.4)",
            "a": 20.4,
            "b": 20.4,
            "c": 20.4,
            "Alpha": 90.0,
            "Beta": 90.0,
            "Gamma": 90.0,
            "Volume": 8489.664,
            "Initial Temperature": 1100,
            "Run time": 3000
        }
    ],
    "Simulation output": [
        {
            "Mean Square Displacement": 0.13664676937461637,
            "Self diffusion coefficient": 0.0008133736272298594,
            "Lindemann Criterion": 0.14070210236010114,
            "Specific Heat": 63.42130213740121,
            "Internal Temperature": 636.5033149715908,
            "Cohesive Energy": 3.7139329079198853,
            "Internal Pressure": -2.264332861111106e-06,
            "Bulk_modulus": 164.09515163244276,
            "Lattice constant": 3.8073118842989633
        }
    ]
}