{
    "Simulation input": [
        {
            "Chemical formula": "Pd499Pt",
            "Database": "ASE",
            "Potential": "EMT_Asap_Standard_JacobsenStoltzeNorskov_1996_AlAgAuCuNiPdPt__MO_115316750986_001",
            "Integrator": "Velocity-Verlet",
            "Lattice structure": "CUB(a=19.45)",
            "a": 19.45,
            "b": 19.45,
            "c": 19.45,
            "Alpha": 90.0,
            "Beta": 90.0,
            "Gamma": 90.0,
            "Volume": 7357.983625000011,
            "Initial Temperature": 1300,
            "Run time": 3000
        }
    ],
    "Simulation output": [
        {
            "Mean Square Displacement": 0.15585559274765381,
            "Self diffusion coefficient": 0.0009277118615931775,
            "Lindemann Criterion": 0.15623364962582112,
            "Specific Heat": 116.9852488193395,
            "Internal Temperature": 926.4498440391224,
            "Cohesive Energy": 3.779932857073505,
            "Internal Pressure": 1.725876330024769e-06,
            "Bulk_modulus": 164.50124805424898,
            "Lattice constant": 3.7486362256057384
        }
    ]
}