{
    "Simulation input": [
        {
            "Chemical formula": "Cu499Pt",
            "Database": "ASE",
            "Potential": "EMT_Asap_Standard_JacobsenStoltzeNorskov_1996_AlAgAuCuNiPdPt__MO_115316750986_001",
            "Integrator": "Velocity-Verlet",
            "Lattice structure": "CUB(a=18.05)",
            "a": 18.05,
            "b": 18.05,
            "c": 18.05,
            "Alpha": 90.0,
            "Beta": 90.0,
            "Gamma": 90.0,
            "Volume": 5880.735125000003,
            "Initial Temperature": 800,
            "Run time": 3000
        }
    ],
    "Simulation output": [
        {
            "Mean Square Displacement": 0.14551353118030044,
            "Self diffusion coefficient": 0.0008661519713113122,
            "Lindemann Criterion": 0.1651234208474801,
            "Specific Heat": 195.4316802763077,
            "Internal Temperature": 641.6627195750924,
            "Cohesive Energy": 3.430174066299498,
            "Internal Pressure": 1.7396771413560495e-06,
            "Bulk_modulus": 119.24539305835069,
            "Lattice constant": 3.58690945865129
        }
    ]
}