{
    "Simulation input": [
        {
            "Chemical formula": "AgAl499",
            "Database": "ASE",
            "Potential": "EMT_Asap_Standard_JacobsenStoltzeNorskov_1996_AlAgAuCuNiPdPt__MO_115316750986_001",
            "Integrator": "Velocity-Verlet",
            "Lattice structure": "CUB(a=20.25)",
            "a": 20.25,
            "b": 20.25,
            "c": 20.25,
            "Alpha": 90.0,
            "Beta": 90.0,
            "Gamma": 90.0,
            "Volume": 8303.765624999998,
            "Initial Temperature": 900,
            "Run time": 3000
        }
    ],
    "Simulation output": [
        {
            "Mean Square Displacement": 0.29469264163039516,
            "Self diffusion coefficient": 0.0017541228668475901,
            "Lindemann Criterion": 0.21804482831020094,
            "Specific Heat": 459.4249596687357,
            "Internal Temperature": 502.5539675691557,
            "Cohesive Energy": 3.2109071835634984,
            "Internal Pressure": -1.19624664129329e-07,
            "Bulk_modulus": 34.106962863576996,
            "Lattice constant": 3.9156921639693607
        }
    ]
}