{
    "Simulation input": [
        {
            "Chemical formula": "Ag499Ni",
            "Database": "ASE",
            "Potential": "EMT_Asap_Standard_JacobsenStoltzeNorskov_1996_AlAgAuCuNiPdPt__MO_115316750986_001",
            "Integrator": "Velocity-Verlet",
            "Lattice structure": "CUB(a=20.45)",
            "a": 20.45,
            "b": 20.45,
            "c": 20.45,
            "Alpha": 90.0,
            "Beta": 90.0,
            "Gamma": 90.0,
            "Volume": 8552.241125000002,
            "Initial Temperature": 300,
            "Run time": 3000
        }
    ],
    "Simulation output": [
        {
            "Mean Square Displacement": 0.04477104924719619,
            "Self diffusion coefficient": 0.00026649434075712015,
            "Lindemann Criterion": 0.07643721844858699,
            "Specific Heat": 115.712464045117,
            "Internal Temperature": 221.0617824660115,
            "Cohesive Energy": 2.9260427664660535,
            "Internal Pressure": -3.7397767414478614e-06,
            "Bulk_modulus": 93.74115811964334,
            "Lattice constant": 3.8347786021727415
        }
    ]
}