{
    "Simulation input": [
        {
            "Chemical formula": "AgAl374Cu125",
            "Database": "Materials Project",
            "Potential": "EMT",
            "Integrator": "Velocity-Verlet",
            "Lattice structure": "CUB(a=19.6208)",
            "a": 19.620755000000003,
            "b": 19.620755000000003,
            "c": 19.620755000000003,
            "Alpha": 90.0,
            "Beta": 90.0,
            "Gamma": 90.0,
            "Volume": 7553.481060618106,
            "Initial Temperature": 300,
            "Run time": 1000
        }
    ],
    "Simulation output": [
        {
            "Mean Square Displacement": 0.09925736962857357,
            "Self diffusion coefficient": 0.002067861867261949,
            "Lindemann Criterion": 0.1194373325914974,
            "Specific Heat": 343.68228709927706,
            "Internal Temperature": 240.93434647016502,
            "Cohesive Energy": 0.11472228074056975,
            "Internal Pressure": -2.2958056245715043e-06,
            "Bulk_modulus": 45.8993514133415,
            "Lattice constant": 0
        }
    ]
}