{
    "Simulation input": [
        {
            "Chemical formula": "Pd500",
            "Database": "ASE",
            "Potential": "EMT_Asap_Standard_JacobsenStoltzeNorskov_1996_AlAgAuCuNiPdPt__MO_115316750986_001",
            "Integrator": "Velocity-Verlet",
            "Lattice structure": "CUB(a=19.45)",
            "a": 19.45,
            "b": 19.45,
            "c": 19.45,
            "Alpha": 90.0,
            "Beta": 90.0,
            "Gamma": 90.0,
            "Volume": 7357.983625000011,
            "Initial Temperature": 500,
            "Run time": 3000
        }
    ],
    "Simulation output": [
        {
            "Mean Square Displacement": 0.031460390005142475,
            "Self diffusion coefficient": 0.00018726422622108616,
            "Lindemann Criterion": 0.06799438512139934,
            "Specific Heat": 117.1801817285826,
            "Internal Temperature": 238.9864211713361,
            "Cohesive Energy": 3.8692843638833265,
            "Internal Pressure": -6.607886971471093e-07,
            "Bulk_modulus": 175.27290433648,
            "Lattice constant": 3.7486362256057384
        }
    ]
}