{
    "Simulation input": [
        {
            "Chemical formula": "Al124Pt",
            "Database": "Materials Project",
            "Potential": "EMT",
            "Integrator": "Velocity-Verlet",
            "Lattice structure": "BCC(a=16.1025)",
            "a": 13.94517405,
            "b": 13.945174050000002,
            "c": 13.945174049999999,
            "Alpha": 109.47122063,
            "Beta": 109.47122063,
            "Gamma": 109.47122062999999,
            "Volume": 2087.6126823078234,
            "Initial Temperature": 300,
            "Run time": 1000
        }
    ],
    "Simulation output": [
        {
            "Mean Square Displacement": 0.16932425938695383,
            "Self diffusion coefficient": 0.003527588737228205,
            "Lindemann Criterion": 0.15057580954663086,
            "Specific Heat": 440.2371321555882,
            "Internal Temperature": 166.28991562047068,
            "Cohesive Energy": 0.04378207940015589,
            "Internal Pressure": 6.965525373600407e-07,
            "Bulk_modulus": 36.28968171287206,
            "Lattice constant": 0
        }
    ]
}