{
    "Simulation input": [
        {
            "Chemical formula": "Au499Cu",
            "Database": "ASE",
            "Potential": "EMT_Asap_Standard_JacobsenStoltzeNorskov_1996_AlAgAuCuNiPdPt__MO_115316750986_001",
            "Integrator": "Velocity-Verlet",
            "Lattice structure": "CUB(a=20.4)",
            "a": 20.4,
            "b": 20.4,
            "c": 20.4,
            "Alpha": 90.0,
            "Beta": 90.0,
            "Gamma": 90.0,
            "Volume": 8489.664,
            "Initial Temperature": 1000,
            "Run time": 3000
        }
    ],
    "Simulation output": [
        {
            "Mean Square Displacement": 0.11973174791314894,
            "Self diffusion coefficient": 0.0007126889756735056,
            "Lindemann Criterion": 0.13185588255237096,
            "Specific Heat": 63.39772339852274,
            "Internal Temperature": 555.8990138366488,
            "Cohesive Energy": 3.724363431552156,
            "Internal Pressure": -1.2547283690415215e-06,
            "Bulk_modulus": 165.88331563129444,
            "Lattice constant": 3.8073118842989633
        }
    ]
}