{
    "Simulation input": [
        {
            "Chemical formula": "Ag124Au",
            "Database": "Materials Project",
            "Potential": "EMT",
            "Integrator": "Velocity-Verlet",
            "Lattice structure": "FCC(a=16.6422)",
            "a": 11.767806800000002,
            "b": 11.7678068,
            "c": 11.7678068,
            "Alpha": 59.999999999999986,
            "Beta": 59.99999999999999,
            "Gamma": 59.99999999999999,
            "Volume": 1152.3159974732619,
            "Initial Temperature": 300,
            "Run time": 1000
        }
    ],
    "Simulation output": [
        {
            "Mean Square Displacement": 0.027323223120103313,
            "Self diffusion coefficient": 0.0005692338150021524,
            "Lindemann Criterion": 0.05875908039552957,
            "Specific Heat": 114.84805069883711,
            "Internal Temperature": 144.33384595361932,
            "Cohesive Energy": 0.04226190198236466,
            "Internal Pressure": 5.50888478692681e-07,
            "Bulk_modulus": null,
            "Lattice constant": 2.9419517
        }
    ]
}