{
    "Simulation input": [
        {
            "Chemical formula": "AlAu125Pd374",
            "Database": "Materials Project",
            "Potential": "EMT",
            "Integrator": "Velocity-Verlet",
            "Lattice structure": "CUB(a=20.027)",
            "a": 20.026955,
            "b": 20.026955,
            "c": 20.026955,
            "Alpha": 90.0,
            "Beta": 90.0,
            "Gamma": 90.0,
            "Volume": 8032.389613906253,
            "Initial Temperature": 300,
            "Run time": 1000
        }
    ],
    "Simulation output": [
        {
            "Mean Square Displacement": 0.04575674628353282,
            "Self diffusion coefficient": 0.0009532655475736005,
            "Lindemann Criterion": 0.08156287501483456,
            "Specific Heat": 96.74578061037792,
            "Internal Temperature": 219.48638467614077,
            "Cohesive Energy": 0.0703340487905301,
            "Internal Pressure": -1.308713205665927e-05,
            "Bulk_modulus": 169.5937643020962,
            "Lattice constant": 0
        }
    ]
}