{
    "Simulation input": [
        {
            "Chemical formula": "AlAu375Pd124",
            "Database": "Materials Project",
            "Potential": "EMT",
            "Integrator": "Velocity-Verlet",
            "Lattice structure": "CUB(a=20.5786)",
            "a": 20.578590000000002,
            "b": 20.578590000000002,
            "c": 20.578590000000002,
            "Alpha": 90.0,
            "Beta": 90.0,
            "Gamma": 90.0,
            "Volume": 8714.587675770497,
            "Initial Temperature": 300,
            "Run time": 1000
        }
    ],
    "Simulation output": [
        {
            "Mean Square Displacement": 0.0610969301559081,
            "Self diffusion coefficient": 0.0012728527115814187,
            "Lindemann Criterion": 0.09324408249696214,
            "Specific Heat": 71.59809243785276,
            "Internal Temperature": 208.33429597389474,
            "Cohesive Energy": 0.07902239817211806,
            "Internal Pressure": -4.452101714027796e-06,
            "Bulk_modulus": 167.1230915798018,
            "Lattice constant": 4.115718
        }
    ]
}