{
    "Simulation input": [
        {
            "Chemical formula": "Ni500",
            "Database": "ASE",
            "Potential": "EMT",
            "Integrator": "Velocity-Verlet",
            "Lattice structure": "CUB(a=17.6)",
            "a": 17.6,
            "b": 17.6,
            "c": 17.6,
            "Alpha": 90.0,
            "Beta": 90.0,
            "Gamma": 90.0,
            "Volume": 5451.776,
            "Initial Temperature": 300,
            "Run time": 1000
        }
    ],
    "Simulation output": [
        {
            "Mean Square Displacement": 0.011453476938312184,
            "Self diffusion coefficient": 0.00023861410288150383,
            "Lindemann Criterion": 0.04395797425816583,
            "Specific Heat": 212.4653696242935,
            "Internal Temperature": 160.02026214571637,
            "Cohesive Energy": 0.02058932838348302,
            "Internal Pressure": -5.197526671914353e-07,
            "Bulk_modulus": 167.74638925281678,
            "Lattice constant": 0
        }
    ]
}