{
    "Simulation input": [
        {
            "Chemical formula": "Ag374AuPt125",
            "Database": "Materials Project",
            "Potential": "EMT",
            "Integrator": "Velocity-Verlet",
            "Lattice structure": "CUB(a=20.52)",
            "a": 20.52002,
            "b": 20.52002,
            "c": 20.52002,
            "Alpha": 90.0,
            "Beta": 90.0,
            "Gamma": 90.0,
            "Volume": 8640.389872248625,
            "Initial Temperature": 300,
            "Run time": 1000
        }
    ],
    "Simulation output": [
        {
            "Mean Square Displacement": 0.08290508006714005,
            "Self diffusion coefficient": 0.0017271891680654178,
            "Lindemann Criterion": 0.10205935217232515,
            "Specific Heat": 96.03605410802069,
            "Internal Temperature": 285.61090820693124,
            "Cohesive Energy": 0.10971649005507603,
            "Internal Pressure": -7.565753363304602e-06,
            "Bulk_modulus": 125.02912773248526,
            "Lattice constant": 0
        }
    ]
}