{
    "Simulation input": [
        {
            "Chemical formula": "Al499Cu",
            "Database": "ASE",
            "Potential": "EMT_Asap_Standard_JacobsenStoltzeNorskov_1996_AlAgAuCuNiPdPt__MO_115316750986_001",
            "Integrator": "Velocity-Verlet",
            "Lattice structure": "CUB(a=20.25)",
            "a": 20.25,
            "b": 20.25,
            "c": 20.25,
            "Alpha": 90.0,
            "Beta": 90.0,
            "Gamma": 90.0,
            "Volume": 8303.765624999998,
            "Initial Temperature": 500,
            "Run time": 3000
        }
    ],
    "Simulation output": [
        {
            "Mean Square Displacement": 0.11056467780269659,
            "Self diffusion coefficient": 0.0006581230821589083,
            "Lindemann Criterion": 0.12569302612497904,
            "Specific Heat": 460.9302618504114,
            "Internal Temperature": 299.36995629529184,
            "Cohesive Energy": 3.238000055180566,
            "Internal Pressure": -8.155814571430435e-09,
            "Bulk_modulus": 34.77704613528083,
            "Lattice constant": 3.9156921639693607
        }
    ]
}