{
    "Simulation input": [
        {
            "Chemical formula": "Cu375Pd125",
            "Database": "Materials Project",
            "Potential": "EMT",
            "Integrator": "Velocity-Verlet",
            "Lattice structure": "CUB(a=18.5609)",
            "a": 18.56087764748083,
            "b": 18.56087764748083,
            "c": 18.56087764748083,
            "Alpha": 90.0,
            "Beta": 90.0,
            "Gamma": 90.0,
            "Volume": 6394.33703805079,
            "Initial Temperature": 300,
            "Run time": 1000
        }
    ],
    "Simulation output": [
        {
            "Mean Square Displacement": 0.016431316344775085,
            "Self diffusion coefficient": 0.0003423190905161476,
            "Lindemann Criterion": 0.05006644436064598,
            "Specific Heat": 167.91757738198265,
            "Internal Temperature": 153.3720825169422,
            "Cohesive Energy": 0.004653765940660267,
            "Internal Pressure": -3.145401096968817e-06,
            "Bulk_modulus": 137.42355146047865,
            "Lattice constant": 3.712175529496166
        }
    ]
}