{
    "Simulation input": [
        {
            "Chemical formula": "Al125Cu375",
            "Database": "Materials Project",
            "Potential": "EMT",
            "Integrator": "Velocity-Verlet",
            "Lattice structure": "CUB(a=18.3574)",
            "a": 18.357405,
            "b": 18.357405,
            "c": 18.357405,
            "Alpha": 90.0,
            "Beta": 90.0,
            "Gamma": 90.0,
            "Volume": 6186.341184356621,
            "Initial Temperature": 300,
            "Run time": 1000
        }
    ],
    "Simulation output": [
        {
            "Mean Square Displacement": 0.014586150894458907,
            "Self diffusion coefficient": 0.00030387814363456056,
            "Lindemann Criterion": 0.04743240386995303,
            "Specific Heat": 229.21314899278164,
            "Internal Temperature": 154.27308296446327,
            "Cohesive Energy": 0.13350797064673964,
            "Internal Pressure": 9.574212822981643e-07,
            "Bulk_modulus": 84.88609292299941,
            "Lattice constant": 0
        }
    ]
}