{
    "Simulation input": [
        {
            "Chemical formula": "NiPt499",
            "Database": "ASE",
            "Potential": "EMT_Asap_Standard_JacobsenStoltzeNorskov_1996_AlAgAuCuNiPdPt__MO_115316750986_001",
            "Integrator": "Velocity-Verlet",
            "Lattice structure": "CUB(a=19.6)",
            "a": 19.6,
            "b": 19.6,
            "c": 19.6,
            "Alpha": 90.0,
            "Beta": 90.0,
            "Gamma": 90.0,
            "Volume": 7529.536000000013,
            "Initial Temperature": 300,
            "Run time": 3000
        }
    ],
    "Simulation output": [
        {
            "Mean Square Displacement": 0.021808861204404104,
            "Self diffusion coefficient": 0.0001298146500262149,
            "Lindemann Criterion": 0.056363189258729844,
            "Specific Heat": 64.01230389282244,
            "Internal Temperature": 187.57038347693734,
            "Cohesive Energy": 5.816178357728532,
            "Internal Pressure": -2.92006511253679e-06,
            "Bulk_modulus": 275.1309117256962,
            "Lattice constant": 3.763694624804003
        }
    ]
}