{
    "Simulation input": [
        {
            "Chemical formula": "Cu125Pd124Pt",
            "Database": "Materials Project",
            "Potential": "EMT",
            "Integrator": "Velocity-Verlet",
            "Lattice structure": "CUB(a=15.0907)",
            "a": 15.090655,
            "b": 15.090655,
            "c": 15.090655,
            "Alpha": 90.0,
            "Beta": 90.0,
            "Gamma": 90.0,
            "Volume": 3436.562694838742,
            "Initial Temperature": 300,
            "Run time": 1000
        }
    ],
    "Simulation output": [
        {
            "Mean Square Displacement": 0.07111101694384166,
            "Self diffusion coefficient": 0.0014814795196633678,
            "Lindemann Criterion": 0.10465244395853181,
            "Specific Heat": 146.12910014951447,
            "Internal Temperature": 146.51524713461365,
            "Cohesive Energy": 0.012640035277081855,
            "Internal Pressure": -7.308080994467958e-07,
            "Bulk_modulus": 146.21965640512443,
            "Lattice constant": 0
        }
    ]
}