{
    "Simulation input": [
        {
            "Chemical formula": "Al499Pt",
            "Database": "ASE",
            "Potential": "EMT_Asap_Standard_JacobsenStoltzeNorskov_1996_AlAgAuCuNiPdPt__MO_115316750986_001",
            "Integrator": "Velocity-Verlet",
            "Lattice structure": "CUB(a=20.25)",
            "a": 20.25,
            "b": 20.25,
            "c": 20.25,
            "Alpha": 90.0,
            "Beta": 90.0,
            "Gamma": 90.0,
            "Volume": 8303.765624999998,
            "Initial Temperature": 1200,
            "Run time": 3000
        }
    ],
    "Simulation output": [
        {
            "Mean Square Displacement": 0.383860483083695,
            "Self diffusion coefficient": 0.002284883827879137,
            "Lindemann Criterion": 0.23991613484420907,
            "Specific Heat": 456.4913999835619,
            "Internal Temperature": 702.9655730579774,
            "Cohesive Energy": 3.189540883292051,
            "Internal Pressure": -7.743306580339537e-07,
            "Bulk_modulus": 33.447244749616566,
            "Lattice constant": 3.9156921639693607
        }
    ]
}