{
    "Simulation input": [
        {
            "Chemical formula": "AlNi124",
            "Database": "Materials Project",
            "Potential": "EMT",
            "Integrator": "Velocity-Verlet",
            "Lattice structure": "FCC(a=17.529)",
            "a": 12.3948677,
            "b": 12.394867699999999,
            "c": 12.394867699999999,
            "Alpha": 59.999999999999986,
            "Beta": 59.999999999999986,
            "Gamma": 59.999999999999986,
            "Volume": 1346.513428418923,
            "Initial Temperature": 300,
            "Run time": 1000
        }
    ],
    "Simulation output": [
        {
            "Mean Square Displacement": 0.008916164288021559,
            "Self diffusion coefficient": 0.0001857534226671158,
            "Lindemann Criterion": 0.039018232625458935,
            "Specific Heat": 213.38770742188635,
            "Internal Temperature": 145.29892254070717,
            "Cohesive Energy": 0.015193611923487057,
            "Internal Pressure": -3.941163391889306e-06,
            "Bulk_modulus": 165.46133865963407,
            "Lattice constant": 2.47897354
        }
    ]
}