{
    "Simulation input": [
        {
            "Chemical formula": "Ag499Au",
            "Database": "ASE",
            "Potential": "EMT_Asap_Standard_JacobsenStoltzeNorskov_1996_AlAgAuCuNiPdPt__MO_115316750986_001",
            "Integrator": "Velocity-Verlet",
            "Lattice structure": "CUB(a=20.45)",
            "a": 20.45,
            "b": 20.45,
            "c": 20.45,
            "Alpha": 90.0,
            "Beta": 90.0,
            "Gamma": 90.0,
            "Volume": 8552.241125000002,
            "Initial Temperature": 500,
            "Run time": 3000
        }
    ],
    "Simulation output": [
        {
            "Mean Square Displacement": 0.0981149381783375,
            "Self diffusion coefficient": 0.0005840174891567708,
            "Lindemann Criterion": 0.11284925533231042,
            "Specific Heat": 115.41629629532748,
            "Internal Temperature": 378.46923670533835,
            "Cohesive Energy": 2.904948515702754,
            "Internal Pressure": -6.864284876060807e-06,
            "Bulk_modulus": 91.95104398015295,
            "Lattice constant": 3.8347786021727415
        }
    ]
}