{
    "Simulation input": [
        {
            "Chemical formula": "Al125Pt125",
            "Database": "Materials Project",
            "Potential": "EMT",
            "Integrator": "Langevin",
            "Lattice structure": "CUB(a=15.4577)",
            "a": 15.457730000000002,
            "b": 15.457730000000002,
            "c": 15.457730000000002,
            "Alpha": 90.0,
            "Beta": 90.0,
            "Gamma": 90.0,
            "Volume": 3693.491905983805,
            "Initial Temperature": 300,
            "Run time": 1000
        }
    ],
    "Simulation output": [
        {
            "Mean Square Displacement": 0.1556853958433537,
            "Self diffusion coefficient": 0.003243445746736535,
            "Lindemann Criterion": 0.14893680002121923,
            "Specific Heat": 44986645289.91048,
            "Internal Temperature": 77.17797437102305,
            "Cohesive Energy": 0.21237431492696385,
            "Internal Pressure": 2.3334983063805344e-06,
            "Bulk_modulus": 99.68960800214005,
            "Lattice constant": 0
        }
    ]
}