{
    "Simulation input": [
        {
            "Chemical formula": "Au499Cu",
            "Database": "ASE",
            "Potential": "EMT_Asap_Standard_JacobsenStoltzeNorskov_1996_AlAgAuCuNiPdPt__MO_115316750986_001",
            "Integrator": "Velocity-Verlet",
            "Lattice structure": "CUB(a=20.4)",
            "a": 20.4,
            "b": 20.4,
            "c": 20.4,
            "Alpha": 90.0,
            "Beta": 90.0,
            "Gamma": 90.0,
            "Volume": 8489.664,
            "Initial Temperature": 1300,
            "Run time": 3000
        }
    ],
    "Simulation output": [
        {
            "Mean Square Displacement": 0.163254351083296,
            "Self diffusion coefficient": 0.0009717520897815238,
            "Lindemann Criterion": 0.15041253227601128,
            "Specific Heat": 63.39772339851453,
            "Internal Temperature": 669.0967498918887,
            "Cohesive Energy": 3.711391456811937,
            "Internal Pressure": -1.5915314644108797e-06,
            "Bulk_modulus": 163.98871924858855,
            "Lattice constant": 3.8073118842989633
        }
    ]
}