{
    "Simulation input": [
        {
            "Chemical formula": "Cu500",
            "Database": "ASE",
            "Potential": "EMT_Asap_Standard_JacobsenStoltzeNorskov_1996_AlAgAuCuNiPdPt__MO_115316750986_001",
            "Integrator": "Velocity-Verlet",
            "Lattice structure": "CUB(a=18.05)",
            "a": 18.05,
            "b": 18.05,
            "c": 18.05,
            "Alpha": 90.0,
            "Beta": 90.0,
            "Gamma": 90.0,
            "Volume": 5880.735125000003,
            "Initial Temperature": 800,
            "Run time": 3000
        }
    ],
    "Simulation output": [
        {
            "Mean Square Displacement": 0.10751235391084123,
            "Self diffusion coefficient": 0.0006399544875645312,
            "Lindemann Criterion": 0.13406181517833893,
            "Specific Heat": 196.2407537776878,
            "Internal Temperature": 487.5438705529467,
            "Cohesive Energy": 3.44423957608323,
            "Internal Pressure": -5.152594972677231e-07,
            "Bulk_modulus": 120.57904851354817,
            "Lattice constant": 3.58690945865129
        }
    ]
}