{
    "Simulation input": [
        {
            "Chemical formula": "Al2000Cu4500",
            "Database": "Materials Project",
            "Potential": "EMT",
            "Integrator": "Velocity-Verlet",
            "Lattice structure": "CUB(a=44.5449)",
            "a": 44.54492470325426,
            "b": 44.54492470325426,
            "c": 44.54492470325426,
            "Alpha": 90.0,
            "Beta": 90.0,
            "Gamma": 90.0,
            "Volume": 88388.28095509259,
            "Initial Temperature": 300,
            "Run time": 1000
        }
    ],
    "Simulation output": [
        {
            "Mean Square Displacement": 0.15905757040035012,
            "Self diffusion coefficient": 0.0033136993833406277,
            "Lindemann Criterion": 0.15942850837630665,
            "Specific Heat": 238.45913377678642,
            "Internal Temperature": 285.2734607980045,
            "Cohesive Energy": 0.17567003011242086,
            "Internal Pressure": 5.445838897220134e-06,
            "Bulk_modulus": 76.20810194428421,
            "Lattice constant": 8.908984940650852
        }
    ]
}