{
    "Simulation input": [
        {
            "Chemical formula": "Ag125",
            "Database": "Materials Project",
            "Potential": "EMT",
            "Integrator": "Velocity-Verlet",
            "Lattice structure": "FCC(a=16.6422)",
            "a": 11.767806800000002,
            "b": 11.7678068,
            "c": 11.7678068,
            "Alpha": 59.999999999999986,
            "Beta": 59.99999999999999,
            "Gamma": 59.99999999999999,
            "Volume": 1152.3159974732619,
            "Initial Temperature": 300,
            "Run time": 1000
        }
    ],
    "Simulation output": [
        {
            "Mean Square Displacement": 0.02330402664652851,
            "Self diffusion coefficient": 0.0004855005551360106,
            "Lindemann Criterion": 0.0535491230667054,
            "Specific Heat": 115.60696010121954,
            "Internal Temperature": 124.74843067769166,
            "Cohesive Energy": 0.03967848617643499,
            "Internal Pressure": -1.1695142064365922e-06,
            "Bulk_modulus": null,
            "Lattice constant": 0
        }
    ]
}