{
    "Simulation input": [
        {
            "Chemical formula": "Ni499Pd",
            "Database": "ASE",
            "Potential": "EMT_Asap_Standard_JacobsenStoltzeNorskov_1996_AlAgAuCuNiPdPt__MO_115316750986_001",
            "Integrator": "Velocity-Verlet",
            "Lattice structure": "CUB(a=17.6)",
            "a": 17.6,
            "b": 17.6,
            "c": 17.6,
            "Alpha": 90.0,
            "Beta": 90.0,
            "Gamma": 90.0,
            "Volume": 5451.776,
            "Initial Temperature": 600,
            "Run time": 3000
        }
    ],
    "Simulation output": [
        {
            "Mean Square Displacement": 0.07600182391778217,
            "Self diffusion coefficient": 0.00045239180903441765,
            "Lindemann Criterion": 0.11914669850699104,
            "Specific Heat": 212.12039801377253,
            "Internal Temperature": 559.028242671737,
            "Cohesive Energy": 4.363131097740678,
            "Internal Pressure": 6.568731106028869e-06,
            "Bulk_modulus": 161.86289305868098,
            "Lattice constant": 3.4914114204442335
        }
    ]
}