{
    "Simulation input": [
        {
            "Chemical formula": "Al374Pd125Pt",
            "Database": "Materials Project",
            "Potential": "EMT",
            "Integrator": "Velocity-Verlet",
            "Lattice structure": "CUB(a=19.7345)",
            "a": 19.73455,
            "b": 19.73455,
            "c": 19.73455,
            "Alpha": 90.0,
            "Beta": 90.0,
            "Gamma": 90.0,
            "Volume": 7685.669117560159,
            "Initial Temperature": 300,
            "Run time": 1000
        }
    ],
    "Simulation output": [
        {
            "Mean Square Displacement": 0.07399976299898452,
            "Self diffusion coefficient": 0.0015416617291455108,
            "Lindemann Criterion": 0.10480932555237892,
            "Specific Heat": 264.32838215620217,
            "Internal Temperature": 256.8216787097491,
            "Cohesive Energy": 0.07552770888962074,
            "Internal Pressure": 1.106666960336747e-07,
            "Bulk_modulus": 54.01520447624269,
            "Lattice constant": 0
        }
    ]
}