{
    "Simulation input": [
        {
            "Chemical formula": "Ag499Cu",
            "Database": "ASE",
            "Potential": "EMT_Asap_Standard_JacobsenStoltzeNorskov_1996_AlAgAuCuNiPdPt__MO_115316750986_001",
            "Integrator": "Velocity-Verlet",
            "Lattice structure": "CUB(a=20.45)",
            "a": 20.45,
            "b": 20.45,
            "c": 20.45,
            "Alpha": 90.0,
            "Beta": 90.0,
            "Gamma": 90.0,
            "Volume": 8552.241125000002,
            "Initial Temperature": 800,
            "Run time": 3000
        }
    ],
    "Simulation output": [
        {
            "Mean Square Displacement": 0.08767161476825151,
            "Self diffusion coefficient": 0.0005218548498110209,
            "Lindemann Criterion": 0.11034667963654829,
            "Specific Heat": 115.70204451240373,
            "Internal Temperature": 477.70359227459096,
            "Cohesive Energy": 2.8928277867054555,
            "Internal Pressure": -2.362249725852626e-06,
            "Bulk_modulus": 90.81439166034731,
            "Lattice constant": 3.8347786021727415
        }
    ]
}