{
    "Simulation input": [
        {
            "Chemical formula": "Au375Pd125",
            "Database": "Materials Project",
            "Potential": "EMT",
            "Integrator": "Velocity-Verlet",
            "Lattice structure": "CUB(a=20.3185)",
            "a": 20.318482728190265,
            "b": 20.318482728190265,
            "c": 20.318482728190265,
            "Alpha": 90.0,
            "Beta": 90.0,
            "Gamma": 90.0,
            "Volume": 8388.29745281829,
            "Initial Temperature": 300,
            "Run time": 1000
        }
    ],
    "Simulation output": [
        {
            "Mean Square Displacement": 0.04019752205163366,
            "Self diffusion coefficient": 0.0008374483760757013,
            "Lindemann Criterion": 0.07224840451899678,
            "Specific Heat": 71.53284096493246,
            "Internal Temperature": 162.66838339463925,
            "Cohesive Energy": 0.037204540667255606,
            "Internal Pressure": -2.366240545627723e-06,
            "Bulk_modulus": 172.43070033289138,
            "Lattice constant": 4.063696545638053
        }
    ]
}