{
    "Simulation input": [
        {
            "Chemical formula": "Al499Pt",
            "Database": "ASE",
            "Potential": "EMT_Asap_Standard_JacobsenStoltzeNorskov_1996_AlAgAuCuNiPdPt__MO_115316750986_001",
            "Integrator": "Velocity-Verlet",
            "Lattice structure": "CUB(a=20.25)",
            "a": 20.25,
            "b": 20.25,
            "c": 20.25,
            "Alpha": 90.0,
            "Beta": 90.0,
            "Gamma": 90.0,
            "Volume": 8303.765624999998,
            "Initial Temperature": 1300,
            "Run time": 3000
        }
    ],
    "Simulation output": [
        {
            "Mean Square Displacement": 0.34455372645505467,
            "Self diffusion coefficient": 0.0020509150384229445,
            "Lindemann Criterion": 0.23341693848600703,
            "Specific Heat": 456.4913999835592,
            "Internal Temperature": 770.0508928028947,
            "Cohesive Energy": 3.179583452150697,
            "Internal Pressure": -1.495201236174334e-07,
            "Bulk_modulus": 33.2230655835434,
            "Lattice constant": 3.9156921639693607
        }
    ]
}