{
    "Simulation input": [
        {
            "Chemical formula": "Ag125Pt375",
            "Database": "Materials Project",
            "Potential": "EMT",
            "Integrator": "Velocity-Verlet",
            "Lattice structure": "CUB(a=20.0342)",
            "a": 20.03422,
            "b": 20.03422,
            "c": 20.03422,
            "Alpha": 90.0,
            "Beta": 90.0,
            "Gamma": 90.0,
            "Volume": 8041.134300575908,
            "Initial Temperature": 20,
            "Run time": 1000
        }
    ],
    "Simulation output": [
        {
            "Mean Square Displacement": 0.0019160309497772035,
            "Self diffusion coefficient": 3.991731145369174e-05,
            "Lindemann Criterion": 0.015630956263890886,
            "Specific Heat": 71.96624727294582,
            "Internal Temperature": 9.736563569482794,
            "Cohesive Energy": 0.06238036160820826,
            "Internal Pressure": 1.307489820316554e-07,
            "Bulk_modulus": 222.34347552540672,
            "Lattice constant": 4.006844
        }
    ]
}