{
    "Simulation input": [
        {
            "Chemical formula": "Ag375AuNi124",
            "Database": "Materials Project",
            "Potential": "EMT",
            "Integrator": "Velocity-Verlet",
            "Lattice structure": "CUB(a=20.0451)",
            "a": 20.04515,
            "b": 20.04515,
            "c": 20.04515,
            "Alpha": 90.0,
            "Beta": 90.0,
            "Gamma": 90.0,
            "Volume": 8054.302403389292,
            "Initial Temperature": 300,
            "Run time": 1000
        }
    ],
    "Simulation output": [
        {
            "Mean Square Displacement": 0.030893333072645867,
            "Self diffusion coefficient": 0.0006436111056801222,
            "Lindemann Criterion": 0.0641786587738957,
            "Specific Heat": 130.10097856947522,
            "Internal Temperature": 151.5362521807873,
            "Cohesive Energy": 0.1364494267617734,
            "Internal Pressure": -9.760117708167775e-07,
            "Bulk_modulus": 106.24993943237148,
            "Lattice constant": 0
        }
    ]
}