{
    "Simulation input": [
        {
            "Chemical formula": "Ag125Al374Au",
            "Database": "Materials Project",
            "Potential": "EMT",
            "Integrator": "Velocity-Verlet",
            "Lattice structure": "CUB(a=20.4076)",
            "a": 20.407565,
            "b": 20.407565,
            "c": 20.407565,
            "Alpha": 90.0,
            "Beta": 90.0,
            "Gamma": 90.0,
            "Volume": 8499.11225406152,
            "Initial Temperature": 300,
            "Run time": 1000
        }
    ],
    "Simulation output": [
        {
            "Mean Square Displacement": 0.048663393657160325,
            "Self diffusion coefficient": 0.0010138207011908401,
            "Lindemann Criterion": 0.07962318031968334,
            "Specific Heat": 262.29453974441066,
            "Internal Temperature": 214.0987946566392,
            "Cohesive Energy": 0.003383483839947827,
            "Internal Pressure": -1.4451570493707778e-06,
            "Bulk_modulus": 46.23553712890463,
            "Lattice constant": 0
        }
    ]
}