{
    "Simulation input": [
        {
            "Chemical formula": "AgAl124Pd375",
            "Database": "Materials Project",
            "Potential": "EMT",
            "Integrator": "Velocity-Verlet",
            "Lattice structure": "CUB(a=19.5469)",
            "a": 19.54693,
            "b": 19.54693,
            "c": 19.54693,
            "Alpha": 90.0,
            "Beta": 90.0,
            "Gamma": 90.0,
            "Volume": 7468.539342716455,
            "Initial Temperature": 300,
            "Run time": 1000
        }
    ],
    "Simulation output": [
        {
            "Mean Square Displacement": 0.08422045233584424,
            "Self diffusion coefficient": 0.0017545927569967551,
            "Lindemann Criterion": 0.11111735963255591,
            "Specific Heat": 143.79617874559608,
            "Internal Temperature": 314.53659638725526,
            "Cohesive Energy": 0.0929898045771949,
            "Internal Pressure": -4.9294485068356964e-06,
            "Bulk_modulus": 112.67160770594964,
            "Lattice constant": 0
        }
    ]
}