{
    "Simulation input": [
        {
            "Chemical formula": "Al499NiPd500",
            "Database": "Materials Project",
            "Potential": "EMT",
            "Integrator": "Velocity-Verlet",
            "Lattice structure": "CUB(a=24.5437)",
            "a": 24.543685000000004,
            "b": 24.543685000000004,
            "c": 24.543685000000004,
            "Alpha": 90.0,
            "Beta": 90.0,
            "Gamma": 90.0,
            "Volume": 14784.931112990605,
            "Initial Temperature": 300,
            "Run time": 1000
        }
    ],
    "Simulation output": [
        {
            "Mean Square Displacement": 0.9084059557905357,
            "Self diffusion coefficient": 0.018925124078969496,
            "Lindemann Criterion": 0.3838615892072285,
            "Specific Heat": 186.87024262820665,
            "Internal Temperature": 453.489243394376,
            "Cohesive Energy": 0.2366870255834285,
            "Internal Pressure": -4.533835819799036e-06,
            "Bulk_modulus": 73.97238040340727,
            "Lattice constant": 0
        }
    ]
}