{
    "Simulation input": [
        {
            "Chemical formula": "Cu125Pd125",
            "Database": "Materials Project",
            "Potential": "EMT",
            "Integrator": "Velocity-Verlet",
            "Lattice structure": "CUB(a=15.0907)",
            "a": 15.090655,
            "b": 15.090655,
            "c": 15.090655,
            "Alpha": 90.0,
            "Beta": 90.0,
            "Gamma": 90.0,
            "Volume": 3436.562694838742,
            "Initial Temperature": 300,
            "Run time": 1000
        }
    ],
    "Simulation output": [
        {
            "Mean Square Displacement": 0.08233613623741942,
            "Self diffusion coefficient": 0.0017153361716129047,
            "Lindemann Criterion": 0.11495440836001405,
            "Specific Heat": 146.73893460616932,
            "Internal Temperature": 156.1532101030129,
            "Cohesive Energy": 0.015368849322904537,
            "Internal Pressure": 6.986497530878406e-07,
            "Bulk_modulus": 145.77760700997192,
            "Lattice constant": 0
        }
    ]
}