{
    "Simulation input": [
        {
            "Chemical formula": "Al125Cu375",
            "Database": "Materials Project",
            "Potential": "EMT",
            "Integrator": "Velocity-Verlet",
            "Lattice structure": "FCC(a=29.1847)",
            "a": 20.636671,
            "b": 20.636671000000003,
            "c": 20.636671,
            "Alpha": 60.00000000000001,
            "Beta": 59.99999999999999,
            "Gamma": 60.00000000000001,
            "Volume": 6214.4675359729545,
            "Initial Temperature": 300,
            "Run time": 1000
        }
    ],
    "Simulation output": [
        {
            "Mean Square Displacement": 0.03929433442593869,
            "Self diffusion coefficient": 0.000818631967207056,
            "Lindemann Criterion": 0.08228098278243813,
            "Specific Heat": 229.21314899407562,
            "Internal Temperature": 151.06404145544758,
            "Cohesive Energy": 0.1529074747337603,
            "Internal Pressure": -3.019471564783553e-07,
            "Bulk_modulus": 83.8653457958676,
            "Lattice constant": 4.1273342
        }
    ]
}