{
    "Simulation input": [
        {
            "Chemical formula": "Ag375Ni125",
            "Database": "Materials Project",
            "Potential": "EMT",
            "Integrator": "Langevin",
            "Lattice structure": "CUB(a=20.0451)",
            "a": 20.04515,
            "b": 20.04515,
            "c": 20.04515,
            "Alpha": 90.0,
            "Beta": 90.0,
            "Gamma": 90.0,
            "Volume": 8054.302403389292,
            "Initial Temperature": 300,
            "Run time": 1000
        }
    ],
    "Simulation output": [
        {
            "Mean Square Displacement": 0.006194157904300159,
            "Self diffusion coefficient": 0.00012904495633958663,
            "Lindemann Criterion": 0.02853739002579403,
            "Specific Heat": 173907207385.9873,
            "Internal Temperature": 34.00699022375587,
            "Cohesive Energy": 0.12261881648423638,
            "Internal Pressure": -2.619085117506161e-06,
            "Bulk_modulus": 107.57307001302716,
            "Lattice constant": 0
        }
    ]
}