{
    "Simulation input": [
        {
            "Chemical formula": "Ni125",
            "Database": "Materials Project",
            "Potential": "EMT",
            "Integrator": "Velocity-Verlet",
            "Lattice structure": "FCC(a=18.2055)",
            "a": 12.87321335550288,
            "b": 12.87321335550288,
            "c": 12.87321335550288,
            "Alpha": 59.99999999999999,
            "Beta": 59.99999999999999,
            "Gamma": 59.99999999999999,
            "Volume": 1508.50204608357,
            "Initial Temperature": 300,
            "Run time": 1000
        }
    ],
    "Simulation output": [
        {
            "Mean Square Displacement": 0.011044872791288561,
            "Self diffusion coefficient": 0.00023010151648517835,
            "Lindemann Criterion": 0.04240152677279409,
            "Specific Heat": 212.4653657268916,
            "Internal Temperature": 152.8899809420241,
            "Cohesive Energy": 0.10256663403717234,
            "Internal Pressure": 3.9421160444544195e-07,
            "Bulk_modulus": 169.27886170666875,
            "Lattice constant": 2.574642671100576
        }
    ]
}