{
    "Simulation input": [
        {
            "Chemical formula": "Cu125",
            "Database": "Materials Project",
            "Potential": "EMT",
            "Integrator": "Velocity-Verlet",
            "Lattice structure": "FCC(a=18.1063)",
            "a": 12.8030946,
            "b": 12.8030946,
            "c": 12.8030946,
            "Alpha": 60.00000000000001,
            "Beta": 60.00000000000001,
            "Gamma": 60.00000000000001,
            "Volume": 1483.9862107102726,
            "Initial Temperature": 20,
            "Run time": 1000
        }
    ],
    "Simulation output": [
        {
            "Mean Square Displacement": 0.0009837062868035882,
            "Self diffusion coefficient": 2.0493880975074756e-05,
            "Lindemann Criterion": 0.012348720448323757,
            "Specific Heat": 196.24074997403648,
            "Internal Temperature": 9.699964004327828,
            "Cohesive Energy": 0.0023319521507182916,
            "Internal Pressure": 5.296346177964696e-07,
            "Bulk_modulus": 127.08490321633447,
            "Lattice constant": 0
        }
    ]
}