{
    "Simulation input": [
        {
            "Chemical formula": "Al250Au125",
            "Database": "Materials Project",
            "Potential": "EMT",
            "Integrator": "Velocity-Verlet",
            "Lattice structure": "FCC(a=30.3168)",
            "a": 21.4372007,
            "b": 21.4372007,
            "c": 21.437200699999998,
            "Alpha": 59.999999999999986,
            "Beta": 59.999999999999986,
            "Gamma": 59.99999999999999,
            "Volume": 6966.092291278917,
            "Initial Temperature": 300,
            "Run time": 1000
        }
    ],
    "Simulation output": [
        {
            "Mean Square Displacement": 2.9402308162259088,
            "Self diffusion coefficient": 0.0612548086713731,
            "Lindemann Criterion": 0.6755313169518762,
            "Specific Heat": 149.0893775211439,
            "Internal Temperature": 821.5070151881698,
            "Cohesive Energy": 0.24580598646869803,
            "Internal Pressure": 1.3808199923464967e-07,
            "Bulk_modulus": 51.72681971905347,
            "Lattice constant": 0
        }
    ]
}