{
    "Simulation input": [
        {
            "Chemical formula": "Ag124Au375Cu",
            "Database": "Materials Project",
            "Potential": "EMT",
            "Integrator": "Velocity-Verlet",
            "Lattice structure": "CUB(a=20.8511)",
            "a": 20.851065000000002,
            "b": 20.851065000000002,
            "c": 20.851065000000002,
            "Alpha": 90.0,
            "Beta": 90.0,
            "Gamma": 90.0,
            "Volume": 9065.353134334478,
            "Initial Temperature": 300,
            "Run time": 1000
        }
    ],
    "Simulation output": [
        {
            "Mean Square Displacement": 0.05918542832422821,
            "Self diffusion coefficient": 0.0012330297567547544,
            "Lindemann Criterion": 0.08525870345263457,
            "Specific Heat": 71.4208300476028,
            "Internal Temperature": 157.96950282721033,
            "Cohesive Energy": 0.06899077927317873,
            "Internal Pressure": -7.917808986329405e-07,
            "Bulk_modulus": 149.71893690076058,
            "Lattice constant": 0
        }
    ]
}