{
    "Simulation input": [
        {
            "Chemical formula": "Al125Pt125",
            "Database": "Materials Project",
            "Potential": "EMT",
            "Integrator": "Langevin",
            "Lattice structure": "CUB(a=15.4577)",
            "a": 15.457730000000002,
            "b": 15.457730000000002,
            "c": 15.457730000000002,
            "Alpha": 90.0,
            "Beta": 90.0,
            "Gamma": 90.0,
            "Volume": 3693.491905983805,
            "Initial Temperature": 300,
            "Run time": 1000
        }
    ],
    "Simulation output": [
        {
            "Mean Square Displacement": 0.9478294635594263,
            "Self diffusion coefficient": 0.019746447157488047,
            "Lindemann Criterion": 0.3737661664109036,
            "Specific Heat": 6051270450.129199,
            "Internal Temperature": 209.96335110384405,
            "Cohesive Energy": 0.1940920351108544,
            "Internal Pressure": 6.655403279681405e-06,
            "Bulk_modulus": 113.9884071189792,
            "Lattice constant": 0
        }
    ]
}