{
    "Simulation input": [
        {
            "Chemical formula": "NiPt124",
            "Database": "Materials Project",
            "Potential": "EMT",
            "Integrator": "Velocity-Verlet",
            "Lattice structure": "FCC(a=19.8838)",
            "a": 14.060005149999999,
            "b": 14.060005149999999,
            "c": 14.060005149999999,
            "Alpha": 59.999999999999986,
            "Beta": 59.99999999999999,
            "Gamma": 59.99999999999999,
            "Volume": 1965.356961751065,
            "Initial Temperature": 300,
            "Run time": 1000
        }
    ],
    "Simulation output": [
        {
            "Mean Square Displacement": 0.014583165198792592,
            "Self diffusion coefficient": 0.00030381594164151235,
            "Lindemann Criterion": 0.0445575301883642,
            "Specific Heat": 64.28233347833338,
            "Internal Temperature": 141.07659834349118,
            "Cohesive Energy": 0.04008341452890639,
            "Internal Pressure": 1.5618604230513007e-06,
            "Bulk_modulus": 276.6791287523539,
            "Lattice constant": 0
        }
    ]
}