{
    "Simulation input": [
        {
            "Chemical formula": "Pt500",
            "Database": "ASE",
            "Potential": "EMT_Asap_Standard_JacobsenStoltzeNorskov_1996_AlAgAuCuNiPdPt__MO_115316750986_001",
            "Integrator": "Velocity-Verlet",
            "Lattice structure": "CUB(a=19.6)",
            "a": 19.6,
            "b": 19.6,
            "c": 19.6,
            "Alpha": 90.0,
            "Beta": 90.0,
            "Gamma": 90.0,
            "Volume": 7529.536000000013,
            "Initial Temperature": 800,
            "Run time": 3000
        }
    ],
    "Simulation output": [
        {
            "Mean Square Displacement": 0.038693589313070945,
            "Self diffusion coefficient": 0.00023031898400637467,
            "Lindemann Criterion": 0.07573304827121176,
            "Specific Heat": 63.92279704926638,
            "Internal Temperature": 390.7887108823988,
            "Cohesive Energy": 5.801289922952695,
            "Internal Pressure": -9.213337140111266e-07,
            "Bulk_modulus": 272.7064333635843,
            "Lattice constant": 3.763694624804003
        }
    ]
}