{
    "Simulation input": [
        {
            "Chemical formula": "Ag499Al",
            "Database": "ASE",
            "Potential": "EMT_Asap_Standard_JacobsenStoltzeNorskov_1996_AlAgAuCuNiPdPt__MO_115316750986_001",
            "Integrator": "Velocity-Verlet",
            "Lattice structure": "CUB(a=20.45)",
            "a": 20.45,
            "b": 20.45,
            "c": 20.45,
            "Alpha": 90.0,
            "Beta": 90.0,
            "Gamma": 90.0,
            "Volume": 8552.241125000002,
            "Initial Temperature": 800,
            "Run time": 3000
        }
    ],
    "Simulation output": [
        {
            "Mean Square Displacement": 0.08670565722786774,
            "Self diffusion coefficient": 0.0005161051025468318,
            "Lindemann Criterion": 0.11143133901774335,
            "Specific Heat": 115.78060218222292,
            "Internal Temperature": 429.33799062515004,
            "Cohesive Energy": 2.8985765547513234,
            "Internal Pressure": -2.1962148320059574e-06,
            "Bulk_modulus": 91.19233745009255,
            "Lattice constant": 3.8347786021727415
        }
    ]
}