{
    "Simulation input": [
        {
            "Chemical formula": "Au375Cu125",
            "Database": "Materials Project",
            "Potential": "EMT",
            "Integrator": "Velocity-Verlet",
            "Lattice structure": "CUB(a=20.2664)",
            "a": 20.26643,
            "b": 20.26643,
            "c": 20.26643,
            "Alpha": 90.0,
            "Beta": 90.0,
            "Gamma": 90.0,
            "Volume": 8323.994009212862,
            "Initial Temperature": 20,
            "Run time": 1000
        }
    ],
    "Simulation output": [
        {
            "Mean Square Displacement": 0.0026486954708650253,
            "Self diffusion coefficient": 5.518115564302136e-05,
            "Lindemann Criterion": 0.01827271344720783,
            "Specific Heat": 76.21909528844556,
            "Internal Temperature": 9.721233975954409,
            "Cohesive Energy": 0.04600883025795581,
            "Internal Pressure": 1.8059308363694685e-07,
            "Bulk_modulus": 163.32460922579207,
            "Lattice constant": 0
        }
    ]
}