{
    "Simulation input": [
        {
            "Chemical formula": "Al125Au125",
            "Database": "Materials Project",
            "Potential": "EMT",
            "Integrator": "Langevin",
            "Lattice structure": "CUB(a=16.1197)",
            "a": 16.11971,
            "b": 16.11971,
            "c": 16.11971,
            "Alpha": 90.0,
            "Beta": 90.0,
            "Gamma": 90.0,
            "Volume": 4188.626858739057,
            "Initial Temperature": 300,
            "Run time": 1000
        }
    ],
    "Simulation output": [
        {
            "Mean Square Displacement": 0.12734331950312236,
            "Self diffusion coefficient": 0.002652985822981716,
            "Lindemann Criterion": 0.1343318270767916,
            "Specific Heat": 3380224577.917611,
            "Internal Temperature": 53.67523217705135,
            "Cohesive Energy": 0.0366320082413554,
            "Internal Pressure": -1.0999806248439668e-06,
            "Bulk_modulus": 76.95041311932229,
            "Lattice constant": 0
        }
    ]
}