{
    "Simulation input": [
        {
            "Chemical formula": "Ag499Cu",
            "Database": "ASE",
            "Potential": "EMT_Asap_Standard_JacobsenStoltzeNorskov_1996_AlAgAuCuNiPdPt__MO_115316750986_001",
            "Integrator": "Velocity-Verlet",
            "Lattice structure": "CUB(a=20.45)",
            "a": 20.45,
            "b": 20.45,
            "c": 20.45,
            "Alpha": 90.0,
            "Beta": 90.0,
            "Gamma": 90.0,
            "Volume": 8552.241125000002,
            "Initial Temperature": 600,
            "Run time": 3000
        }
    ],
    "Simulation output": [
        {
            "Mean Square Displacement": 0.06877103605235353,
            "Self diffusion coefficient": 0.00040935140507353295,
            "Lindemann Criterion": 0.09601149509348761,
            "Specific Heat": 115.70204451239894,
            "Internal Temperature": 355.0245646475264,
            "Cohesive Energy": 2.9080276877780866,
            "Internal Pressure": -3.7580747270794394e-06,
            "Bulk_modulus": 92.113358635499,
            "Lattice constant": 3.8347786021727415
        }
    ]
}