{
    "Simulation input": [
        {
            "Chemical formula": "Cu124Pd",
            "Database": "Materials Project",
            "Potential": "EMT",
            "Integrator": "Velocity-Verlet",
            "Lattice structure": "FCC(a=18.1063)",
            "a": 12.8030946,
            "b": 12.8030946,
            "c": 12.8030946,
            "Alpha": 60.00000000000001,
            "Beta": 60.00000000000001,
            "Gamma": 60.00000000000001,
            "Volume": 1483.9862107102726,
            "Initial Temperature": 300,
            "Run time": 1000
        }
    ],
    "Simulation output": [
        {
            "Mean Square Displacement": 0.014174024700133321,
            "Self diffusion coefficient": 0.00029529218125277755,
            "Lindemann Criterion": 0.04826075890554312,
            "Specific Heat": 195.18721935167616,
            "Internal Temperature": 143.7888744640522,
            "Cohesive Energy": 0.015612571939308439,
            "Internal Pressure": 2.441128206778497e-07,
            "Bulk_modulus": 126.1292626611753,
            "Lattice constant": 0
        }
    ]
}