{
    "Simulation input": [
        {
            "Chemical formula": "Al250Pt125",
            "Database": "Materials Project",
            "Potential": "EMT",
            "Integrator": "Velocity-Verlet",
            "Lattice structure": "FCC(a=29.7438)",
            "a": 21.032021450000002,
            "b": 21.032021450000002,
            "c": 21.03202145,
            "Alpha": 59.999999999999986,
            "Beta": 59.999999999999986,
            "Gamma": 59.99999999999999,
            "Volume": 6578.517741046045,
            "Initial Temperature": 300,
            "Run time": 3000
        }
    ],
    "Simulation output": [
        {
            "Mean Square Displacement": 14.533207583402964,
            "Self diffusion coefficient": 0.08650718799644622,
            "Lindemann Criterion": 1.585442653061244,
            "Specific Heat": 150.21635775125105,
            "Internal Temperature": 1893.710692932928,
            "Cohesive Energy": 0.3359297159965683,
            "Internal Pressure": 5.233522503550247e-07,
            "Bulk_modulus": 66.06816058331275,
            "Lattice constant": 3.7486362256057384
        }
    ]
}