{
    "Simulation input": [
        {
            "Chemical formula": "Au499Cu",
            "Database": "ASE",
            "Potential": "EMT_Asap_Standard_JacobsenStoltzeNorskov_1996_AlAgAuCuNiPdPt__MO_115316750986_001",
            "Integrator": "Velocity-Verlet",
            "Lattice structure": "CUB(a=20.4)",
            "a": 20.4,
            "b": 20.4,
            "c": 20.4,
            "Alpha": 90.0,
            "Beta": 90.0,
            "Gamma": 90.0,
            "Volume": 8489.664,
            "Initial Temperature": 400,
            "Run time": 3000
        }
    ],
    "Simulation output": [
        {
            "Mean Square Displacement": 0.06480262784443662,
            "Self diffusion coefficient": 0.0003857299276454561,
            "Lindemann Criterion": 0.09109389329143272,
            "Specific Heat": 63.3977233985038,
            "Internal Temperature": 249.34907057750263,
            "Cohesive Energy": 3.7604719982847357,
            "Internal Pressure": -5.851800950467783e-07,
            "Bulk_modulus": 171.06111530483682,
            "Lattice constant": 3.8073118842989633
        }
    ]
}