{
    "Simulation input": [
        {
            "Chemical formula": "Al250Au125",
            "Database": "Materials Project",
            "Potential": "EMT",
            "Integrator": "Velocity-Verlet",
            "Lattice structure": "FCC(a=30.3168)",
            "a": 21.4372007,
            "b": 21.4372007,
            "c": 21.437200699999998,
            "Alpha": 59.999999999999986,
            "Beta": 59.999999999999986,
            "Gamma": 59.99999999999999,
            "Volume": 6966.092291278917,
            "Initial Temperature": 20,
            "Run time": 1000
        }
    ],
    "Simulation output": [
        {
            "Mean Square Displacement": 2.1411377686428064,
            "Self diffusion coefficient": 0.04460703684672513,
            "Lindemann Criterion": 0.552000612451866,
            "Specific Heat": 149.0893771401669,
            "Internal Temperature": 345.57979469199955,
            "Cohesive Energy": 0.2730153998694648,
            "Internal Pressure": 4.49699859829393e-06,
            "Bulk_modulus": 52.89185646467343,
            "Lattice constant": 0
        }
    ]
}