{
    "Simulation input": [
        {
            "Chemical formula": "AlPd124",
            "Database": "Materials Project",
            "Potential": "EMT",
            "Integrator": "Velocity-Verlet",
            "Lattice structure": "FCC(a=19.7853)",
            "a": 13.990340999999999,
            "b": 13.990340999999999,
            "c": 13.990340999999999,
            "Alpha": 59.99999999999999,
            "Beta": 59.99999999999999,
            "Gamma": 59.99999999999999,
            "Volume": 1936.287770389967,
            "Initial Temperature": 300,
            "Run time": 1000
        }
    ],
    "Simulation output": [
        {
            "Mean Square Displacement": 0.022199551734007245,
            "Self diffusion coefficient": 0.00046249066112515096,
            "Lindemann Criterion": 0.05575596868216868,
            "Specific Heat": 117.88414749199482,
            "Internal Temperature": 169.99907262775412,
            "Cohesive Energy": 0.04721955655480507,
            "Internal Pressure": 8.142316639984729e-07,
            "Bulk_modulus": 173.46090280603934,
            "Lattice constant": 0
        }
    ]
}