{
    "Simulation input": [
        {
            "Chemical formula": "AgAu499",
            "Database": "ASE",
            "Potential": "EMT_Asap_Standard_JacobsenStoltzeNorskov_1996_AlAgAuCuNiPdPt__MO_115316750986_001",
            "Integrator": "Velocity-Verlet",
            "Lattice structure": "CUB(a=20.4)",
            "a": 20.4,
            "b": 20.4,
            "c": 20.4,
            "Alpha": 90.0,
            "Beta": 90.0,
            "Gamma": 90.0,
            "Volume": 8489.664,
            "Initial Temperature": 800,
            "Run time": 3000
        }
    ],
    "Simulation output": [
        {
            "Mean Square Displacement": 0.15152702239525456,
            "Self diffusion coefficient": 0.0009019465618765153,
            "Lindemann Criterion": 0.14733444143270072,
            "Specific Heat": 63.369165546809796,
            "Internal Temperature": 537.3070548498205,
            "Cohesive Energy": 3.7239017961067566,
            "Internal Pressure": -7.862143664913472e-07,
            "Bulk_modulus": 165.68850454589548,
            "Lattice constant": 3.8073118842989633
        }
    ]
}