{
    "Simulation input": [
        {
            "Chemical formula": "Al125Pd125",
            "Database": "Materials Project",
            "Potential": "EMT",
            "Integrator": "Langevin",
            "Lattice structure": "CUB(a=15.3878)",
            "a": 15.387830000000001,
            "b": 15.387830000000001,
            "c": 15.387830000000001,
            "Alpha": 90.0,
            "Beta": 90.0,
            "Gamma": 90.0,
            "Volume": 3643.612129228699,
            "Initial Temperature": 300,
            "Run time": 1000
        }
    ],
    "Simulation output": [
        {
            "Mean Square Displacement": 0.1525785435356738,
            "Self diffusion coefficient": 0.003178719656993204,
            "Lindemann Criterion": 0.15122673255371313,
            "Specific Heat": 73904898466.18484,
            "Internal Temperature": 61.45559406042591,
            "Cohesive Energy": 0.1681304920328535,
            "Internal Pressure": 4.370679670265553e-07,
            "Bulk_modulus": 74.1059883668998,
            "Lattice constant": 0
        }
    ]
}