{
    "Simulation input": [
        {
            "Chemical formula": "Al499Au",
            "Database": "ASE",
            "Potential": "EMT_Asap_Standard_JacobsenStoltzeNorskov_1996_AlAgAuCuNiPdPt__MO_115316750986_001",
            "Integrator": "Velocity-Verlet",
            "Lattice structure": "CUB(a=20.25)",
            "a": 20.25,
            "b": 20.25,
            "c": 20.25,
            "Alpha": 90.0,
            "Beta": 90.0,
            "Gamma": 90.0,
            "Volume": 8303.765624999998,
            "Initial Temperature": 800,
            "Run time": 3000
        }
    ],
    "Simulation output": [
        {
            "Mean Square Displacement": 0.2175669407704611,
            "Self diffusion coefficient": 0.0012950413141098874,
            "Lindemann Criterion": 0.1786424424870519,
            "Specific Heat": 456.4284915569141,
            "Internal Temperature": 471.1307311089642,
            "Cohesive Energy": 3.21666388469393,
            "Internal Pressure": 4.063852816827967e-07,
            "Bulk_modulus": 34.2772308599324,
            "Lattice constant": 3.9156921639693607
        }
    ]
}