{
    "Simulation input": [
        {
            "Chemical formula": "AgAl499",
            "Database": "ASE",
            "Potential": "EMT_Asap_Standard_JacobsenStoltzeNorskov_1996_AlAgAuCuNiPdPt__MO_115316750986_001",
            "Integrator": "Velocity-Verlet",
            "Lattice structure": "CUB(a=20.25)",
            "a": 20.25,
            "b": 20.25,
            "c": 20.25,
            "Alpha": 90.0,
            "Beta": 90.0,
            "Gamma": 90.0,
            "Volume": 8303.765624999998,
            "Initial Temperature": 1100,
            "Run time": 3000
        }
    ],
    "Simulation output": [
        {
            "Mean Square Displacement": 0.2432330653252821,
            "Self diffusion coefficient": 0.001447815865031441,
            "Lindemann Criterion": 0.18271777136059394,
            "Specific Heat": 459.42495966872565,
            "Internal Temperature": 612.4088422955655,
            "Cohesive Energy": 3.1960847257009295,
            "Internal Pressure": 6.055263855139614e-07,
            "Bulk_modulus": 33.68905638030352,
            "Lattice constant": 3.9156921639693607
        }
    ]
}