{
    "Simulation input": [
        {
            "Chemical formula": "Al125Au124Cu",
            "Database": "Materials Project",
            "Potential": "EMT",
            "Integrator": "Velocity-Verlet",
            "Lattice structure": "CUB(a=16.1197)",
            "a": 16.11971,
            "b": 16.11971,
            "c": 16.11971,
            "Alpha": 90.0,
            "Beta": 90.0,
            "Gamma": 90.0,
            "Volume": 4188.626858739057,
            "Initial Temperature": 300,
            "Run time": 1000
        }
    ],
    "Simulation output": [
        {
            "Mean Square Displacement": 0.2287707607886498,
            "Self diffusion coefficient": 0.004766057516430204,
            "Lindemann Criterion": 0.17713494903360627,
            "Specific Heat": 111.90123212275459,
            "Internal Temperature": 201.42267314286207,
            "Cohesive Energy": 0.051948304171870685,
            "Internal Pressure": -5.026329981732222e-08,
            "Bulk_modulus": 76.03038645468969,
            "Lattice constant": 3.223942
        }
    ]
}