{
    "Simulation input": [
        {
            "Chemical formula": "Al499Pd",
            "Database": "ASE",
            "Potential": "EMT_Asap_Standard_JacobsenStoltzeNorskov_1996_AlAgAuCuNiPdPt__MO_115316750986_001",
            "Integrator": "Velocity-Verlet",
            "Lattice structure": "CUB(a=20.25)",
            "a": 20.25,
            "b": 20.25,
            "c": 20.25,
            "Alpha": 90.0,
            "Beta": 90.0,
            "Gamma": 90.0,
            "Volume": 8303.765624999998,
            "Initial Temperature": 900,
            "Run time": 3000
        }
    ],
    "Simulation output": [
        {
            "Mean Square Displacement": 0.24775439590352558,
            "Self diffusion coefficient": 0.0014747285470447951,
            "Lindemann Criterion": 0.19832899799396153,
            "Specific Heat": 459.4739890749502,
            "Internal Temperature": 501.0199101321852,
            "Cohesive Energy": 3.212832031687865,
            "Internal Pressure": 3.1161672497792676e-07,
            "Bulk_modulus": 34.02644085723377,
            "Lattice constant": 3.9156921639693607
        }
    ]
}