{
    "Simulation input": [
        {
            "Chemical formula": "Al2000Cu4500",
            "Database": "Materials Project",
            "Potential": "EMT",
            "Integrator": "Langevin",
            "Lattice structure": "CUB(a=43.5073)",
            "a": 43.50731,
            "b": 43.50731,
            "c": 43.50731,
            "Alpha": 90.0,
            "Beta": 90.0,
            "Gamma": 90.0,
            "Volume": 82354.37901630164,
            "Initial Temperature": 300,
            "Run time": 1000
        }
    ],
    "Simulation output": [
        {
            "Mean Square Displacement": 0.08551616864852436,
            "Self diffusion coefficient": 0.0017815868468442576,
            "Lindemann Criterion": 0.12138839528410562,
            "Specific Heat": 2393224003219.2944,
            "Internal Temperature": 57.585795708643055,
            "Cohesive Energy": 0.15577838990963108,
            "Internal Pressure": 5.785417527386763e-07,
            "Bulk_modulus": 78.81597214030938,
            "Lattice constant": 0
        }
    ]
}