{
    "Simulation input": [
        {
            "Chemical formula": "Ag499Au",
            "Database": "ASE",
            "Potential": "EMT_Asap_Standard_JacobsenStoltzeNorskov_1996_AlAgAuCuNiPdPt__MO_115316750986_001",
            "Integrator": "Velocity-Verlet",
            "Lattice structure": "CUB(a=20.45)",
            "a": 20.45,
            "b": 20.45,
            "c": 20.45,
            "Alpha": 90.0,
            "Beta": 90.0,
            "Gamma": 90.0,
            "Volume": 8552.241125000002,
            "Initial Temperature": 1300,
            "Run time": 3000
        }
    ],
    "Simulation output": [
        {
            "Mean Square Displacement": 0.1964080528599016,
            "Self diffusion coefficient": 0.0011690955527375094,
            "Lindemann Criterion": 0.1608025353532113,
            "Specific Heat": 115.41629629535127,
            "Internal Temperature": 795.9520754705094,
            "Cohesive Energy": 2.853388932458866,
            "Internal Pressure": -3.316028814701941e-06,
            "Bulk_modulus": 87.67855585518556,
            "Lattice constant": 3.8347786021727415
        }
    ]
}