{
    "Simulation input": [
        {
            "Chemical formula": "Al124Pd",
            "Database": "Materials Project",
            "Potential": "EMT",
            "Integrator": "Velocity-Verlet",
            "Lattice structure": "BCC(a=16.1025)",
            "a": 13.94517405,
            "b": 13.945174050000002,
            "c": 13.945174049999999,
            "Alpha": 109.47122063,
            "Beta": 109.47122063,
            "Gamma": 109.47122062999999,
            "Volume": 2087.6126823078234,
            "Initial Temperature": 300,
            "Run time": 1000
        }
    ],
    "Simulation output": [
        {
            "Mean Square Displacement": 0.20333280399579168,
            "Self diffusion coefficient": 0.00423610008324566,
            "Lindemann Criterion": 0.16534581652731095,
            "Specific Heat": 451.5441153288059,
            "Internal Temperature": 167.5115027590453,
            "Cohesive Energy": 0.044209483141515855,
            "Internal Pressure": -1.3539106626302906e-06,
            "Bulk_modulus": 35.776617821521796,
            "Lattice constant": 0
        }
    ]
}