{
    "Simulation input": [
        {
            "Chemical formula": "Al125Cu124Ni",
            "Database": "Materials Project",
            "Potential": "EMT",
            "Integrator": "Velocity-Verlet",
            "Lattice structure": "CUB(a=14.9875)",
            "a": 14.987545,
            "b": 14.987545,
            "c": 14.987545,
            "Alpha": 90.0,
            "Beta": 90.0,
            "Gamma": 90.0,
            "Volume": 3366.5998537840187,
            "Initial Temperature": 300,
            "Run time": 1000
        }
    ],
    "Simulation output": [
        {
            "Mean Square Displacement": 0.4195626355318476,
            "Self diffusion coefficient": 0.008740888240246825,
            "Lindemann Criterion": 0.2737463496125723,
            "Specific Heat": 275.6214297093889,
            "Internal Temperature": 190.26010530171646,
            "Cohesive Energy": 0.18615736799455812,
            "Internal Pressure": -3.894278830178095e-07,
            "Bulk_modulus": 60.65928915963399,
            "Lattice constant": 0
        }
    ]
}