{
    "Simulation input": [
        {
            "Chemical formula": "Al124CuNi375",
            "Database": "Materials Project",
            "Potential": "EMT",
            "Integrator": "Velocity-Verlet",
            "Lattice structure": "CUB(a=17.8054)",
            "a": 17.80542,
            "b": 17.80542,
            "c": 17.80542,
            "Alpha": 90.0,
            "Beta": 90.0,
            "Gamma": 90.0,
            "Volume": 5644.905387258983,
            "Initial Temperature": 300,
            "Run time": 1000
        }
    ],
    "Simulation output": [
        {
            "Mean Square Displacement": 0.030543653396229834,
            "Self diffusion coefficient": 0.0006363261124214548,
            "Lindemann Criterion": 0.07202982368797355,
            "Specific Heat": 245.2924326574144,
            "Internal Temperature": 263.9693486586847,
            "Cohesive Energy": 0.31744491336760383,
            "Internal Pressure": -4.238478929111806e-06,
            "Bulk_modulus": 103.36442600795193,
            "Lattice constant": 3.561084
        }
    ]
}