{
    "Simulation input": [
        {
            "Chemical formula": "Ag125Al374Ni",
            "Database": "Materials Project",
            "Potential": "EMT",
            "Integrator": "Velocity-Verlet",
            "Lattice structure": "CUB(a=20.4076)",
            "a": 20.407565,
            "b": 20.407565,
            "c": 20.407565,
            "Alpha": 90.0,
            "Beta": 90.0,
            "Gamma": 90.0,
            "Volume": 8499.11225406152,
            "Initial Temperature": 300,
            "Run time": 1000
        }
    ],
    "Simulation output": [
        {
            "Mean Square Displacement": 0.06243588637906492,
            "Self diffusion coefficient": 0.001300747632897186,
            "Lindemann Criterion": 0.09258479475878371,
            "Specific Heat": 263.8291657187399,
            "Internal Temperature": 194.26266974631866,
            "Cohesive Energy": 0.001615770912787702,
            "Internal Pressure": -1.981248208451839e-07,
            "Bulk_modulus": 46.26317059546389,
            "Lattice constant": 4.081513
        }
    ]
}