{
    "Simulation input": [
        {
            "Chemical formula": "Au500",
            "Database": "ASE",
            "Potential": "EMT_Asap_Standard_JacobsenStoltzeNorskov_1996_AlAgAuCuNiPdPt__MO_115316750986_001",
            "Integrator": "Velocity-Verlet",
            "Lattice structure": "CUB(a=20.4)",
            "a": 20.4,
            "b": 20.4,
            "c": 20.4,
            "Alpha": 90.0,
            "Beta": 90.0,
            "Gamma": 90.0,
            "Volume": 8489.664,
            "Initial Temperature": 1300,
            "Run time": 3000
        }
    ],
    "Simulation output": [
        {
            "Mean Square Displacement": 0.13374814922518893,
            "Self diffusion coefficient": 0.0007961199358642199,
            "Lindemann Criterion": 0.14155940582704732,
            "Specific Heat": 63.31183511430739,
            "Internal Temperature": 683.5790370712344,
            "Cohesive Energy": 3.7159047867302473,
            "Internal Pressure": -1.722642672910332e-06,
            "Bulk_modulus": 164.97420517170988,
            "Lattice constant": 3.8073118842991214
        }
    ]
}