{
    "Simulation input": [
        {
            "Chemical formula": "AgAu124",
            "Database": "Materials Project",
            "Potential": "EMT",
            "Integrator": "Velocity-Verlet",
            "Lattice structure": "FCC(a=16.6852)",
            "a": 11.798184120000002,
            "b": 11.798184120000002,
            "c": 11.79818412,
            "Alpha": 59.99999999999999,
            "Beta": 59.99999999999999,
            "Gamma": 60.00000000000001,
            "Volume": 1161.2627901639548,
            "Initial Temperature": 300,
            "Run time": 1000
        }
    ],
    "Simulation output": [
        {
            "Mean Square Displacement": 0.06111978610592268,
            "Self diffusion coefficient": 0.0012733288772067226,
            "Lindemann Criterion": 0.09231701998621074,
            "Specific Heat": 63.54178025935273,
            "Internal Temperature": 154.48289320459756,
            "Cohesive Energy": 0.07569271755628161,
            "Internal Pressure": 4.2012367845378525e-06,
            "Bulk_modulus": null,
            "Lattice constant": 0
        }
    ]
}