{
    "Simulation input": [
        {
            "Chemical formula": "Al250Cu125",
            "Database": "Materials Project",
            "Potential": "EMT",
            "Integrator": "Velocity-Verlet",
            "Lattice structure": "FCC(a=28.8455)",
            "a": 20.396884,
            "b": 20.396884000000004,
            "c": 20.396884,
            "Alpha": 59.99999999999999,
            "Beta": 59.999999999999986,
            "Gamma": 59.99999999999999,
            "Volume": 6000.3485727212665,
            "Initial Temperature": 300,
            "Run time": 1000
        }
    ],
    "Simulation output": [
        {
            "Mean Square Displacement": 3.6938973224600566,
            "Self diffusion coefficient": 0.07695619421791784,
            "Lindemann Criterion": 0.7334405897759714,
            "Specific Heat": 318.3664248406401,
            "Internal Temperature": 1033.8899026993329,
            "Cohesive Energy": 0.328832364472826,
            "Internal Pressure": 5.399679952786109e-07,
            "Bulk_modulus": 42.9274526168349,
            "Lattice constant": 4.0793768
        }
    ]
}