{
    "Simulation input": [
        {
            "Chemical formula": "Al124Ni375",
            "Database": "Materials Project",
            "Potential": "EMT",
            "Integrator": "Velocity-Verlet",
            "Lattice structure": "CUB(a=17.8054)",
            "a": 17.80542,
            "b": 17.80542,
            "c": 17.80542,
            "Alpha": 90.0,
            "Beta": 90.0,
            "Gamma": 90.0,
            "Volume": 5644.905387258983,
            "Initial Temperature": 300,
            "Run time": 1000
        }
    ],
    "Simulation output": [
        {
            "Mean Square Displacement": 0.06308834288095863,
            "Self diffusion coefficient": 0.001314340476686638,
            "Lindemann Criterion": 0.11130781837147798,
            "Specific Heat": 245.41536492036278,
            "Internal Temperature": 792.373757788325,
            "Cohesive Energy": 0.3808879092427424,
            "Internal Pressure": -1.980029036764493e-06,
            "Bulk_modulus": 100.67116417150207,
            "Lattice constant": 0
        }
    ]
}