{
    "Simulation input": [
        {
            "Chemical formula": "Al124Pd125",
            "Database": "Materials Project",
            "Potential": "EMT",
            "Integrator": "Velocity-Verlet",
            "Lattice structure": "CUB(a=15.3878)",
            "a": 15.387830000000001,
            "b": 15.387830000000001,
            "c": 15.387830000000001,
            "Alpha": 90.0,
            "Beta": 90.0,
            "Gamma": 90.0,
            "Volume": 3643.612129228699,
            "Initial Temperature": 300,
            "Run time": 1000
        }
    ],
    "Simulation output": [
        {
            "Mean Square Displacement": 1.0279821323644562,
            "Self diffusion coefficient": 0.021416294424259505,
            "Lindemann Criterion": 0.4109150251350019,
            "Specific Heat": 186.51304003262527,
            "Internal Temperature": 723.3487078736355,
            "Cohesive Energy": 0.2272558594520274,
            "Internal Pressure": -2.1573584216623973e-06,
            "Bulk_modulus": 76.43902644662954,
            "Lattice constant": 0
        }
    ]
}