{
    "Simulation input": [
        {
            "Chemical formula": "Al125Cu124Pd",
            "Database": "Materials Project",
            "Potential": "EMT",
            "Integrator": "Velocity-Verlet",
            "Lattice structure": "CUB(a=14.9875)",
            "a": 14.987545,
            "b": 14.987545,
            "c": 14.987545,
            "Alpha": 90.0,
            "Beta": 90.0,
            "Gamma": 90.0,
            "Volume": 3366.5998537840187,
            "Initial Temperature": 300,
            "Run time": 1000
        }
    ],
    "Simulation output": [
        {
            "Mean Square Displacement": 0.15048753556626518,
            "Self diffusion coefficient": 0.003135156990963858,
            "Lindemann Criterion": 0.15116691982739702,
            "Specific Heat": 274.4633449693454,
            "Internal Temperature": 162.45771795512982,
            "Cohesive Energy": 0.18653256992169995,
            "Internal Pressure": -2.1302298269607005e-07,
            "Bulk_modulus": 60.01754262179156,
            "Lattice constant": 2.997509
        }
    ]
}