{
    "Simulation input": [
        {
            "Chemical formula": "AlPt499",
            "Database": "ASE",
            "Potential": "EMT_Asap_Standard_JacobsenStoltzeNorskov_1996_AlAgAuCuNiPdPt__MO_115316750986_001",
            "Integrator": "Velocity-Verlet",
            "Lattice structure": "CUB(a=19.6)",
            "a": 19.6,
            "b": 19.6,
            "c": 19.6,
            "Alpha": 90.0,
            "Beta": 90.0,
            "Gamma": 90.0,
            "Volume": 7529.536000000013,
            "Initial Temperature": 300,
            "Run time": 3000
        }
    ],
    "Simulation output": [
        {
            "Mean Square Displacement": 0.02533676269363604,
            "Self diffusion coefficient": 0.00015081406365259547,
            "Lindemann Criterion": 0.06090580482250852,
            "Specific Heat": 64.03315084838442,
            "Internal Temperature": 243.51041459249743,
            "Cohesive Energy": 5.802355451193494,
            "Internal Pressure": -5.576487868992395e-06,
            "Bulk_modulus": 272.95199416297504,
            "Lattice constant": 3.763694624804003
        }
    ]
}