{
    "Simulation input": [
        {
            "Chemical formula": "Ag124Pd",
            "Database": "Materials Project",
            "Potential": "EMT",
            "Integrator": "Velocity-Verlet",
            "Lattice structure": "FCC(a=16.6422)",
            "a": 11.767806800000002,
            "b": 11.7678068,
            "c": 11.7678068,
            "Alpha": 59.999999999999986,
            "Beta": 59.99999999999999,
            "Gamma": 59.99999999999999,
            "Volume": 1152.3159974732619,
            "Initial Temperature": 300,
            "Run time": 1000
        }
    ],
    "Simulation output": [
        {
            "Mean Square Displacement": 0.022565852026333207,
            "Self diffusion coefficient": 0.00047012191721527513,
            "Lindemann Criterion": 0.05215889279946497,
            "Specific Heat": 115.61937824023114,
            "Internal Temperature": 159.67135135881358,
            "Cohesive Energy": 0.04547027485226951,
            "Internal Pressure": 7.980535924693248e-07,
            "Bulk_modulus": null,
            "Lattice constant": 0
        }
    ]
}