{
    "Simulation input": [
        {
            "Chemical formula": "Al125",
            "Database": "Materials Project",
            "Potential": "EMT",
            "Integrator": "Velocity-Verlet",
            "Lattice structure": "BCC(a=16.1025)",
            "a": 13.94517405,
            "b": 13.945174050000002,
            "c": 13.945174049999999,
            "Alpha": 109.47122063,
            "Beta": 109.47122063,
            "Gamma": 109.47122062999999,
            "Volume": 2087.6126823078234,
            "Initial Temperature": 300,
            "Run time": 1000
        }
    ],
    "Simulation output": [
        {
            "Mean Square Displacement": 0.139030673931607,
            "Self diffusion coefficient": 0.002896472373575146,
            "Lindemann Criterion": 0.13763169482423213,
            "Specific Heat": 462.179526704888,
            "Internal Temperature": 151.07060025678447,
            "Cohesive Energy": 0.04170969348672212,
            "Internal Pressure": -8.744499425740246e-07,
            "Bulk_modulus": 35.39041931285572,
            "Lattice constant": 0
        }
    ]
}