{
    "Simulation input": [
        {
            "Chemical formula": "Al125Cu375",
            "Database": "Materials Project",
            "Potential": "EMT",
            "Integrator": "Langevin",
            "Lattice structure": "CUB(a=18.3574)",
            "a": 18.357405,
            "b": 18.357405,
            "c": 18.357405,
            "Alpha": 90.0,
            "Beta": 90.0,
            "Gamma": 90.0,
            "Volume": 6186.341184356621,
            "Initial Temperature": 300,
            "Run time": 1000
        }
    ],
    "Simulation output": [
        {
            "Mean Square Displacement": 0.0042577212613326525,
            "Self diffusion coefficient": 8.870252627776359e-05,
            "Lindemann Criterion": 0.025673998153762242,
            "Specific Heat": 283745932746.9667,
            "Internal Temperature": 34.00096753048888,
            "Cohesive Energy": 0.11817881854917986,
            "Internal Pressure": 6.273500817640029e-07,
            "Bulk_modulus": 85.53735147551205,
            "Lattice constant": 0
        }
    ]
}