{
    "Simulation input": [
        {
            "Chemical formula": "AlPt499",
            "Database": "ASE",
            "Potential": "EMT_Asap_Standard_JacobsenStoltzeNorskov_1996_AlAgAuCuNiPdPt__MO_115316750986_001",
            "Integrator": "Velocity-Verlet",
            "Lattice structure": "CUB(a=19.6)",
            "a": 19.6,
            "b": 19.6,
            "c": 19.6,
            "Alpha": 90.0,
            "Beta": 90.0,
            "Gamma": 90.0,
            "Volume": 7529.536000000013,
            "Initial Temperature": 400,
            "Run time": 3000
        }
    ],
    "Simulation output": [
        {
            "Mean Square Displacement": 0.03660543727801968,
            "Self diffusion coefficient": 0.00021788950760726002,
            "Lindemann Criterion": 0.07383505724911626,
            "Specific Heat": 64.0331508483892,
            "Internal Temperature": 290.28600077668136,
            "Cohesive Energy": 5.796569130914629,
            "Internal Pressure": -5.112110711956794e-06,
            "Bulk_modulus": 271.76074272968805,
            "Lattice constant": 3.763694624804003
        }
    ]
}