{
    "Simulation input": [
        {
            "Chemical formula": "Al125Cu375",
            "Database": "Materials Project",
            "Potential": "EMT",
            "Integrator": "Velocity-Verlet",
            "Lattice structure": "FCC(a=30.7839)",
            "a": 21.767484050149992,
            "b": 21.767484050149992,
            "c": 21.76748405014999,
            "Alpha": 59.999999999999986,
            "Beta": 59.999999999999986,
            "Gamma": 59.99999999999999,
            "Volume": 7293.0586628397705,
            "Initial Temperature": 300,
            "Run time": 1000
        }
    ],
    "Simulation output": [
        {
            "Mean Square Displacement": 0.14114183564390903,
            "Self diffusion coefficient": 0.0029404549092481047,
            "Lindemann Criterion": 0.151124195162966,
            "Specific Heat": 229.21314899177497,
            "Internal Temperature": 315.7332402812835,
            "Cohesive Energy": 0.21942028350311946,
            "Internal Pressure": -1.577242083181131e-06,
            "Bulk_modulus": 80.6056335943121,
            "Lattice constant": 4.353496810029998
        }
    ]
}