{
    "Simulation input": [
        {
            "Chemical formula": "Au499Cu",
            "Database": "ASE",
            "Potential": "EMT_Asap_Standard_JacobsenStoltzeNorskov_1996_AlAgAuCuNiPdPt__MO_115316750986_001",
            "Integrator": "Velocity-Verlet",
            "Lattice structure": "CUB(a=20.4)",
            "a": 20.4,
            "b": 20.4,
            "c": 20.4,
            "Alpha": 90.0,
            "Beta": 90.0,
            "Gamma": 90.0,
            "Volume": 8489.664,
            "Initial Temperature": 500,
            "Run time": 3000
        }
    ],
    "Simulation output": [
        {
            "Mean Square Displacement": 0.07598827422646343,
            "Self diffusion coefficient": 0.0004523111561099013,
            "Lindemann Criterion": 0.10039252732371853,
            "Specific Heat": 63.39772339852143,
            "Internal Temperature": 298.5668820275744,
            "Cohesive Energy": 3.7545006543486914,
            "Internal Pressure": 2.417278727632851e-07,
            "Bulk_modulus": 170.5754670273773,
            "Lattice constant": 3.8073118842989633
        }
    ]
}