{
    "Simulation input": [
        {
            "Chemical formula": "Ni500",
            "Database": "ASE",
            "Potential": "EMT_Asap_Standard_JacobsenStoltzeNorskov_1996_AlAgAuCuNiPdPt__MO_115316750986_001",
            "Integrator": "Velocity-Verlet",
            "Lattice structure": "CUB(a=17.6)",
            "a": 17.6,
            "b": 17.6,
            "c": 17.6,
            "Alpha": 90.0,
            "Beta": 90.0,
            "Gamma": 90.0,
            "Volume": 5451.776,
            "Initial Temperature": 1300,
            "Run time": 3000
        }
    ],
    "Simulation output": [
        {
            "Mean Square Displacement": 0.048421692696094795,
            "Self diffusion coefficient": 0.0002882243612862785,
            "Lindemann Criterion": 0.09488486313005419,
            "Specific Heat": 212.46536986370572,
            "Internal Temperature": 643.9779278847008,
            "Cohesive Energy": 4.365776689922767,
            "Internal Pressure": 2.6484735347591915e-07,
            "Bulk_modulus": 162.2175518557347,
            "Lattice constant": 3.491411420444396
        }
    ]
}