{
    "Simulation input": [
        {
            "Chemical formula": "Cu500",
            "Database": "ASE",
            "Potential": "EMT_Asap_Standard_JacobsenStoltzeNorskov_1996_AlAgAuCuNiPdPt__MO_115316750986_001",
            "Integrator": "Velocity-Verlet",
            "Lattice structure": "CUB(a=18.05)",
            "a": 18.05,
            "b": 18.05,
            "c": 18.05,
            "Alpha": 90.0,
            "Beta": 90.0,
            "Gamma": 90.0,
            "Volume": 5880.735125000003,
            "Initial Temperature": 900,
            "Run time": 3000
        }
    ],
    "Simulation output": [
        {
            "Mean Square Displacement": 0.06267427047795926,
            "Self diffusion coefficient": 0.00037306113379737655,
            "Lindemann Criterion": 0.10787778984513069,
            "Specific Heat": 196.24075377769998,
            "Internal Temperature": 462.27107821602993,
            "Cohesive Energy": 3.45633637313545,
            "Internal Pressure": 7.408100445284052e-07,
            "Bulk_modulus": 121.67252010974254,
            "Lattice constant": 3.5869094586514447
        }
    ]
}