{
    "Simulation input": [
        {
            "Chemical formula": "Al1999Cu4500Pd",
            "Database": "Materials Project",
            "Potential": "EMT",
            "Integrator": "Velocity-Verlet",
            "Lattice structure": "CUB(a=43.5073)",
            "a": 43.50731,
            "b": 43.50731,
            "c": 43.50731,
            "Alpha": 90.0,
            "Beta": 90.0,
            "Gamma": 90.0,
            "Volume": 82354.37901630164,
            "Initial Temperature": 300,
            "Run time": 1000
        }
    ],
    "Simulation output": [
        {
            "Mean Square Displacement": 0.11342591221391933,
            "Self diffusion coefficient": 0.002363039837789986,
            "Lindemann Criterion": 0.1357847065430087,
            "Specific Heat": 238.4034195011636,
            "Internal Temperature": 201.81142481350574,
            "Cohesive Energy": 0.17460884816954286,
            "Internal Pressure": -1.8496728406267764e-06,
            "Bulk_modulus": 78.00118501979806,
            "Lattice constant": 8.701462
        }
    ]
}