{
    "Simulation input": [
        {
            "Chemical formula": "Al125Pt375",
            "Database": "Materials Project",
            "Potential": "EMT",
            "Integrator": "Velocity-Verlet",
            "Lattice structure": "CUB(a=19.614)",
            "a": 19.61404,
            "b": 19.61404,
            "c": 19.61404,
            "Alpha": 90.0,
            "Beta": 90.0,
            "Gamma": 90.0,
            "Volume": 7545.72841271767,
            "Initial Temperature": 300,
            "Run time": 1000
        }
    ],
    "Simulation output": [
        {
            "Mean Square Displacement": 0.020169207809664302,
            "Self diffusion coefficient": 0.0004201918293680063,
            "Lindemann Criterion": 0.05242188124300608,
            "Specific Heat": 81.47423583500698,
            "Internal Temperature": 159.91424626492542,
            "Cohesive Energy": 0.07595125674474594,
            "Internal Pressure": 4.444822002046563e-06,
            "Bulk_modulus": 172.6867961999275,
            "Lattice constant": 0
        }
    ]
}