{
    "Simulation input": [
        {
            "Chemical formula": "Al125Ni124Pt",
            "Database": "Materials Project",
            "Potential": "EMT",
            "Integrator": "Velocity-Verlet",
            "Lattice structure": "CUB(a=14.4395)",
            "a": 14.43951,
            "b": 14.43951,
            "c": 14.43951,
            "Alpha": 90.0,
            "Beta": 90.0,
            "Gamma": 90.0,
            "Volume": 3010.6298794090108,
            "Initial Temperature": 300,
            "Run time": 1000
        }
    ],
    "Simulation output": [
        {
            "Mean Square Displacement": 2.317106796674513,
            "Self diffusion coefficient": 0.04827305826405235,
            "Lindemann Criterion": 0.6643717653579851,
            "Specific Heat": 287.446828408985,
            "Internal Temperature": 562.8835746685816,
            "Cohesive Energy": 0.4005311234757104,
            "Internal Pressure": 2.9685557213108777e-06,
            "Bulk_modulus": 73.22302290548437,
            "Lattice constant": 2.887902
        }
    ]
}