{
    "Simulation input": [
        {
            "Chemical formula": "Ag375Au125",
            "Database": "Materials Project",
            "Potential": "EMT",
            "Integrator": "Velocity-Verlet",
            "Lattice structure": "CUB(a=20.8081)",
            "a": 20.808144999999996,
            "b": 20.808144999999996,
            "c": 20.808144999999996,
            "Alpha": 90.0,
            "Beta": 90.0,
            "Gamma": 90.0,
            "Volume": 9009.487698620313,
            "Initial Temperature": 20,
            "Run time": 1000
        }
    ],
    "Simulation output": [
        {
            "Mean Square Displacement": 0.002922099573928022,
            "Self diffusion coefficient": 6.087707445683379e-05,
            "Lindemann Criterion": 0.018599152115968364,
            "Specific Heat": 95.82025028002101,
            "Internal Temperature": 10.180785105355284,
            "Cohesive Energy": 0.03364103893280924,
            "Internal Pressure": 1.6344914924997608e-07,
            "Bulk_modulus": 114.13485124849508,
            "Lattice constant": 0
        }
    ]
}