{
    "Simulation input": [
        {
            "Chemical formula": "AgAu375Ni124",
            "Database": "Materials Project",
            "Potential": "EMT",
            "Integrator": "Velocity-Verlet",
            "Lattice structure": "CUB(a=20.1408)",
            "a": 20.14084,
            "b": 20.14084,
            "c": 20.14084,
            "Alpha": 90.0,
            "Beta": 90.0,
            "Gamma": 90.0,
            "Volume": 8170.200948024946,
            "Initial Temperature": 300,
            "Run time": 1000
        }
    ],
    "Simulation output": [
        {
            "Mean Square Displacement": 0.07313519505173935,
            "Self diffusion coefficient": 0.0015236498969112364,
            "Lindemann Criterion": 0.10033286498170653,
            "Specific Heat": 76.74199277351208,
            "Internal Temperature": 283.7223071108372,
            "Cohesive Energy": 0.1421727931472549,
            "Internal Pressure": 2.6761708365134035e-07,
            "Bulk_modulus": 160.25195484760357,
            "Lattice constant": 0
        }
    ]
}