{
    "Simulation input": [
        {
            "Chemical formula": "Al499Pd500",
            "Database": "Materials Project",
            "Potential": "EMT",
            "Integrator": "Velocity-Verlet",
            "Lattice structure": "CUB(a=24.5437)",
            "a": 24.543685000000004,
            "b": 24.543685000000004,
            "c": 24.543685000000004,
            "Alpha": 90.0,
            "Beta": 90.0,
            "Gamma": 90.0,
            "Volume": 14784.931112990605,
            "Initial Temperature": 300,
            "Run time": 1000
        }
    ],
    "Simulation output": [
        {
            "Mean Square Displacement": 1.1510555329470582,
            "Self diffusion coefficient": 0.02398032360306371,
            "Lindemann Criterion": 0.4152815268902297,
            "Specific Heat": 186.84771106313386,
            "Internal Temperature": 805.0975958408081,
            "Cohesive Energy": 0.2812654963279868,
            "Internal Pressure": 5.125415360498448e-06,
            "Bulk_modulus": 72.31847631253841,
            "Lattice constant": 0
        }
    ]
}