{
    "Simulation input": [
        {
            "Chemical formula": "AuPt124",
            "Database": "Materials Project",
            "Potential": "EMT",
            "Integrator": "Velocity-Verlet",
            "Lattice structure": "FCC(a=19.8838)",
            "a": 14.060005149999999,
            "b": 14.060005149999999,
            "c": 14.060005149999999,
            "Alpha": 59.999999999999986,
            "Beta": 59.99999999999999,
            "Gamma": 59.99999999999999,
            "Volume": 1965.356961751065,
            "Initial Temperature": 300,
            "Run time": 1000
        }
    ],
    "Simulation output": [
        {
            "Mean Square Displacement": 0.014960513063041747,
            "Self diffusion coefficient": 0.0003116773554800364,
            "Lindemann Criterion": 0.044736265958458414,
            "Specific Heat": 63.91786131725546,
            "Internal Temperature": 134.40861807488386,
            "Cohesive Energy": 0.038058283161057756,
            "Internal Pressure": -1.5136572969652628e-06,
            "Bulk_modulus": 277.13397766134403,
            "Lattice constant": 0
        }
    ]
}