{
    "Simulation input": [
        {
            "Chemical formula": "Al125Cu125",
            "Database": "Materials Project",
            "Potential": "EMT",
            "Integrator": "Velocity-Verlet",
            "Lattice structure": "CUB(a=15.3224)",
            "a": 15.322438384745993,
            "b": 15.322438384745993,
            "c": 15.322438384745993,
            "Alpha": 90.0,
            "Beta": 90.0,
            "Gamma": 90.0,
            "Volume": 3597.3579255358163,
            "Initial Temperature": 300,
            "Run time": 1000
        }
    ],
    "Simulation output": [
        {
            "Mean Square Displacement": 0.4443664469339729,
            "Self diffusion coefficient": 0.009257634311124436,
            "Lindemann Criterion": 0.2613272593169487,
            "Specific Heat": 275.5032352751351,
            "Internal Temperature": 188.90036807597278,
            "Cohesive Energy": 0.17769413541062323,
            "Internal Pressure": 3.540636461753815e-06,
            "Bulk_modulus": 60.15085542666711,
            "Lattice constant": 3.0644876769491987
        }
    ]
}