{
    "Simulation input": [
        {
            "Chemical formula": "AgAu375Cu124",
            "Database": "Materials Project",
            "Potential": "EMT",
            "Integrator": "Velocity-Verlet",
            "Lattice structure": "CUB(a=20.2664)",
            "a": 20.26643,
            "b": 20.26643,
            "c": 20.26643,
            "Alpha": 90.0,
            "Beta": 90.0,
            "Gamma": 90.0,
            "Volume": 8323.994009212862,
            "Initial Temperature": 300,
            "Run time": 1000
        }
    ],
    "Simulation output": [
        {
            "Mean Square Displacement": 0.10937795767420704,
            "Self diffusion coefficient": 0.00227870745154598,
            "Lindemann Criterion": 0.12215763360786921,
            "Specific Heat": 76.17782226675473,
            "Internal Temperature": 287.7750226975916,
            "Cohesive Energy": 0.0845914772935413,
            "Internal Pressure": -9.2785877570895e-06,
            "Bulk_modulus": 154.16319645125358,
            "Lattice constant": 0
        }
    ]
}