{
    "Simulation input": [
        {
            "Chemical formula": "Al125CuPt124",
            "Database": "Materials Project",
            "Potential": "EMT",
            "Integrator": "Velocity-Verlet",
            "Lattice structure": "CUB(a=15.4577)",
            "a": 15.457730000000002,
            "b": 15.457730000000002,
            "c": 15.457730000000002,
            "Alpha": 90.0,
            "Beta": 90.0,
            "Gamma": 90.0,
            "Volume": 3693.491905983805,
            "Initial Temperature": 300,
            "Run time": 1000
        }
    ],
    "Simulation output": [
        {
            "Mean Square Displacement": 1.059050089860602,
            "Self diffusion coefficient": 0.02206354353876254,
            "Lindemann Criterion": 0.41332016630296337,
            "Specific Heat": 112.84677017096088,
            "Internal Temperature": 355.5424644679726,
            "Cohesive Energy": 0.20593116673535583,
            "Internal Pressure": 4.087128189107605e-06,
            "Bulk_modulus": 111.33748323496093,
            "Lattice constant": 3.091546
        }
    ]
}