{
    "Simulation input": [
        {
            "Chemical formula": "Ag375Ni124Pt",
            "Database": "Materials Project",
            "Potential": "EMT",
            "Integrator": "Velocity-Verlet",
            "Lattice structure": "CUB(a=20.0451)",
            "a": 20.04515,
            "b": 20.04515,
            "c": 20.04515,
            "Alpha": 90.0,
            "Beta": 90.0,
            "Gamma": 90.0,
            "Volume": 8054.302403389292,
            "Initial Temperature": 300,
            "Run time": 1000
        }
    ],
    "Simulation output": [
        {
            "Mean Square Displacement": 0.02921028017632873,
            "Self diffusion coefficient": 0.0006085475036735152,
            "Lindemann Criterion": 0.06228820060788546,
            "Specific Heat": 130.10608928594496,
            "Internal Temperature": 145.70297303776212,
            "Cohesive Energy": 0.13607741915666233,
            "Internal Pressure": -2.0929813515885317e-08,
            "Bulk_modulus": 106.30747391931344,
            "Lattice constant": 4.00903
        }
    ]
}