{
    "Simulation input": [
        {
            "Chemical formula": "Al249Pt125",
            "Database": "Materials Project",
            "Potential": "EMT",
            "Integrator": "Velocity-Verlet",
            "Lattice structure": "FCC(a=29.7438)",
            "a": 21.032021450000002,
            "b": 21.032021450000002,
            "c": 21.03202145,
            "Alpha": 59.999999999999986,
            "Beta": 59.999999999999986,
            "Gamma": 59.99999999999999,
            "Volume": 6578.517741046045,
            "Initial Temperature": 300,
            "Run time": 1000
        }
    ],
    "Simulation output": [
        {
            "Mean Square Displacement": 6.3315139604102,
            "Self diffusion coefficient": 0.13190654084187917,
            "Lindemann Criterion": 1.0377708288763938,
            "Specific Heat": 149.94574039203616,
            "Internal Temperature": 2379.811236226323,
            "Cohesive Energy": 0.3990147813277124,
            "Internal Pressure": -3.1520887975234924e-06,
            "Bulk_modulus": 61.93188890275723,
            "Lattice constant": 4.20640429
        }
    ]
}