{
    "Simulation input": [
        {
            "Chemical formula": "Au375Cu124Pt",
            "Database": "Materials Project",
            "Potential": "EMT",
            "Integrator": "Velocity-Verlet",
            "Lattice structure": "CUB(a=20.2664)",
            "a": 20.26643,
            "b": 20.26643,
            "c": 20.26643,
            "Alpha": 90.0,
            "Beta": 90.0,
            "Gamma": 90.0,
            "Volume": 8323.994009212862,
            "Initial Temperature": 300,
            "Run time": 1000
        }
    ],
    "Simulation output": [
        {
            "Mean Square Displacement": 0.09659587213605542,
            "Self diffusion coefficient": 0.002012414002834488,
            "Lindemann Criterion": 0.12291252769468965,
            "Specific Heat": 76.09673693009317,
            "Internal Temperature": 351.7464289622902,
            "Cohesive Energy": 0.09344018245776506,
            "Internal Pressure": -6.538780213189966e-06,
            "Bulk_modulus": 152.96705932920747,
            "Lattice constant": 4.053286
        }
    ]
}