{
    "Simulation input": [
        {
            "Chemical formula": "Al124Pd",
            "Database": "Materials Project",
            "Potential": "EMT",
            "Integrator": "Velocity-Verlet",
            "Lattice structure": "FCC(a=20.1946)",
            "a": 14.279773950000001,
            "b": 14.279773950000001,
            "c": 14.279773950000001,
            "Alpha": 59.99999999999999,
            "Beta": 59.99999999999999,
            "Gamma": 59.99999999999999,
            "Volume": 2058.965169334094,
            "Initial Temperature": 300,
            "Run time": 1000
        }
    ],
    "Simulation output": [
        {
            "Mean Square Displacement": 0.03400279711486301,
            "Self diffusion coefficient": 0.000708391606559646,
            "Lindemann Criterion": 0.06821090870623532,
            "Specific Heat": 451.5441155607211,
            "Internal Temperature": 169.18646391704684,
            "Cohesive Energy": 0.019097172409451375,
            "Internal Pressure": -2.0184875471403712e-06,
            "Bulk_modulus": 36.01669617178674,
            "Lattice constant": 0
        }
    ]
}