{
    "Simulation input": [
        {
            "Chemical formula": "AgAl125Pd124",
            "Database": "Materials Project",
            "Potential": "EMT",
            "Integrator": "Velocity-Verlet",
            "Lattice structure": "CUB(a=15.3878)",
            "a": 15.387830000000001,
            "b": 15.387830000000001,
            "c": 15.387830000000001,
            "Alpha": 90.0,
            "Beta": 90.0,
            "Gamma": 90.0,
            "Volume": 3643.612129228699,
            "Initial Temperature": 300,
            "Run time": 1000
        }
    ],
    "Simulation output": [
        {
            "Mean Square Displacement": 2.0732322809470745,
            "Self diffusion coefficient": 0.04319233918639739,
            "Lindemann Criterion": 0.5999373200803881,
            "Specific Heat": 186.942850302226,
            "Internal Temperature": 402.7705693892116,
            "Cohesive Energy": 0.15300746141858074,
            "Internal Pressure": 4.573437141310116e-06,
            "Bulk_modulus": 81.50951668857684,
            "Lattice constant": 0
        }
    ]
}