{
    "Simulation input": [
        {
            "Chemical formula": "Au500",
            "Database": "ASE",
            "Potential": "EMT_Asap_Standard_JacobsenStoltzeNorskov_1996_AlAgAuCuNiPdPt__MO_115316750986_001",
            "Integrator": "Velocity-Verlet",
            "Lattice structure": "CUB(a=20.4)",
            "a": 20.4,
            "b": 20.4,
            "c": 20.4,
            "Alpha": 90.0,
            "Beta": 90.0,
            "Gamma": 90.0,
            "Volume": 8489.664,
            "Initial Temperature": 600,
            "Run time": 3000
        }
    ],
    "Simulation output": [
        {
            "Mean Square Displacement": 0.10277059132052677,
            "Self diffusion coefficient": 0.0006117297102412307,
            "Lindemann Criterion": 0.11973398744779999,
            "Specific Heat": 63.31183511431094,
            "Internal Temperature": 465.4584746612702,
            "Cohesive Energy": 3.733881128789421,
            "Internal Pressure": -7.525892620224882e-07,
            "Bulk_modulus": 167.40525990290143,
            "Lattice constant": 3.8073118842989633
        }
    ]
}