{
    "Simulation input": [
        {
            "Chemical formula": "Ag374AuPt125",
            "Database": "Materials Project",
            "Potential": "EMT",
            "Integrator": "Velocity-Verlet",
            "Lattice structure": "CUB(a=20.52)",
            "a": 20.52002,
            "b": 20.52002,
            "c": 20.52002,
            "Alpha": 90.0,
            "Beta": 90.0,
            "Gamma": 90.0,
            "Volume": 8640.389872248625,
            "Initial Temperature": 300,
            "Run time": 1000
        }
    ],
    "Simulation output": [
        {
            "Mean Square Displacement": 0.07212619376109179,
            "Self diffusion coefficient": 0.0015026290366894123,
            "Lindemann Criterion": 0.09623654545291661,
            "Specific Heat": 96.03605410944046,
            "Internal Temperature": 273.969471638444,
            "Cohesive Energy": 0.10948018206838597,
            "Internal Pressure": -7.665197474251112e-06,
            "Bulk_modulus": 125.63066918533337,
            "Lattice constant": 0
        }
    ]
}