{
    "Simulation input": [
        {
            "Chemical formula": "Ag375Au125",
            "Database": "Materials Project",
            "Potential": "EMT",
            "Integrator": "Velocity-Verlet",
            "Lattice structure": "CUB(a=20.4065)",
            "a": 20.406467432103497,
            "b": 20.406467432103497,
            "c": 20.406467432103497,
            "Alpha": 90.0,
            "Beta": 90.0,
            "Gamma": 90.0,
            "Volume": 8497.741019756997,
            "Initial Temperature": 300,
            "Run time": 1000
        }
    ],
    "Simulation output": [
        {
            "Mean Square Displacement": 0.03545593034990792,
            "Self diffusion coefficient": 0.0007386652156230817,
            "Lindemann Criterion": 0.06664792531245226,
            "Specific Heat": 95.8202502800266,
            "Internal Temperature": 174.56894671931437,
            "Cohesive Energy": 0.016211639015826486,
            "Internal Pressure": 1.7897294336393963e-06,
            "Bulk_modulus": 111.42201203986087,
            "Lattice constant": 4.0812934864207
        }
    ]
}