{
    "Simulation input": [
        {
            "Chemical formula": "Ag499Pt",
            "Database": "ASE",
            "Potential": "EMT_Asap_Standard_JacobsenStoltzeNorskov_1996_AlAgAuCuNiPdPt__MO_115316750986_001",
            "Integrator": "Velocity-Verlet",
            "Lattice structure": "CUB(a=20.45)",
            "a": 20.45,
            "b": 20.45,
            "c": 20.45,
            "Alpha": 90.0,
            "Beta": 90.0,
            "Gamma": 90.0,
            "Volume": 8552.241125000002,
            "Initial Temperature": 600,
            "Run time": 3000
        }
    ],
    "Simulation output": [
        {
            "Mean Square Displacement": 0.15554398124344954,
            "Self diffusion coefficient": 0.0009258570312110091,
            "Lindemann Criterion": 0.14474578300551752,
            "Specific Heat": 115.42031839547083,
            "Internal Temperature": 502.0808187868077,
            "Cohesive Energy": 2.8931291454324617,
            "Internal Pressure": -5.349533882312925e-06,
            "Bulk_modulus": 90.86591086398951,
            "Lattice constant": 3.8347786021727415
        }
    ]
}