{
    "Simulation input": [
        {
            "Chemical formula": "AlAu124",
            "Database": "Materials Project",
            "Potential": "EMT",
            "Integrator": "Velocity-Verlet",
            "Lattice structure": "FCC(a=16.6852)",
            "a": 11.798184120000002,
            "b": 11.798184120000002,
            "c": 11.79818412,
            "Alpha": 59.99999999999999,
            "Beta": 59.99999999999999,
            "Gamma": 60.00000000000001,
            "Volume": 1161.2627901639548,
            "Initial Temperature": 300,
            "Run time": 1000
        }
    ],
    "Simulation output": [
        {
            "Mean Square Displacement": 0.06698709447804593,
            "Self diffusion coefficient": 0.0013955644682926236,
            "Lindemann Criterion": 0.0961948939937629,
            "Specific Heat": 63.751985048604865,
            "Internal Temperature": 167.7205177206855,
            "Cohesive Energy": 0.07592289621584367,
            "Internal Pressure": -1.4405405263431926e-07,
            "Bulk_modulus": null,
            "Lattice constant": 2.94954603
        }
    ]
}