{
    "Simulation input": [
        {
            "Chemical formula": "Al374AuPd125",
            "Database": "Materials Project",
            "Potential": "EMT",
            "Integrator": "Velocity-Verlet",
            "Lattice structure": "CUB(a=19.7345)",
            "a": 19.73455,
            "b": 19.73455,
            "c": 19.73455,
            "Alpha": 90.0,
            "Beta": 90.0,
            "Gamma": 90.0,
            "Volume": 7685.669117560159,
            "Initial Temperature": 300,
            "Run time": 1000
        }
    ],
    "Simulation output": [
        {
            "Mean Square Displacement": 0.06126842334274626,
            "Self diffusion coefficient": 0.0012764254863072138,
            "Lindemann Criterion": 0.09440647240280244,
            "Specific Heat": 264.30728827883706,
            "Internal Temperature": 236.286306904184,
            "Cohesive Energy": 0.0723603707348657,
            "Internal Pressure": 1.2563747811452425e-06,
            "Bulk_modulus": 54.019924748623936,
            "Lattice constant": 0
        }
    ]
}