{
    "Simulation input": [
        {
            "Chemical formula": "Au499Pt",
            "Database": "ASE",
            "Potential": "EMT_Asap_Standard_JacobsenStoltzeNorskov_1996_AlAgAuCuNiPdPt__MO_115316750986_001",
            "Integrator": "Velocity-Verlet",
            "Lattice structure": "CUB(a=20.4)",
            "a": 20.4,
            "b": 20.4,
            "c": 20.4,
            "Alpha": 90.0,
            "Beta": 90.0,
            "Gamma": 90.0,
            "Volume": 8489.664,
            "Initial Temperature": 900,
            "Run time": 3000
        }
    ],
    "Simulation output": [
        {
            "Mean Square Displacement": 0.12174359917969,
            "Self diffusion coefficient": 0.0007246642808314881,
            "Lindemann Criterion": 0.12925906074440513,
            "Specific Heat": 63.31304538238478,
            "Internal Temperature": 642.4974821710179,
            "Cohesive Energy": 3.717078764880006,
            "Internal Pressure": -2.5197445400719864e-06,
            "Bulk_modulus": 164.23735298279985,
            "Lattice constant": 3.8073118842989633
        }
    ]
}