{
    "Simulation input": [
        {
            "Chemical formula": "Al249Cu125",
            "Database": "Materials Project",
            "Potential": "EMT",
            "Integrator": "Velocity-Verlet",
            "Lattice structure": "FCC(a=28.8455)",
            "a": 20.396884,
            "b": 20.396884000000004,
            "c": 20.396884,
            "Alpha": 59.99999999999999,
            "Beta": 59.999999999999986,
            "Gamma": 59.99999999999999,
            "Volume": 6000.3485727212665,
            "Initial Temperature": 300,
            "Run time": 1000
        }
    ],
    "Simulation output": [
        {
            "Mean Square Displacement": 4.3083793624155655,
            "Self diffusion coefficient": 0.08975790338365762,
            "Lindemann Criterion": 0.8717396069632213,
            "Specific Heat": 318.1017685683207,
            "Internal Temperature": 1385.914576165324,
            "Cohesive Energy": 0.3668999019922488,
            "Internal Pressure": 3.5247830843467615e-06,
            "Bulk_modulus": 41.29619094370206,
            "Lattice constant": 0
        }
    ]
}