{
    "Simulation input": [
        {
            "Chemical formula": "Cu499Pt",
            "Database": "ASE",
            "Potential": "EMT_Asap_Standard_JacobsenStoltzeNorskov_1996_AlAgAuCuNiPdPt__MO_115316750986_001",
            "Integrator": "Velocity-Verlet",
            "Lattice structure": "CUB(a=18.05)",
            "a": 18.05,
            "b": 18.05,
            "c": 18.05,
            "Alpha": 90.0,
            "Beta": 90.0,
            "Gamma": 90.0,
            "Volume": 5880.735125000003,
            "Initial Temperature": 600,
            "Run time": 3000
        }
    ],
    "Simulation output": [
        {
            "Mean Square Displacement": 0.1387344694577452,
            "Self diffusion coefficient": 0.0008258004134389595,
            "Lindemann Criterion": 0.1554950026353226,
            "Specific Heat": 195.43168027630458,
            "Internal Temperature": 521.9051866542668,
            "Cohesive Energy": 3.4454312454417333,
            "Internal Pressure": 1.6369027782098328e-06,
            "Bulk_modulus": 120.31986417186255,
            "Lattice constant": 3.58690945865129
        }
    ]
}