{
    "Simulation input": [
        {
            "Chemical formula": "Au499Pd",
            "Database": "ASE",
            "Potential": "EMT_Asap_Standard_JacobsenStoltzeNorskov_1996_AlAgAuCuNiPdPt__MO_115316750986_001",
            "Integrator": "Velocity-Verlet",
            "Lattice structure": "CUB(a=20.4)",
            "a": 20.4,
            "b": 20.4,
            "c": 20.4,
            "Alpha": 90.0,
            "Beta": 90.0,
            "Gamma": 90.0,
            "Volume": 8489.664,
            "Initial Temperature": 300,
            "Run time": 3000
        }
    ],
    "Simulation output": [
        {
            "Mean Square Displacement": 0.06497212010963214,
            "Self diffusion coefficient": 0.0003867388101763818,
            "Lindemann Criterion": 0.09027218260925791,
            "Specific Heat": 63.370098250062426,
            "Internal Temperature": 275.2302329062152,
            "Cohesive Energy": 3.756722498736511,
            "Internal Pressure": -1.033025923333727e-06,
            "Bulk_modulus": 170.65992296108263,
            "Lattice constant": 3.8073118842989633
        }
    ]
}