{
    "Simulation input": [
        {
            "Chemical formula": "Ni125",
            "Database": "Materials Project",
            "Potential": "EMT",
            "Integrator": "Langevin",
            "Lattice structure": "BCC(a=13.9511)",
            "a": 12.081972350000001,
            "b": 12.081972350000001,
            "c": 12.08197235,
            "Alpha": 109.47122063,
            "Beta": 109.47122063,
            "Gamma": 109.47122063,
            "Volume": 1357.6618725644803,
            "Initial Temperature": 300,
            "Run time": 1000
        }
    ],
    "Simulation output": [
        {
            "Mean Square Displacement": 0.09892831507468339,
            "Self diffusion coefficient": 0.0020610065640559038,
            "Lindemann Criterion": 0.13237977152024452,
            "Specific Heat": 6629974032.680984,
            "Internal Temperature": 60.48228316916959,
            "Cohesive Energy": 0.06206618440199539,
            "Internal Pressure": 1.6682174173570836e-06,
            "Bulk_modulus": 165.81918288732558,
            "Lattice constant": 0
        }
    ]
}