{
    "Simulation input": [
        {
            "Chemical formula": "Ag125Pt375",
            "Database": "Materials Project",
            "Potential": "EMT",
            "Integrator": "Velocity-Verlet",
            "Lattice structure": "CUB(a=20.0342)",
            "a": 20.03422,
            "b": 20.03422,
            "c": 20.03422,
            "Alpha": 90.0,
            "Beta": 90.0,
            "Gamma": 90.0,
            "Volume": 8041.134300575908,
            "Initial Temperature": 300,
            "Run time": 1000
        }
    ],
    "Simulation output": [
        {
            "Mean Square Displacement": 0.024991103309564545,
            "Self diffusion coefficient": 0.000520647985615928,
            "Lindemann Criterion": 0.05811087423757247,
            "Specific Heat": 71.96624727280788,
            "Internal Temperature": 151.05475399610881,
            "Cohesive Energy": 0.07984648246198846,
            "Internal Pressure": 2.214306516992075e-06,
            "Bulk_modulus": 218.28824977842675,
            "Lattice constant": 0
        }
    ]
}