{
    "Simulation input": [
        {
            "Chemical formula": "AgAl249Pt125",
            "Database": "Materials Project",
            "Potential": "EMT",
            "Integrator": "Velocity-Verlet",
            "Lattice structure": "FCC(a=29.7438)",
            "a": 21.032021450000002,
            "b": 21.032021450000002,
            "c": 21.03202145,
            "Alpha": 59.999999999999986,
            "Beta": 59.999999999999986,
            "Gamma": 59.99999999999999,
            "Volume": 6578.517741046045,
            "Initial Temperature": 300,
            "Run time": 1000
        }
    ],
    "Simulation output": [
        {
            "Mean Square Displacement": 4.404876181835866,
            "Self diffusion coefficient": 0.09176825378824721,
            "Lindemann Criterion": 0.810663965273584,
            "Specific Heat": 149.82706521017641,
            "Internal Temperature": 1745.8980017805975,
            "Cohesive Energy": 0.35584223157424677,
            "Internal Pressure": 1.7144042455961616e-06,
            "Bulk_modulus": 63.7136572373062,
            "Lattice constant": 0
        }
    ]
}