{
    "Simulation input": [
        {
            "Chemical formula": "AgPd499",
            "Database": "ASE",
            "Potential": "EMT_Asap_Standard_JacobsenStoltzeNorskov_1996_AlAgAuCuNiPdPt__MO_115316750986_001",
            "Integrator": "Velocity-Verlet",
            "Lattice structure": "CUB(a=19.45)",
            "a": 19.45,
            "b": 19.45,
            "c": 19.45,
            "Alpha": 90.0,
            "Beta": 90.0,
            "Gamma": 90.0,
            "Volume": 7357.983625000011,
            "Initial Temperature": 700,
            "Run time": 3000
        }
    ],
    "Simulation output": [
        {
            "Mean Square Displacement": 0.11057656203402302,
            "Self diffusion coefficient": 0.0006581938216310894,
            "Lindemann Criterion": 0.12417098544599282,
            "Specific Heat": 117.17699255887258,
            "Internal Temperature": 520.7350082458904,
            "Cohesive Energy": 3.822582281647714,
            "Internal Pressure": 6.539760897663305e-07,
            "Bulk_modulus": 169.51943332815236,
            "Lattice constant": 3.7486362256057384
        }
    ]
}