{
    "Simulation input": [
        {
            "Chemical formula": "Al499Pd",
            "Database": "ASE",
            "Potential": "EMT_Asap_Standard_JacobsenStoltzeNorskov_1996_AlAgAuCuNiPdPt__MO_115316750986_001",
            "Integrator": "Velocity-Verlet",
            "Lattice structure": "CUB(a=20.25)",
            "a": 20.25,
            "b": 20.25,
            "c": 20.25,
            "Alpha": 90.0,
            "Beta": 90.0,
            "Gamma": 90.0,
            "Volume": 8303.765624999998,
            "Initial Temperature": 600,
            "Run time": 3000
        }
    ],
    "Simulation output": [
        {
            "Mean Square Displacement": 0.18989837807065005,
            "Self diffusion coefficient": 0.0011303474885157741,
            "Lindemann Criterion": 0.16363831596439696,
            "Specific Heat": 459.4739890749594,
            "Internal Temperature": 391.29452168816823,
            "Cohesive Energy": 3.2272915746972624,
            "Internal Pressure": 8.600565136571007e-07,
            "Bulk_modulus": 34.44981478622853,
            "Lattice constant": 3.9156921639693607
        }
    ]
}