{
    "Simulation input": [
        {
            "Chemical formula": "Ag499Cu",
            "Database": "ASE",
            "Potential": "EMT_Asap_Standard_JacobsenStoltzeNorskov_1996_AlAgAuCuNiPdPt__MO_115316750986_001",
            "Integrator": "Velocity-Verlet",
            "Lattice structure": "CUB(a=20.45)",
            "a": 20.45,
            "b": 20.45,
            "c": 20.45,
            "Alpha": 90.0,
            "Beta": 90.0,
            "Gamma": 90.0,
            "Volume": 8552.241125000002,
            "Initial Temperature": 1200,
            "Run time": 3000
        }
    ],
    "Simulation output": [
        {
            "Mean Square Displacement": 0.1292629880639826,
            "Self diffusion coefficient": 0.0007694225479998964,
            "Lindemann Criterion": 0.13234211800848253,
            "Specific Heat": 115.70204451241253,
            "Internal Temperature": 674.3953380676927,
            "Cohesive Energy": 2.868373882416078,
            "Internal Pressure": -3.178213693281942e-06,
            "Bulk_modulus": 89.04035494573014,
            "Lattice constant": 3.8347786021727415
        }
    ]
}