{
    "Simulation input": [
        {
            "Chemical formula": "Al499Pd500",
            "Database": "Materials Project",
            "Potential": "EMT",
            "Integrator": "Velocity-Verlet",
            "Lattice structure": "CUB(a=24.5437)",
            "a": 24.543685000000004,
            "b": 24.543685000000004,
            "c": 24.543685000000004,
            "Alpha": 90.0,
            "Beta": 90.0,
            "Gamma": 90.0,
            "Volume": 14784.931112990605,
            "Initial Temperature": 300,
            "Run time": 1000
        }
    ],
    "Simulation output": [
        {
            "Mean Square Displacement": 1.193982473815524,
            "Self diffusion coefficient": 0.02487463487115675,
            "Lindemann Criterion": 0.4391641022546885,
            "Specific Heat": 186.84771106293874,
            "Internal Temperature": 809.5516365309396,
            "Cohesive Energy": 0.28143511171811453,
            "Internal Pressure": 1.6399666915014428e-06,
            "Bulk_modulus": 72.14203170583437,
            "Lattice constant": 0
        }
    ]
}