{
    "Simulation input": [
        {
            "Chemical formula": "Ag375Ni124Pd",
            "Database": "Materials Project",
            "Potential": "EMT",
            "Integrator": "Velocity-Verlet",
            "Lattice structure": "CUB(a=20.0451)",
            "a": 20.04515,
            "b": 20.04515,
            "c": 20.04515,
            "Alpha": 90.0,
            "Beta": 90.0,
            "Gamma": 90.0,
            "Volume": 8054.302403389292,
            "Initial Temperature": 300,
            "Run time": 1000
        }
    ],
    "Simulation output": [
        {
            "Mean Square Displacement": 0.03013001540123125,
            "Self diffusion coefficient": 0.0006277086541923177,
            "Lindemann Criterion": 0.06282550954195738,
            "Specific Heat": 130.34724601038647,
            "Internal Temperature": 153.19965729624013,
            "Cohesive Energy": 0.13687863959389232,
            "Internal Pressure": -1.8981253829340637e-06,
            "Bulk_modulus": 106.25095973685335,
            "Lattice constant": 0
        }
    ]
}