{
    "Simulation input": [
        {
            "Chemical formula": "Al125Ni125",
            "Database": "Materials Project",
            "Potential": "EMT",
            "Integrator": "Langevin",
            "Lattice structure": "CUB(a=14.4395)",
            "a": 14.43951,
            "b": 14.43951,
            "c": 14.43951,
            "Alpha": 90.0,
            "Beta": 90.0,
            "Gamma": 90.0,
            "Volume": 3010.6298794090108,
            "Initial Temperature": 300,
            "Run time": 1000
        }
    ],
    "Simulation output": [
        {
            "Mean Square Displacement": 1.397499325114496,
            "Self diffusion coefficient": 0.029114569273218666,
            "Lindemann Criterion": 0.5018765823803574,
            "Specific Heat": 24286713430.777435,
            "Internal Temperature": 335.18334716779816,
            "Cohesive Energy": 0.3946934585550652,
            "Internal Pressure": 5.000292774567312e-07,
            "Bulk_modulus": 73.52071406780053,
            "Lattice constant": 2.887902
        }
    ]
}