{
    "Simulation input": [
        {
            "Chemical formula": "Al249Cu125Pt",
            "Database": "Materials Project",
            "Potential": "EMT",
            "Integrator": "Velocity-Verlet",
            "Lattice structure": "FCC(a=28.8455)",
            "a": 20.396884,
            "b": 20.396884000000004,
            "c": 20.396884,
            "Alpha": 59.99999999999999,
            "Beta": 59.999999999999986,
            "Gamma": 59.99999999999999,
            "Volume": 6000.3485727212665,
            "Initial Temperature": 300,
            "Run time": 1000
        }
    ],
    "Simulation output": [
        {
            "Mean Square Displacement": 3.236990331805268,
            "Self diffusion coefficient": 0.06743729857927643,
            "Lindemann Criterion": 0.7231871414737479,
            "Specific Heat": 314.764141262185,
            "Internal Temperature": 991.9572652207754,
            "Cohesive Energy": 0.3333204893392491,
            "Internal Pressure": -5.97194258011904e-06,
            "Bulk_modulus": 43.40580410813974,
            "Lattice constant": 0
        }
    ]
}