{
    "Simulation input": [
        {
            "Chemical formula": "AgAu375Ni124",
            "Database": "Materials Project",
            "Potential": "EMT",
            "Integrator": "Velocity-Verlet",
            "Lattice structure": "CUB(a=20.1408)",
            "a": 20.14084,
            "b": 20.14084,
            "c": 20.14084,
            "Alpha": 90.0,
            "Beta": 90.0,
            "Gamma": 90.0,
            "Volume": 8170.200948024946,
            "Initial Temperature": 300,
            "Run time": 1000
        }
    ],
    "Simulation output": [
        {
            "Mean Square Displacement": 0.07435740333646501,
            "Self diffusion coefficient": 0.0015491125695096877,
            "Lindemann Criterion": 0.10286779816770297,
            "Specific Heat": 76.74199277508568,
            "Internal Temperature": 276.35432618162076,
            "Cohesive Energy": 0.14152128907371683,
            "Internal Pressure": -7.55359591029388e-06,
            "Bulk_modulus": 160.3014165931926,
            "Lattice constant": 0
        }
    ]
}