{
    "Simulation input": [
        {
            "Chemical formula": "Al250Pt125",
            "Database": "Materials Project",
            "Potential": "EMT",
            "Integrator": "Velocity-Verlet",
            "Lattice structure": "FCC(a=29.7438)",
            "a": 21.032021450000002,
            "b": 21.032021450000002,
            "c": 21.03202145,
            "Alpha": 59.999999999999986,
            "Beta": 59.999999999999986,
            "Gamma": 59.99999999999999,
            "Volume": 6578.517741046045,
            "Initial Temperature": 20,
            "Run time": 1000
        }
    ],
    "Simulation output": [
        {
            "Mean Square Displacement": 4.496535307057253,
            "Self diffusion coefficient": 0.0936778188970261,
            "Lindemann Criterion": 0.9499598571234407,
            "Specific Heat": 150.21635733565108,
            "Internal Temperature": 1299.2207286400173,
            "Cohesive Energy": 0.3773635349324197,
            "Internal Pressure": 7.328595448576316e-06,
            "Bulk_modulus": 65.00575196187492,
            "Lattice constant": 0
        }
    ]
}