{
    "Simulation input": [
        {
            "Chemical formula": "Al500",
            "Database": "ASE",
            "Potential": "EMT_Asap_Standard_JacobsenStoltzeNorskov_1996_AlAgAuCuNiPdPt__MO_115316750986_001",
            "Integrator": "Velocity-Verlet",
            "Lattice structure": "CUB(a=20.25)",
            "a": 20.25,
            "b": 20.25,
            "c": 20.25,
            "Alpha": 90.0,
            "Beta": 90.0,
            "Gamma": 90.0,
            "Volume": 8303.765624999998,
            "Initial Temperature": 1100,
            "Run time": 3000
        }
    ],
    "Simulation output": [
        {
            "Mean Square Displacement": 0.2632864688290578,
            "Self diffusion coefficient": 0.0015671813620777252,
            "Lindemann Criterion": 0.20383961780330298,
            "Specific Heat": 462.1795358169878,
            "Internal Temperature": 576.4550034242567,
            "Cohesive Energy": 3.20149552209517,
            "Internal Pressure": 5.688438943017087e-07,
            "Bulk_modulus": 33.77431151143741,
            "Lattice constant": 3.9156921639693607
        }
    ]
}