{
    "Simulation input": [
        {
            "Chemical formula": "Al374NiPd125",
            "Database": "Materials Project",
            "Potential": "EMT",
            "Integrator": "Velocity-Verlet",
            "Lattice structure": "CUB(a=19.7345)",
            "a": 19.73455,
            "b": 19.73455,
            "c": 19.73455,
            "Alpha": 90.0,
            "Beta": 90.0,
            "Gamma": 90.0,
            "Volume": 7685.669117560159,
            "Initial Temperature": 300,
            "Run time": 1000
        }
    ],
    "Simulation output": [
        {
            "Mean Square Displacement": 0.050981119974967466,
            "Self diffusion coefficient": 0.0010621066661451555,
            "Lindemann Criterion": 0.08820786257242963,
            "Specific Heat": 265.8656268561768,
            "Internal Temperature": 209.98169084807174,
            "Cohesive Energy": 0.06967144177293796,
            "Internal Pressure": -1.4017904697026307e-06,
            "Bulk_modulus": 54.04259035801125,
            "Lattice constant": 0
        }
    ]
}