{
    "Simulation input": [
        {
            "Chemical formula": "Au375Ni124",
            "Database": "Materials Project",
            "Potential": "EMT",
            "Integrator": "Velocity-Verlet",
            "Lattice structure": "CUB(a=20.1408)",
            "a": 20.14084,
            "b": 20.14084,
            "c": 20.14084,
            "Alpha": 90.0,
            "Beta": 90.0,
            "Gamma": 90.0,
            "Volume": 8170.200948024946,
            "Initial Temperature": 300,
            "Run time": 1000
        }
    ],
    "Simulation output": [
        {
            "Mean Square Displacement": 0.0864711057380481,
            "Self diffusion coefficient": 0.0018014813695426688,
            "Lindemann Criterion": 0.10783917610610508,
            "Specific Heat": 76.69032564141636,
            "Internal Temperature": 392.2960340664902,
            "Cohesive Energy": 0.1496946539425933,
            "Internal Pressure": -3.7696434558533125e-06,
            "Bulk_modulus": 158.850324110914,
            "Lattice constant": 0
        }
    ]
}