{
    "Simulation input": [
        {
            "Chemical formula": "Al125Cu375",
            "Database": "Materials Project",
            "Potential": "EMT",
            "Integrator": "Velocity-Verlet",
            "Lattice structure": "FCC(a=29.1847)",
            "a": 20.636671,
            "b": 20.636671000000003,
            "c": 20.636671,
            "Alpha": 60.00000000000001,
            "Beta": 59.99999999999999,
            "Gamma": 60.00000000000001,
            "Volume": 6214.4675359729545,
            "Initial Temperature": 300,
            "Run time": 3000
        }
    ],
    "Simulation output": [
        {
            "Mean Square Displacement": 0.05610575569626689,
            "Self diffusion coefficient": 0.00033396283152539816,
            "Lindemann Criterion": 0.09838200477376197,
            "Specific Heat": 229.21314925148354,
            "Internal Temperature": 150.62944782084082,
            "Cohesive Energy": 0.15284960717107443,
            "Internal Pressure": 2.875338974529008e-07,
            "Bulk_modulus": 83.87028374784727,
            "Lattice constant": 3.7486362256057384
        }
    ]
}