{
    "Simulation input": [
        {
            "Chemical formula": "Al375Cu125",
            "Database": "Materials Project",
            "Potential": "EMT",
            "Integrator": "Langevin",
            "Lattice structure": "CUB(a=19.6208)",
            "a": 19.620755000000003,
            "b": 19.620755000000003,
            "c": 19.620755000000003,
            "Alpha": 90.0,
            "Beta": 90.0,
            "Gamma": 90.0,
            "Volume": 7553.481060618106,
            "Initial Temperature": 300,
            "Run time": 1000
        }
    ],
    "Simulation output": [
        {
            "Mean Square Displacement": 0.007375599771752286,
            "Self diffusion coefficient": 0.00015365832857817263,
            "Lindemann Criterion": 0.03199345514132688,
            "Specific Heat": 212218110159.30603,
            "Internal Temperature": 34.10651642982884,
            "Cohesive Energy": 0.08258141425769273,
            "Internal Pressure": 8.98854516014167e-07,
            "Bulk_modulus": 46.87172154971886,
            "Lattice constant": 0
        }
    ]
}