{
    "Simulation input": [
        {
            "Chemical formula": "NiPt499",
            "Database": "ASE",
            "Potential": "EMT_Asap_Standard_JacobsenStoltzeNorskov_1996_AlAgAuCuNiPdPt__MO_115316750986_001",
            "Integrator": "Velocity-Verlet",
            "Lattice structure": "CUB(a=19.6)",
            "a": 19.6,
            "b": 19.6,
            "c": 19.6,
            "Alpha": 90.0,
            "Beta": 90.0,
            "Gamma": 90.0,
            "Volume": 7529.536000000013,
            "Initial Temperature": 1000,
            "Run time": 3000
        }
    ],
    "Simulation output": [
        {
            "Mean Square Displacement": 0.05598694316354572,
            "Self diffusion coefficient": 0.00033325561406872455,
            "Lindemann Criterion": 0.09530821605819376,
            "Specific Heat": 64.01230389283424,
            "Internal Temperature": 556.4656001214988,
            "Cohesive Energy": 5.771048255682335,
            "Internal Pressure": -3.7695950376978666e-06,
            "Bulk_modulus": 268.4000579574462,
            "Lattice constant": 3.763694624804003
        }
    ]
}