{
    "Simulation input": [
        {
            "Chemical formula": "AlCu124",
            "Database": "Materials Project",
            "Potential": "EMT",
            "Integrator": "Velocity-Verlet",
            "Lattice structure": "BCC(a=14.3633)",
            "a": 12.438956699999999,
            "b": 12.4389567,
            "c": 12.438956699999999,
            "Alpha": 109.47122063,
            "Beta": 109.47122063,
            "Gamma": 109.47122063,
            "Volume": 1481.5966161712952,
            "Initial Temperature": 300,
            "Run time": 1000
        }
    ],
    "Simulation output": [
        {
            "Mean Square Displacement": 0.06690262246058663,
            "Self diffusion coefficient": 0.001393804634595555,
            "Lindemann Criterion": 0.10570183781729262,
            "Specific Heat": 197.14826513285092,
            "Internal Temperature": 169.2339218045702,
            "Cohesive Energy": 0.04891938951130052,
            "Internal Pressure": -2.1493376158908437e-06,
            "Bulk_modulus": 121.06444243763661,
            "Lattice constant": 0
        }
    ]
}