{
    "Simulation input": [
        {
            "Chemical formula": "AlAu499",
            "Database": "ASE",
            "Potential": "EMT_Asap_Standard_JacobsenStoltzeNorskov_1996_AlAgAuCuNiPdPt__MO_115316750986_001",
            "Integrator": "Velocity-Verlet",
            "Lattice structure": "CUB(a=20.4)",
            "a": 20.4,
            "b": 20.4,
            "c": 20.4,
            "Alpha": 90.0,
            "Beta": 90.0,
            "Gamma": 90.0,
            "Volume": 8489.664,
            "Initial Temperature": 500,
            "Run time": 3000
        }
    ],
    "Simulation output": [
        {
            "Mean Square Displacement": 0.07987170321636218,
            "Self diffusion coefficient": 0.0004754268048592987,
            "Lindemann Criterion": 0.10298637561753618,
            "Specific Heat": 63.42130213740001,
            "Internal Temperature": 295.6820693895996,
            "Cohesive Energy": 3.7538254981332044,
            "Internal Pressure": -1.1003525199892516e-06,
            "Bulk_modulus": 169.86395345708925,
            "Lattice constant": 3.8073118842989633
        }
    ]
}