{
    "Simulation input": [
        {
            "Chemical formula": "Cu499Pt",
            "Database": "ASE",
            "Potential": "EMT_Asap_Standard_JacobsenStoltzeNorskov_1996_AlAgAuCuNiPdPt__MO_115316750986_001",
            "Integrator": "Velocity-Verlet",
            "Lattice structure": "CUB(a=18.05)",
            "a": 18.05,
            "b": 18.05,
            "c": 18.05,
            "Alpha": 90.0,
            "Beta": 90.0,
            "Gamma": 90.0,
            "Volume": 5880.735125000003,
            "Initial Temperature": 500,
            "Run time": 3000
        }
    ],
    "Simulation output": [
        {
            "Mean Square Displacement": 0.11185775180325636,
            "Self diffusion coefficient": 0.0006658199512098593,
            "Lindemann Criterion": 0.1400739661077785,
            "Specific Heat": 195.43168027628735,
            "Internal Temperature": 471.6611968511122,
            "Cohesive Energy": 3.4515893728537286,
            "Internal Pressure": 1.9773174387299654e-06,
            "Bulk_modulus": 121.02225003008344,
            "Lattice constant": 3.58690945865129
        }
    ]
}