{
    "Simulation input": [
        {
            "Chemical formula": "Ag124Ni",
            "Database": "Materials Project",
            "Potential": "EMT",
            "Integrator": "Velocity-Verlet",
            "Lattice structure": "FCC(a=16.6422)",
            "a": 11.767806800000002,
            "b": 11.7678068,
            "c": 11.7678068,
            "Alpha": 59.999999999999986,
            "Beta": 59.99999999999999,
            "Gamma": 59.99999999999999,
            "Volume": 1152.3159974732619,
            "Initial Temperature": 300,
            "Run time": 1000
        }
    ],
    "Simulation output": [
        {
            "Mean Square Displacement": 0.029296663340405555,
            "Self diffusion coefficient": 0.0006103471529251157,
            "Lindemann Criterion": 0.06140906710226716,
            "Specific Heat": 116.03012529471364,
            "Internal Temperature": 154.78848224827817,
            "Cohesive Energy": 0.04920802107612883,
            "Internal Pressure": 1.735055680707678e-06,
            "Bulk_modulus": null,
            "Lattice constant": 0
        }
    ]
}