{
    "Simulation input": [
        {
            "Chemical formula": "Al374Pd125Pt",
            "Database": "Materials Project",
            "Potential": "EMT",
            "Integrator": "Velocity-Verlet",
            "Lattice structure": "CUB(a=19.7345)",
            "a": 19.73455,
            "b": 19.73455,
            "c": 19.73455,
            "Alpha": 90.0,
            "Beta": 90.0,
            "Gamma": 90.0,
            "Volume": 7685.669117560159,
            "Initial Temperature": 300,
            "Run time": 1000
        }
    ],
    "Simulation output": [
        {
            "Mean Square Displacement": 0.07522979904410623,
            "Self diffusion coefficient": 0.0015672874800855465,
            "Lindemann Criterion": 0.10419839989127808,
            "Specific Heat": 264.3283821545756,
            "Internal Temperature": 269.7452728008321,
            "Cohesive Energy": 0.07695005121003343,
            "Internal Pressure": 1.5277810108407687e-06,
            "Bulk_modulus": 53.970509101752775,
            "Lattice constant": 0
        }
    ]
}