{
    "Simulation input": [
        {
            "Chemical formula": "Cu500",
            "Database": "ASE",
            "Potential": "EMT_Asap_Standard_JacobsenStoltzeNorskov_1996_AlAgAuCuNiPdPt__MO_115316750986_001",
            "Integrator": "Velocity-Verlet",
            "Lattice structure": "CUB(a=18.05)",
            "a": 18.05,
            "b": 18.05,
            "c": 18.05,
            "Alpha": 90.0,
            "Beta": 90.0,
            "Gamma": 90.0,
            "Volume": 5880.735125000003,
            "Initial Temperature": 1200,
            "Run time": 3000
        }
    ],
    "Simulation output": [
        {
            "Mean Square Displacement": 0.1474979505482627,
            "Self diffusion coefficient": 0.0008779639913587065,
            "Lindemann Criterion": 0.1592508998126633,
            "Specific Heat": 196.24075377771072,
            "Internal Temperature": 676.7264279320848,
            "Cohesive Energy": 3.420206586870836,
            "Internal Pressure": 5.726660902569993e-07,
            "Bulk_modulus": 118.48017873136504,
            "Lattice constant": 3.58690945865129
        }
    ]
}