{
    "Simulation input": [
        {
            "Chemical formula": "Al125Ni375",
            "Database": "Materials Project",
            "Potential": "EMT",
            "Integrator": "Langevin",
            "Lattice structure": "CUB(a=17.8054)",
            "a": 17.80542,
            "b": 17.80542,
            "c": 17.80542,
            "Alpha": 90.0,
            "Beta": 90.0,
            "Gamma": 90.0,
            "Volume": 5644.905387258983,
            "Initial Temperature": 300,
            "Run time": 1000
        }
    ],
    "Simulation output": [
        {
            "Mean Square Displacement": 0.0031351661420667915,
            "Self diffusion coefficient": 6.531596129305816e-05,
            "Lindemann Criterion": 0.022868064234991454,
            "Specific Heat": 1602258158702.812,
            "Internal Temperature": 34.712622241786754,
            "Cohesive Energy": 0.28084639934030975,
            "Internal Pressure": -5.756078817102648e-10,
            "Bulk_modulus": 104.19363948828978,
            "Lattice constant": 0
        }
    ]
}