{
    "Simulation input": [
        {
            "Chemical formula": "Al374Pd125",
            "Database": "Materials Project",
            "Potential": "EMT",
            "Integrator": "Velocity-Verlet",
            "Lattice structure": "CUB(a=19.7345)",
            "a": 19.73455,
            "b": 19.73455,
            "c": 19.73455,
            "Alpha": 90.0,
            "Beta": 90.0,
            "Gamma": 90.0,
            "Volume": 7685.669117560159,
            "Initial Temperature": 300,
            "Run time": 1000
        }
    ],
    "Simulation output": [
        {
            "Mean Square Displacement": 0.07929838251949228,
            "Self diffusion coefficient": 0.0016520496358227558,
            "Lindemann Criterion": 0.10477312675250738,
            "Specific Heat": 265.9996055191153,
            "Internal Temperature": 441.49529456221086,
            "Cohesive Energy": 0.0949236620884898,
            "Internal Pressure": 5.847521984980675e-07,
            "Bulk_modulus": 53.04612852714407,
            "Lattice constant": 0
        }
    ]
}