{
    "Simulation input": [
        {
            "Chemical formula": "AgAl125Au124",
            "Database": "Materials Project",
            "Potential": "EMT",
            "Integrator": "Velocity-Verlet",
            "Lattice structure": "CUB(a=16.1197)",
            "a": 16.11971,
            "b": 16.11971,
            "c": 16.11971,
            "Alpha": 90.0,
            "Beta": 90.0,
            "Gamma": 90.0,
            "Volume": 4188.626858739057,
            "Initial Temperature": 300,
            "Run time": 1000
        }
    ],
    "Simulation output": [
        {
            "Mean Square Displacement": 0.11270800967163262,
            "Self diffusion coefficient": 0.0023480835348256798,
            "Lindemann Criterion": 0.12371853979423497,
            "Specific Heat": 111.72349291365465,
            "Internal Temperature": 158.60617310293154,
            "Cohesive Energy": 0.046672203636273196,
            "Internal Pressure": -4.1484335629455854e-07,
            "Bulk_modulus": 75.45590849069663,
            "Lattice constant": 0
        }
    ]
}