{
    "Simulation input": [
        {
            "Chemical formula": "Ag375Au125",
            "Database": "Materials Project",
            "Potential": "EMT",
            "Integrator": "Velocity-Verlet",
            "Lattice structure": "CUB(a=20.4065)",
            "a": 20.406467432103497,
            "b": 20.406467432103497,
            "c": 20.406467432103497,
            "Alpha": 90.0,
            "Beta": 90.0,
            "Gamma": 90.0,
            "Volume": 8497.741019756997,
            "Initial Temperature": 300,
            "Run time": 1000
        }
    ],
    "Simulation output": [
        {
            "Mean Square Displacement": 0.03218167905162377,
            "Self diffusion coefficient": 0.0006704516469088286,
            "Lindemann Criterion": 0.06458019160181341,
            "Specific Heat": 95.82025028027842,
            "Internal Temperature": 167.7163032041049,
            "Cohesive Energy": 0.015423713449982602,
            "Internal Pressure": 2.161825969243702e-06,
            "Bulk_modulus": 111.45220271363374,
            "Lattice constant": 4.0812934864207
        }
    ]
}