{
    "Simulation input": [
        {
            "Chemical formula": "AgCu499",
            "Database": "ASE",
            "Potential": "EMT_Asap_Standard_JacobsenStoltzeNorskov_1996_AlAgAuCuNiPdPt__MO_115316750986_001",
            "Integrator": "Velocity-Verlet",
            "Lattice structure": "CUB(a=18.05)",
            "a": 18.05,
            "b": 18.05,
            "c": 18.05,
            "Alpha": 90.0,
            "Beta": 90.0,
            "Gamma": 90.0,
            "Volume": 5880.735125000003,
            "Initial Temperature": 1300,
            "Run time": 3000
        }
    ],
    "Simulation output": [
        {
            "Mean Square Displacement": 0.2105969579090936,
            "Self diffusion coefficient": 0.001253553320887462,
            "Lindemann Criterion": 0.1992085413719209,
            "Specific Heat": 195.96738627424764,
            "Internal Temperature": 856.3352826050718,
            "Cohesive Energy": 3.395669888256877,
            "Internal Pressure": 1.0607153851520364e-06,
            "Bulk_modulus": 116.64767535498788,
            "Lattice constant": 3.58690945865129
        }
    ]
}