{
    "Simulation input": [
        {
            "Chemical formula": "AgAl499",
            "Database": "ASE",
            "Potential": "EMT_Asap_Standard_JacobsenStoltzeNorskov_1996_AlAgAuCuNiPdPt__MO_115316750986_001",
            "Integrator": "Velocity-Verlet",
            "Lattice structure": "CUB(a=20.25)",
            "a": 20.25,
            "b": 20.25,
            "c": 20.25,
            "Alpha": 90.0,
            "Beta": 90.0,
            "Gamma": 90.0,
            "Volume": 8303.765624999998,
            "Initial Temperature": 700,
            "Run time": 3000
        }
    ],
    "Simulation output": [
        {
            "Mean Square Displacement": 0.19043973939277353,
            "Self diffusion coefficient": 0.0011335698773379376,
            "Lindemann Criterion": 0.1682474892417424,
            "Specific Heat": 459.42495966868734,
            "Internal Temperature": 416.2243227309738,
            "Cohesive Energy": 3.222214797506349,
            "Internal Pressure": 7.028184945012824e-07,
            "Bulk_modulus": 34.353997050264,
            "Lattice constant": 3.9156921639693607
        }
    ]
}