{
    "Simulation input": [
        {
            "Chemical formula": "Al499Pt",
            "Database": "ASE",
            "Potential": "EMT_Asap_Standard_JacobsenStoltzeNorskov_1996_AlAgAuCuNiPdPt__MO_115316750986_001",
            "Integrator": "Velocity-Verlet",
            "Lattice structure": "CUB(a=20.25)",
            "a": 20.25,
            "b": 20.25,
            "c": 20.25,
            "Alpha": 90.0,
            "Beta": 90.0,
            "Gamma": 90.0,
            "Volume": 8303.765624999998,
            "Initial Temperature": 1100,
            "Run time": 3000
        }
    ],
    "Simulation output": [
        {
            "Mean Square Displacement": 0.33510344168757383,
            "Self diffusion coefficient": 0.001994663343378416,
            "Lindemann Criterion": 0.22291668604824957,
            "Specific Heat": 456.49139998358015,
            "Internal Temperature": 654.9817632702027,
            "Cohesive Energy": 3.1959013942731156,
            "Internal Pressure": 9.368023649025985e-08,
            "Bulk_modulus": 33.68553141318573,
            "Lattice constant": 3.9156921639693607
        }
    ]
}