{
    "Simulation input": [
        {
            "Chemical formula": "Al499Pd",
            "Database": "ASE",
            "Potential": "EMT_Asap_Standard_JacobsenStoltzeNorskov_1996_AlAgAuCuNiPdPt__MO_115316750986_001",
            "Integrator": "Velocity-Verlet",
            "Lattice structure": "CUB(a=20.25)",
            "a": 20.25,
            "b": 20.25,
            "c": 20.25,
            "Alpha": 90.0,
            "Beta": 90.0,
            "Gamma": 90.0,
            "Volume": 8303.765624999998,
            "Initial Temperature": 1100,
            "Run time": 3000
        }
    ],
    "Simulation output": [
        {
            "Mean Square Displacement": 0.2999857703899789,
            "Self diffusion coefficient": 0.0017856295856546365,
            "Lindemann Criterion": 0.2120002208307876,
            "Specific Heat": 459.47398907504106,
            "Internal Temperature": 611.2170070156733,
            "Cohesive Energy": 3.1980159365649246,
            "Internal Pressure": -4.426131012368129e-08,
            "Bulk_modulus": 33.653533799632406,
            "Lattice constant": 3.9156921639693607
        }
    ]
}