{
    "Simulation input": [
        {
            "Chemical formula": "Ni124Pd",
            "Database": "Materials Project",
            "Potential": "EMT",
            "Integrator": "Velocity-Verlet",
            "Lattice structure": "FCC(a=17.529)",
            "a": 12.3948677,
            "b": 12.394867699999999,
            "c": 12.394867699999999,
            "Alpha": 59.999999999999986,
            "Beta": 59.999999999999986,
            "Gamma": 59.999999999999986,
            "Volume": 1346.513428418923,
            "Initial Temperature": 300,
            "Run time": 1000
        }
    ],
    "Simulation output": [
        {
            "Mean Square Displacement": 0.009309135951369469,
            "Self diffusion coefficient": 0.00019394033232019727,
            "Lindemann Criterion": 0.04015114652863733,
            "Specific Heat": 211.09216715579208,
            "Internal Temperature": 142.796364762356,
            "Cohesive Energy": 0.0077438210163005535,
            "Internal Pressure": -1.632250275763801e-06,
            "Bulk_modulus": 168.39580693558153,
            "Lattice constant": 0
        }
    ]
}