{
    "Simulation input": [
        {
            "Chemical formula": "Al250Cu125",
            "Database": "Materials Project",
            "Potential": "EMT",
            "Integrator": "Velocity-Verlet",
            "Lattice structure": "FCC(a=28.8455)",
            "a": 20.396884,
            "b": 20.396884000000004,
            "c": 20.396884,
            "Alpha": 59.99999999999999,
            "Beta": 59.999999999999986,
            "Gamma": 59.99999999999999,
            "Volume": 6000.3485727212665,
            "Initial Temperature": 300,
            "Run time": 1000
        }
    ],
    "Simulation output": [
        {
            "Mean Square Displacement": 3.8467927802476187,
            "Self diffusion coefficient": 0.08014151625515872,
            "Lindemann Criterion": 0.8096016879535891,
            "Specific Heat": 318.36642482414214,
            "Internal Temperature": 1018.40356824597,
            "Cohesive Energy": 0.3320189960030916,
            "Internal Pressure": 3.2014415959490324e-06,
            "Bulk_modulus": 42.66456370054338,
            "Lattice constant": 0
        }
    ]
}