{
    "Simulation input": [
        {
            "Chemical formula": "Ag124Au375",
            "Database": "Materials Project",
            "Potential": "EMT",
            "Integrator": "Velocity-Verlet",
            "Lattice structure": "CUB(a=20.8511)",
            "a": 20.851065000000002,
            "b": 20.851065000000002,
            "c": 20.851065000000002,
            "Alpha": 90.0,
            "Beta": 90.0,
            "Gamma": 90.0,
            "Volume": 9065.353134334478,
            "Initial Temperature": 300,
            "Run time": 1000
        }
    ],
    "Simulation output": [
        {
            "Mean Square Displacement": 0.0992178741567443,
            "Self diffusion coefficient": 0.0020670390449321727,
            "Lindemann Criterion": 0.11181280753538697,
            "Specific Heat": 71.32990870654515,
            "Internal Temperature": 305.8860615134386,
            "Cohesive Energy": 0.08703795850503691,
            "Internal Pressure": -8.048616900532911e-07,
            "Bulk_modulus": 144.63591191663397,
            "Lattice constant": 4.170213
        }
    ]
}