{
    "Simulation input": [
        {
            "Chemical formula": "Al499Cu",
            "Database": "ASE",
            "Potential": "EMT_Asap_Standard_JacobsenStoltzeNorskov_1996_AlAgAuCuNiPdPt__MO_115316750986_001",
            "Integrator": "Velocity-Verlet",
            "Lattice structure": "CUB(a=20.25)",
            "a": 20.25,
            "b": 20.25,
            "c": 20.25,
            "Alpha": 90.0,
            "Beta": 90.0,
            "Gamma": 90.0,
            "Volume": 8303.765624999998,
            "Initial Temperature": 1300,
            "Run time": 3000
        }
    ],
    "Simulation output": [
        {
            "Mean Square Displacement": 0.24199190572266724,
            "Self diffusion coefficient": 0.0014404280102539716,
            "Lindemann Criterion": 0.1812451728049302,
            "Specific Heat": 460.930261850334,
            "Internal Temperature": 664.6926727277108,
            "Cohesive Energy": 3.1893539651650786,
            "Internal Pressure": -1.1856411405011454e-07,
            "Bulk_modulus": 33.45804635738506,
            "Lattice constant": 3.9156921639693607
        }
    ]
}