{
    "Simulation input": [
        {
            "Chemical formula": "Al125Pd125",
            "Database": "Materials Project",
            "Potential": "EMT",
            "Integrator": "Velocity-Verlet",
            "Lattice structure": "CUB(a=15.9853)",
            "a": 15.985251288861779,
            "b": 15.985251288861779,
            "c": 15.985251288861779,
            "Alpha": 90.0,
            "Beta": 90.0,
            "Gamma": 90.0,
            "Volume": 4084.6834278126903,
            "Initial Temperature": 300,
            "Run time": 1000
        }
    ],
    "Simulation output": [
        {
            "Mean Square Displacement": 0.5000631395346071,
            "Self diffusion coefficient": 0.010417982073637649,
            "Lindemann Criterion": 0.27157260662674276,
            "Specific Heat": 186.95908625013053,
            "Internal Temperature": 310.2152990661423,
            "Cohesive Energy": 0.1309723549584208,
            "Internal Pressure": 1.2778847859016264e-06,
            "Bulk_modulus": 73.99581956871742,
            "Lattice constant": 3.197050257772356
        }
    ]
}