{
    "Simulation input": [
        {
            "Chemical formula": "Cu125NiPd124",
            "Database": "Materials Project",
            "Potential": "EMT",
            "Integrator": "Velocity-Verlet",
            "Lattice structure": "CUB(a=15.0907)",
            "a": 15.090655,
            "b": 15.090655,
            "c": 15.090655,
            "Alpha": 90.0,
            "Beta": 90.0,
            "Gamma": 90.0,
            "Volume": 3436.562694838742,
            "Initial Temperature": 300,
            "Run time": 1000
        }
    ],
    "Simulation output": [
        {
            "Mean Square Displacement": 0.06038639665849364,
            "Self diffusion coefficient": 0.0012580499303852842,
            "Lindemann Criterion": 0.09614265812894805,
            "Specific Heat": 147.06931213180084,
            "Internal Temperature": 158.7414596859056,
            "Cohesive Energy": 0.017973539928218964,
            "Internal Pressure": 4.136381592884089e-07,
            "Bulk_modulus": 145.46343559569905,
            "Lattice constant": 0
        }
    ]
}