{
    "Simulation input": [
        {
            "Chemical formula": "NiPt499",
            "Database": "ASE",
            "Potential": "EMT_Asap_Standard_JacobsenStoltzeNorskov_1996_AlAgAuCuNiPdPt__MO_115316750986_001",
            "Integrator": "Velocity-Verlet",
            "Lattice structure": "CUB(a=19.6)",
            "a": 19.6,
            "b": 19.6,
            "c": 19.6,
            "Alpha": 90.0,
            "Beta": 90.0,
            "Gamma": 90.0,
            "Volume": 7529.536000000013,
            "Initial Temperature": 600,
            "Run time": 3000
        }
    ],
    "Simulation output": [
        {
            "Mean Square Displacement": 0.03571741718317563,
            "Self diffusion coefficient": 0.00021260367370937874,
            "Lindemann Criterion": 0.07306382704747903,
            "Specific Heat": 64.0123038928322,
            "Internal Temperature": 334.5301836746028,
            "Cohesive Energy": 5.798001077630178,
            "Internal Pressure": -4.377367860810099e-06,
            "Bulk_modulus": 272.30451120677463,
            "Lattice constant": 3.763694624804003
        }
    ]
}