{
    "Simulation input": [
        {
            "Chemical formula": "Ag499Au",
            "Database": "ASE",
            "Potential": "EMT_Asap_Standard_JacobsenStoltzeNorskov_1996_AlAgAuCuNiPdPt__MO_115316750986_001",
            "Integrator": "Velocity-Verlet",
            "Lattice structure": "CUB(a=20.45)",
            "a": 20.45,
            "b": 20.45,
            "c": 20.45,
            "Alpha": 90.0,
            "Beta": 90.0,
            "Gamma": 90.0,
            "Volume": 8552.241125000002,
            "Initial Temperature": 1100,
            "Run time": 3000
        }
    ],
    "Simulation output": [
        {
            "Mean Square Displacement": 0.16693404878779228,
            "Self diffusion coefficient": 0.0009936550523082874,
            "Lindemann Criterion": 0.1482246466078456,
            "Specific Heat": 115.41629629536641,
            "Internal Temperature": 685.0955693383974,
            "Cohesive Energy": 2.866873057272177,
            "Internal Pressure": -4.397254973263117e-06,
            "Bulk_modulus": 89.07993247560607,
            "Lattice constant": 3.8347786021727415
        }
    ]
}