{
    "Simulation input": [
        {
            "Chemical formula": "Cu499Pt",
            "Database": "ASE",
            "Potential": "EMT_Asap_Standard_JacobsenStoltzeNorskov_1996_AlAgAuCuNiPdPt__MO_115316750986_001",
            "Integrator": "Velocity-Verlet",
            "Lattice structure": "CUB(a=18.05)",
            "a": 18.05,
            "b": 18.05,
            "c": 18.05,
            "Alpha": 90.0,
            "Beta": 90.0,
            "Gamma": 90.0,
            "Volume": 5880.735125000003,
            "Initial Temperature": 400,
            "Run time": 3000
        }
    ],
    "Simulation output": [
        {
            "Mean Square Displacement": 0.13160706345180728,
            "Self diffusion coefficient": 0.000783375377689329,
            "Lindemann Criterion": 0.15001581349559692,
            "Specific Heat": 195.43168027625865,
            "Internal Temperature": 422.23387726059866,
            "Cohesive Energy": 3.4578775018596266,
            "Internal Pressure": 2.0933804894338587e-06,
            "Bulk_modulus": 121.66697116647724,
            "Lattice constant": 3.58690945865129
        }
    ]
}