{
    "Simulation input": [
        {
            "Chemical formula": "Al500",
            "Database": "ASE",
            "Potential": "EMT_Asap_Standard_JacobsenStoltzeNorskov_1996_AlAgAuCuNiPdPt__MO_115316750986_001",
            "Integrator": "Velocity-Verlet",
            "Lattice structure": "CUB(a=20.25)",
            "a": 20.25,
            "b": 20.25,
            "c": 20.25,
            "Alpha": 90.0,
            "Beta": 90.0,
            "Gamma": 90.0,
            "Volume": 8303.765624999998,
            "Initial Temperature": 700,
            "Run time": 3000
        }
    ],
    "Simulation output": [
        {
            "Mean Square Displacement": 0.1578070121360482,
            "Self diffusion coefficient": 0.0009393274531907631,
            "Lindemann Criterion": 0.15395885013991165,
            "Specific Heat": 462.17953581700516,
            "Internal Temperature": 377.82773341326134,
            "Cohesive Energy": 3.22786380478328,
            "Internal Pressure": 4.326018159211748e-07,
            "Bulk_modulus": 34.44486041318638,
            "Lattice constant": 3.9156921639693607
        }
    ]
}