{
    "Simulation input": [
        {
            "Chemical formula": "Al124",
            "Database": "Materials Project",
            "Potential": "EMT",
            "Integrator": "Velocity-Verlet",
            "Lattice structure": "FCC(a=20.1946)",
            "a": 14.279773950000001,
            "b": 14.279773950000001,
            "c": 14.279773950000001,
            "Alpha": 59.99999999999999,
            "Beta": 59.99999999999999,
            "Gamma": 59.99999999999999,
            "Volume": 2058.965169334094,
            "Initial Temperature": 300,
            "Run time": 1000
        }
    ],
    "Simulation output": [
        {
            "Mean Square Displacement": 0.08429176502339052,
            "Self diffusion coefficient": 0.0017560784379873024,
            "Lindemann Criterion": 0.11075687386524681,
            "Specific Heat": 462.1795266691083,
            "Internal Temperature": 328.9221235906272,
            "Cohesive Energy": 0.04737019019793315,
            "Internal Pressure": -5.969856086812269e-07,
            "Bulk_modulus": 34.54198038208558,
            "Lattice constant": 0
        }
    ]
}