{
    "Simulation input": [
        {
            "Chemical formula": "Al499Pt",
            "Database": "ASE",
            "Potential": "EMT_Asap_Standard_JacobsenStoltzeNorskov_1996_AlAgAuCuNiPdPt__MO_115316750986_001",
            "Integrator": "Velocity-Verlet",
            "Lattice structure": "CUB(a=20.25)",
            "a": 20.25,
            "b": 20.25,
            "c": 20.25,
            "Alpha": 90.0,
            "Beta": 90.0,
            "Gamma": 90.0,
            "Volume": 8303.765624999998,
            "Initial Temperature": 400,
            "Run time": 3000
        }
    ],
    "Simulation output": [
        {
            "Mean Square Displacement": 0.16764304020006834,
            "Self diffusion coefficient": 0.0009978752392861211,
            "Lindemann Criterion": 0.15323775011310653,
            "Specific Heat": 456.4913999835063,
            "Internal Temperature": 317.60972715190695,
            "Cohesive Energy": 3.2410292505210596,
            "Internal Pressure": 5.729712494712444e-07,
            "Bulk_modulus": 34.95676595668233,
            "Lattice constant": 3.9156921639693607
        }
    ]
}