{
    "Simulation input": [
        {
            "Chemical formula": "Al375Cu125",
            "Database": "Materials Project",
            "Potential": "EMT",
            "Integrator": "Velocity-Verlet",
            "Lattice structure": "CUB(a=19.6208)",
            "a": 19.620755000000003,
            "b": 19.620755000000003,
            "c": 19.620755000000003,
            "Alpha": 90.0,
            "Beta": 90.0,
            "Gamma": 90.0,
            "Volume": 7553.481060618106,
            "Initial Temperature": 300,
            "Run time": 1000
        }
    ],
    "Simulation output": [
        {
            "Mean Square Displacement": 0.03412574368336757,
            "Self diffusion coefficient": 0.000710952993403491,
            "Lindemann Criterion": 0.06833716193598237,
            "Specific Heat": 345.22144936170946,
            "Internal Temperature": 146.302793048371,
            "Cohesive Energy": 0.09730706925070463,
            "Internal Pressure": 1.9275692438918866e-06,
            "Bulk_modulus": 46.440409276879095,
            "Lattice constant": 3.924151
        }
    ]
}