{
    "Simulation input": [
        {
            "Chemical formula": "NiPt499",
            "Database": "ASE",
            "Potential": "EMT_Asap_Standard_JacobsenStoltzeNorskov_1996_AlAgAuCuNiPdPt__MO_115316750986_001",
            "Integrator": "Velocity-Verlet",
            "Lattice structure": "CUB(a=19.6)",
            "a": 19.6,
            "b": 19.6,
            "c": 19.6,
            "Alpha": 90.0,
            "Beta": 90.0,
            "Gamma": 90.0,
            "Volume": 7529.536000000013,
            "Initial Temperature": 700,
            "Run time": 3000
        }
    ],
    "Simulation output": [
        {
            "Mean Square Displacement": 0.03966334515433006,
            "Self diffusion coefficient": 0.00023609134020434558,
            "Lindemann Criterion": 0.07616363088606382,
            "Specific Heat": 64.0123038928344,
            "Internal Temperature": 400.33683628602466,
            "Cohesive Energy": 5.789849501180316,
            "Internal Pressure": -3.4806291738561924e-06,
            "Bulk_modulus": 271.30243329464895,
            "Lattice constant": 3.763694624804003
        }
    ]
}