{
    "Simulation input": [
        {
            "Chemical formula": "Al124NiPd375",
            "Database": "Materials Project",
            "Potential": "EMT",
            "Integrator": "Velocity-Verlet",
            "Lattice structure": "CUB(a=19.5469)",
            "a": 19.54693,
            "b": 19.54693,
            "c": 19.54693,
            "Alpha": 90.0,
            "Beta": 90.0,
            "Gamma": 90.0,
            "Volume": 7468.539342716455,
            "Initial Temperature": 300,
            "Run time": 1000
        }
    ],
    "Simulation output": [
        {
            "Mean Square Displacement": 0.04729783139462365,
            "Self diffusion coefficient": 0.0009853714873879927,
            "Lindemann Criterion": 0.08304617910790216,
            "Specific Heat": 143.95943982725657,
            "Internal Temperature": 224.18540961730292,
            "Cohesive Energy": 0.08021532070428053,
            "Internal Pressure": -2.563171372748856e-06,
            "Bulk_modulus": 113.51898242275831,
            "Lattice constant": 0
        }
    ]
}