{
    "Simulation input": [
        {
            "Chemical formula": "Cu375Pt125",
            "Database": "Materials Project",
            "Potential": "EMT",
            "Integrator": "Velocity-Verlet",
            "Lattice structure": "CUB(a=18.6144)",
            "a": 18.614425,
            "b": 18.614425,
            "c": 18.614425,
            "Alpha": 90.0,
            "Beta": 90.0,
            "Gamma": 90.0,
            "Volume": 6449.83903290044,
            "Initial Temperature": 300,
            "Run time": 1000
        }
    ],
    "Simulation output": [
        {
            "Mean Square Displacement": 0.014257626086809083,
            "Self diffusion coefficient": 0.0002970338768085226,
            "Lindemann Criterion": 0.046398784700610665,
            "Specific Heat": 129.31919802869967,
            "Internal Temperature": 143.49721736673823,
            "Cohesive Energy": 0.06754177544120114,
            "Internal Pressure": 2.8184609396858266e-06,
            "Bulk_modulus": 159.57206344267118,
            "Lattice constant": 3.722885
        }
    ]
}