{
    "Simulation input": [
        {
            "Chemical formula": "AlCu374Pt125",
            "Database": "Materials Project",
            "Potential": "EMT",
            "Integrator": "Velocity-Verlet",
            "Lattice structure": "CUB(a=18.6144)",
            "a": 18.614425,
            "b": 18.614425,
            "c": 18.614425,
            "Alpha": 90.0,
            "Beta": 90.0,
            "Gamma": 90.0,
            "Volume": 6449.83903290044,
            "Initial Temperature": 300,
            "Run time": 1000
        }
    ],
    "Simulation output": [
        {
            "Mean Square Displacement": 0.030384932212119003,
            "Self diffusion coefficient": 0.0006330194210858126,
            "Lindemann Criterion": 0.07034084494999628,
            "Specific Heat": 129.4173428157221,
            "Internal Temperature": 222.6376704460642,
            "Cohesive Energy": 0.053013694470050235,
            "Internal Pressure": -7.838971260050798e-06,
            "Bulk_modulus": 156.92669344618795,
            "Lattice constant": 3.722885
        }
    ]
}