{
    "Simulation input": [
        {
            "Chemical formula": "Al125Ni124Pd",
            "Database": "Materials Project",
            "Potential": "EMT",
            "Integrator": "Velocity-Verlet",
            "Lattice structure": "CUB(a=14.4395)",
            "a": 14.43951,
            "b": 14.43951,
            "c": 14.43951,
            "Alpha": 90.0,
            "Beta": 90.0,
            "Gamma": 90.0,
            "Volume": 3010.6298794090108,
            "Initial Temperature": 300,
            "Run time": 1000
        }
    ],
    "Simulation output": [
        {
            "Mean Square Displacement": 2.167775758491857,
            "Self diffusion coefficient": 0.04516199496858036,
            "Lindemann Criterion": 0.6357602174770849,
            "Specific Heat": 289.8160729478985,
            "Internal Temperature": 594.3957051950666,
            "Cohesive Energy": 0.3923911620981225,
            "Internal Pressure": 1.405804196324883e-07,
            "Bulk_modulus": 73.23181533973079,
            "Lattice constant": 0
        }
    ]
}