{
    "Simulation input": [
        {
            "Chemical formula": "Ag375Pt125",
            "Database": "Materials Project",
            "Potential": "EMT",
            "Integrator": "Langevin",
            "Lattice structure": "CUB(a=20.52)",
            "a": 20.52002,
            "b": 20.52002,
            "c": 20.52002,
            "Alpha": 90.0,
            "Beta": 90.0,
            "Gamma": 90.0,
            "Volume": 8640.389872248625,
            "Initial Temperature": 300,
            "Run time": 1000
        }
    ],
    "Simulation output": [
        {
            "Mean Square Displacement": 0.006616722032274403,
            "Self diffusion coefficient": 0.0001378483756723834,
            "Lindemann Criterion": 0.02863797131496942,
            "Specific Heat": 50873296822.23246,
            "Internal Temperature": 32.466461623295004,
            "Cohesive Energy": 0.07270246183676689,
            "Internal Pressure": -9.863447260300193e-07,
            "Bulk_modulus": 130.27676929608967,
            "Lattice constant": 4.104004
        }
    ]
}