{
    "Simulation input": [
        {
            "Chemical formula": "Al375Pd125",
            "Database": "Materials Project",
            "Potential": "EMT",
            "Integrator": "Velocity-Verlet",
            "Lattice structure": "CUB(a=19.7345)",
            "a": 19.73455,
            "b": 19.73455,
            "c": 19.73455,
            "Alpha": 90.0,
            "Beta": 90.0,
            "Gamma": 90.0,
            "Volume": 7685.669117560159,
            "Initial Temperature": 20,
            "Run time": 1000
        }
    ],
    "Simulation output": [
        {
            "Mean Square Displacement": 0.0017204203868227586,
            "Self diffusion coefficient": 3.5842091392140804e-05,
            "Lindemann Criterion": 0.014991205558546756,
            "Specific Heat": 266.2256134591332,
            "Internal Temperature": 9.973924865763603,
            "Cohesive Energy": 0.03749705309782981,
            "Internal Pressure": -2.4319159765277825e-08,
            "Bulk_modulus": 54.919740149188435,
            "Lattice constant": 3.94691
        }
    ]
}