{
    "Simulation input": [
        {
            "Chemical formula": "Al500",
            "Database": "ASE",
            "Potential": "EMT_Asap_Standard_JacobsenStoltzeNorskov_1996_AlAgAuCuNiPdPt__MO_115316750986_001",
            "Integrator": "Velocity-Verlet",
            "Lattice structure": "CUB(a=20.25)",
            "a": 20.25,
            "b": 20.25,
            "c": 20.25,
            "Alpha": 90.0,
            "Beta": 90.0,
            "Gamma": 90.0,
            "Volume": 8303.765624999998,
            "Initial Temperature": 1100,
            "Run time": 3000
        }
    ],
    "Simulation output": [
        {
            "Mean Square Displacement": 0.18043634681852383,
            "Self diffusion coefficient": 0.0010740258739197848,
            "Lindemann Criterion": 0.1640565629888077,
            "Specific Heat": 462.1795358170107,
            "Internal Temperature": 586.6249593719632,
            "Cohesive Energy": 3.205024445115871,
            "Internal Pressure": -6.572349529610723e-08,
            "Bulk_modulus": 33.774844026229935,
            "Lattice constant": 3.915692163969525
        }
    ]
}