{
    "Simulation input": [
        {
            "Chemical formula": "Ag375Ni125",
            "Database": "Materials Project",
            "Potential": "EMT",
            "Integrator": "Velocity-Verlet",
            "Lattice structure": "CUB(a=20.0451)",
            "a": 20.04515,
            "b": 20.04515,
            "c": 20.04515,
            "Alpha": 90.0,
            "Beta": 90.0,
            "Gamma": 90.0,
            "Volume": 8054.302403389292,
            "Initial Temperature": 300,
            "Run time": 1000
        }
    ],
    "Simulation output": [
        {
            "Mean Square Displacement": 0.033770743600842534,
            "Self diffusion coefficient": 0.0007035571583508862,
            "Lindemann Criterion": 0.06718552539369041,
            "Specific Heat": 130.47742782439192,
            "Internal Temperature": 160.00174191631345,
            "Cohesive Energy": 0.13873435160332748,
            "Internal Pressure": 6.333847011698185e-07,
            "Bulk_modulus": 106.11349943549038,
            "Lattice constant": 0
        }
    ]
}