{
    "Simulation input": [
        {
            "Chemical formula": "Al125Pd375",
            "Database": "Materials Project",
            "Potential": "EMT",
            "Integrator": "Langevin",
            "Lattice structure": "CUB(a=19.5469)",
            "a": 19.54693,
            "b": 19.54693,
            "c": 19.54693,
            "Alpha": 90.0,
            "Beta": 90.0,
            "Gamma": 90.0,
            "Volume": 7468.539342716455,
            "Initial Temperature": 300,
            "Run time": 1000
        }
    ],
    "Simulation output": [
        {
            "Mean Square Displacement": 0.004545996864137019,
            "Self diffusion coefficient": 9.470826800285456e-05,
            "Lindemann Criterion": 0.02482576360237618,
            "Specific Heat": 33252038693.240944,
            "Internal Temperature": 33.98196051421389,
            "Cohesive Energy": 0.04922640640410218,
            "Internal Pressure": 5.971283274573738e-07,
            "Bulk_modulus": 115.24576928819478,
            "Lattice constant": 0
        }
    ]
}