{
    "Simulation input": [
        {
            "Chemical formula": "AgAl499Au2000",
            "Database": "Materials Project",
            "Potential": "EMT",
            "Integrator": "Velocity-Verlet",
            "Lattice structure": "CUB(a=35.2732)",
            "a": 35.27325,
            "b": 35.27325,
            "c": 35.27325,
            "Alpha": 90.0,
            "Beta": 90.0,
            "Gamma": 90.0,
            "Volume": 43887.05403642744,
            "Initial Temperature": 300,
            "Run time": 1000
        }
    ],
    "Simulation output": [
        {
            "Mean Square Displacement": 0.14106148733770202,
            "Self diffusion coefficient": 0.0029387809862021254,
            "Lindemann Criterion": 0.1444834803219549,
            "Specific Heat": 76.50409962376696,
            "Internal Temperature": 286.36016601224946,
            "Cohesive Energy": 0.09187776168740938,
            "Internal Pressure": -1.4180686363074259e-05,
            "Bulk_modulus": 120.85320839980959,
            "Lattice constant": 0
        }
    ]
}