{
    "Simulation input": [
        {
            "Chemical formula": "AlCu499",
            "Database": "ASE",
            "Potential": "EMT_Asap_Standard_JacobsenStoltzeNorskov_1996_AlAgAuCuNiPdPt__MO_115316750986_001",
            "Integrator": "Velocity-Verlet",
            "Lattice structure": "CUB(a=18.05)",
            "a": 18.05,
            "b": 18.05,
            "c": 18.05,
            "Alpha": 90.0,
            "Beta": 90.0,
            "Gamma": 90.0,
            "Volume": 5880.735125000003,
            "Initial Temperature": 900,
            "Run time": 3000
        }
    ],
    "Simulation output": [
        {
            "Mean Square Displacement": 0.13580848270524717,
            "Self diffusion coefficient": 0.0008083838256264712,
            "Lindemann Criterion": 0.15046556054320034,
            "Specific Heat": 196.46684840252917,
            "Internal Temperature": 544.9823514569298,
            "Cohesive Energy": 3.435612207133182,
            "Internal Pressure": -1.383945948284221e-06,
            "Bulk_modulus": 119.68571145769852,
            "Lattice constant": 3.58690945865129
        }
    ]
}