{
    "Simulation input": [
        {
            "Chemical formula": "Ag375CuNi124",
            "Database": "Materials Project",
            "Potential": "EMT",
            "Integrator": "Velocity-Verlet",
            "Lattice structure": "CUB(a=20.0451)",
            "a": 20.04515,
            "b": 20.04515,
            "c": 20.04515,
            "Alpha": 90.0,
            "Beta": 90.0,
            "Gamma": 90.0,
            "Volume": 8054.302403389292,
            "Initial Temperature": 300,
            "Run time": 1000
        }
    ],
    "Simulation output": [
        {
            "Mean Square Displacement": 0.029803825242096176,
            "Self diffusion coefficient": 0.0006209130258770036,
            "Lindemann Criterion": 0.06389487789486181,
            "Specific Heat": 130.4641797195847,
            "Internal Temperature": 148.8776118996872,
            "Cohesive Energy": 0.13650682821268506,
            "Internal Pressure": 2.099218969491533e-06,
            "Bulk_modulus": 106.14091285013696,
            "Lattice constant": 4.00903
        }
    ]
}