{
    "Simulation input": [
        {
            "Chemical formula": "CuNi124Pt375",
            "Database": "Materials Project",
            "Potential": "EMT",
            "Integrator": "Velocity-Verlet",
            "Lattice structure": "CUB(a=19.3952)",
            "a": 19.3952,
            "b": 19.3952,
            "c": 19.3952,
            "Alpha": 90.0,
            "Beta": 90.0,
            "Gamma": 90.0,
            "Volume": 7295.965756817409,
            "Initial Temperature": 300,
            "Run time": 1000
        }
    ],
    "Simulation output": [
        {
            "Mean Square Displacement": 0.04375572449631687,
            "Self diffusion coefficient": 0.0009115775936732682,
            "Lindemann Criterion": 0.08008450706389438,
            "Specific Heat": 77.457270054408,
            "Internal Temperature": 228.69272396648677,
            "Cohesive Energy": 0.0018574993803733013,
            "Internal Pressure": -3.608895920738205e-05,
            "Bulk_modulus": 242.2687006133905,
            "Lattice constant": 0
        }
    ]
}