{
    "Simulation input": [
        {
            "Chemical formula": "Al374AuCu125",
            "Database": "Materials Project",
            "Potential": "EMT",
            "Integrator": "Velocity-Verlet",
            "Lattice structure": "CUB(a=19.6208)",
            "a": 19.620755000000003,
            "b": 19.620755000000003,
            "c": 19.620755000000003,
            "Alpha": 90.0,
            "Beta": 90.0,
            "Gamma": 90.0,
            "Volume": 7553.481060618106,
            "Initial Temperature": 300,
            "Run time": 1000
        }
    ],
    "Simulation output": [
        {
            "Mean Square Displacement": 0.07970906479379869,
            "Self diffusion coefficient": 0.0016606055165374726,
            "Lindemann Criterion": 0.1049175429529975,
            "Specific Heat": 342.00267505021515,
            "Internal Temperature": 239.75754191662958,
            "Cohesive Energy": 0.11469142029814802,
            "Internal Pressure": -1.92033355009284e-06,
            "Bulk_modulus": 45.94496948225137,
            "Lattice constant": 3.924151
        }
    ]
}