{
    "Simulation input": [
        {
            "Chemical formula": "CuPd124",
            "Database": "Materials Project",
            "Potential": "EMT",
            "Integrator": "Velocity-Verlet",
            "Lattice structure": "FCC(a=19.7853)",
            "a": 13.990340999999999,
            "b": 13.990340999999999,
            "c": 13.990340999999999,
            "Alpha": 59.99999999999999,
            "Beta": 59.99999999999999,
            "Gamma": 59.99999999999999,
            "Volume": 1936.287770389967,
            "Initial Temperature": 300,
            "Run time": 1000
        }
    ],
    "Simulation output": [
        {
            "Mean Square Displacement": 0.02779190724189311,
            "Self diffusion coefficient": 0.0005789980675394398,
            "Lindemann Criterion": 0.061761712498891654,
            "Specific Heat": 117.55907273753424,
            "Internal Temperature": 160.8104317966783,
            "Cohesive Energy": 0.04815317506784098,
            "Internal Pressure": -2.8470129669260122e-06,
            "Bulk_modulus": 174.8101919698999,
            "Lattice constant": 0
        }
    ]
}