{
    "Simulation input": [
        {
            "Chemical formula": "Au499Pd",
            "Database": "ASE",
            "Potential": "EMT_Asap_Standard_JacobsenStoltzeNorskov_1996_AlAgAuCuNiPdPt__MO_115316750986_001",
            "Integrator": "Velocity-Verlet",
            "Lattice structure": "CUB(a=20.4)",
            "a": 20.4,
            "b": 20.4,
            "c": 20.4,
            "Alpha": 90.0,
            "Beta": 90.0,
            "Gamma": 90.0,
            "Volume": 8489.664,
            "Initial Temperature": 900,
            "Run time": 3000
        }
    ],
    "Simulation output": [
        {
            "Mean Square Displacement": 0.14502795844689845,
            "Self diffusion coefficient": 0.0008632616574220145,
            "Lindemann Criterion": 0.14564741384524593,
            "Specific Heat": 63.37009825005617,
            "Internal Temperature": 609.0877402121442,
            "Cohesive Energy": 3.717539487513474,
            "Internal Pressure": -2.1118907693835765e-08,
            "Bulk_modulus": 165.4025957480736,
            "Lattice constant": 3.8073118842989633
        }
    ]
}