{
    "Simulation input": [
        {
            "Chemical formula": "PdPt499",
            "Database": "ASE",
            "Potential": "EMT_Asap_Standard_JacobsenStoltzeNorskov_1996_AlAgAuCuNiPdPt__MO_115316750986_001",
            "Integrator": "Velocity-Verlet",
            "Lattice structure": "CUB(a=19.6)",
            "a": 19.6,
            "b": 19.6,
            "c": 19.6,
            "Alpha": 90.0,
            "Beta": 90.0,
            "Gamma": 90.0,
            "Volume": 7529.536000000013,
            "Initial Temperature": 1200,
            "Run time": 3000
        }
    ],
    "Simulation output": [
        {
            "Mean Square Displacement": 0.10792910394709586,
            "Self diffusion coefficient": 0.0006424351425422372,
            "Lindemann Criterion": 0.12902247783496823,
            "Specific Heat": 63.98095463637121,
            "Internal Temperature": 803.594210275141,
            "Cohesive Energy": 5.736026152643939,
            "Internal Pressure": -8.20343278120939e-06,
            "Bulk_modulus": 263.9287427723686,
            "Lattice constant": 3.763694624804003
        }
    ]
}