{
    "Simulation input": [
        {
            "Chemical formula": "Cu500",
            "Database": "ASE",
            "Potential": "EMT_Asap_Standard_JacobsenStoltzeNorskov_1996_AlAgAuCuNiPdPt__MO_115316750986_001",
            "Integrator": "Velocity-Verlet",
            "Lattice structure": "CUB(a=18.05)",
            "a": 18.05,
            "b": 18.05,
            "c": 18.05,
            "Alpha": 90.0,
            "Beta": 90.0,
            "Gamma": 90.0,
            "Volume": 5880.735125000003,
            "Initial Temperature": 300,
            "Run time": 3000
        }
    ],
    "Simulation output": [
        {
            "Mean Square Displacement": 0.014190450723795335,
            "Self diffusion coefficient": 8.446696859401985e-05,
            "Lindemann Criterion": 0.048074424785701474,
            "Specific Heat": 196.24075377771157,
            "Internal Temperature": 150.80862789378443,
            "Cohesive Energy": 3.496257332543506,
            "Internal Pressure": 1.5052893560544208e-08,
            "Bulk_modulus": 125.33446799306238,
            "Lattice constant": 3.5869094586514447
        }
    ]
}