{
    "Simulation input": [
        {
            "Chemical formula": "CuPd499",
            "Database": "ASE",
            "Potential": "EMT_Asap_Standard_JacobsenStoltzeNorskov_1996_AlAgAuCuNiPdPt__MO_115316750986_001",
            "Integrator": "Velocity-Verlet",
            "Lattice structure": "CUB(a=19.45)",
            "a": 19.45,
            "b": 19.45,
            "c": 19.45,
            "Alpha": 90.0,
            "Beta": 90.0,
            "Gamma": 90.0,
            "Volume": 7357.983625000011,
            "Initial Temperature": 1200,
            "Run time": 3000
        }
    ],
    "Simulation output": [
        {
            "Mean Square Displacement": 0.08875476803956886,
            "Self diffusion coefficient": 0.0005283021907117194,
            "Lindemann Criterion": 0.11959867687488127,
            "Specific Heat": 117.27467589235958,
            "Internal Temperature": 665.2500217833441,
            "Cohesive Energy": 3.8086832874795,
            "Internal Pressure": -1.5547559248933266e-06,
            "Bulk_modulus": 167.5031805581457,
            "Lattice constant": 3.7486362256057384
        }
    ]
}