{
    "Simulation input": [
        {
            "Chemical formula": "Au124Pt",
            "Database": "Materials Project",
            "Potential": "EMT",
            "Integrator": "Velocity-Verlet",
            "Lattice structure": "FCC(a=16.6852)",
            "a": 11.798184120000002,
            "b": 11.798184120000002,
            "c": 11.79818412,
            "Alpha": 59.99999999999999,
            "Beta": 59.99999999999999,
            "Gamma": 60.00000000000001,
            "Volume": 1161.2627901639548,
            "Initial Temperature": 300,
            "Run time": 1000
        }
    ],
    "Simulation output": [
        {
            "Mean Square Displacement": 0.06404663933686623,
            "Self diffusion coefficient": 0.0013343049861847132,
            "Lindemann Criterion": 0.0904785125100048,
            "Specific Heat": 63.316675246902435,
            "Internal Temperature": 169.43081985534394,
            "Cohesive Energy": 0.07955178405591087,
            "Internal Pressure": 3.458870861933987e-06,
            "Bulk_modulus": null,
            "Lattice constant": 0
        }
    ]
}