{
    "Simulation input": [
        {
            "Chemical formula": "Au499Cu",
            "Database": "ASE",
            "Potential": "EMT_Asap_Standard_JacobsenStoltzeNorskov_1996_AlAgAuCuNiPdPt__MO_115316750986_001",
            "Integrator": "Velocity-Verlet",
            "Lattice structure": "CUB(a=20.4)",
            "a": 20.4,
            "b": 20.4,
            "c": 20.4,
            "Alpha": 90.0,
            "Beta": 90.0,
            "Gamma": 90.0,
            "Volume": 8489.664,
            "Initial Temperature": 900,
            "Run time": 3000
        }
    ],
    "Simulation output": [
        {
            "Mean Square Displacement": 0.11771654075610966,
            "Self diffusion coefficient": 0.0007006936949768432,
            "Lindemann Criterion": 0.1319239217456079,
            "Specific Heat": 63.39772339851992,
            "Internal Temperature": 505.96200481583264,
            "Cohesive Energy": 3.7301771725088306,
            "Internal Pressure": -4.3519882196834505e-07,
            "Bulk_modulus": 166.4737723674819,
            "Lattice constant": 3.8073118842989633
        }
    ]
}