{
    "Simulation input": [
        {
            "Chemical formula": "AuCu374Pt125",
            "Database": "Materials Project",
            "Potential": "EMT",
            "Integrator": "Velocity-Verlet",
            "Lattice structure": "CUB(a=18.6144)",
            "a": 18.614425,
            "b": 18.614425,
            "c": 18.614425,
            "Alpha": 90.0,
            "Beta": 90.0,
            "Gamma": 90.0,
            "Volume": 6449.83903290044,
            "Initial Temperature": 300,
            "Run time": 1000
        }
    ],
    "Simulation output": [
        {
            "Mean Square Displacement": 0.04951756370753982,
            "Self diffusion coefficient": 0.0010316159105737462,
            "Lindemann Criterion": 0.09124387697989247,
            "Specific Heat": 128.96233524795826,
            "Internal Temperature": 320.5586156155955,
            "Cohesive Energy": 0.0406056187414547,
            "Internal Pressure": -9.649153416747068e-06,
            "Bulk_modulus": 155.8826056397916,
            "Lattice constant": 3.722885
        }
    ]
}