{
    "Simulation input": [
        {
            "Chemical formula": "Al250Cu125",
            "Database": "Materials Project",
            "Potential": "EMT",
            "Integrator": "Langevin",
            "Lattice structure": "FCC(a=28.8455)",
            "a": 20.396884,
            "b": 20.396884000000004,
            "c": 20.396884,
            "Alpha": 59.99999999999999,
            "Beta": 59.999999999999986,
            "Gamma": 59.99999999999999,
            "Volume": 6000.3485727212665,
            "Initial Temperature": 300,
            "Run time": 1000
        }
    ],
    "Simulation output": [
        {
            "Mean Square Displacement": 2.692191696237566,
            "Self diffusion coefficient": 0.05608732700494929,
            "Lindemann Criterion": 0.6905832029479358,
            "Specific Heat": 32831427844.921474,
            "Internal Temperature": 362.21199085336286,
            "Cohesive Energy": 0.382880305751675,
            "Internal Pressure": -1.3764802153302639e-06,
            "Bulk_modulus": 43.02394134473226,
            "Lattice constant": 4.0793768
        }
    ]
}