{
    "Simulation input": [
        {
            "Chemical formula": "Al124Ni375Pt",
            "Database": "Materials Project",
            "Potential": "EMT",
            "Integrator": "Velocity-Verlet",
            "Lattice structure": "CUB(a=17.8054)",
            "a": 17.80542,
            "b": 17.80542,
            "c": 17.80542,
            "Alpha": 90.0,
            "Beta": 90.0,
            "Gamma": 90.0,
            "Volume": 5644.905387258983,
            "Initial Temperature": 300,
            "Run time": 1000
        }
    ],
    "Simulation output": [
        {
            "Mean Square Displacement": 0.054240161188511576,
            "Self diffusion coefficient": 0.0011300033580939912,
            "Lindemann Criterion": 0.09653821961904833,
            "Specific Heat": 244.02964436773112,
            "Internal Temperature": 392.26599465544234,
            "Cohesive Energy": 0.3342636601674989,
            "Internal Pressure": 3.1404138139470265e-06,
            "Bulk_modulus": 103.18703833810697,
            "Lattice constant": 0
        }
    ]
}