{
    "Simulation input": [
        {
            "Chemical formula": "Al375Pd125",
            "Database": "Materials Project",
            "Potential": "EMT",
            "Integrator": "Velocity-Verlet",
            "Lattice structure": "CUB(a=19.7345)",
            "a": 19.73455,
            "b": 19.73455,
            "c": 19.73455,
            "Alpha": 90.0,
            "Beta": 90.0,
            "Gamma": 90.0,
            "Volume": 7685.669117560159,
            "Initial Temperature": 300,
            "Run time": 1000
        }
    ],
    "Simulation output": [
        {
            "Mean Square Displacement": 0.02711734497708887,
            "Self diffusion coefficient": 0.0005649446870226848,
            "Lindemann Criterion": 0.060465196246426246,
            "Specific Heat": 266.22561345815774,
            "Internal Temperature": 149.3268279676364,
            "Cohesive Energy": 0.05560321657273819,
            "Internal Pressure": 1.0921973883523193e-06,
            "Bulk_modulus": 54.39168430624625,
            "Lattice constant": 3.94691
        }
    ]
}