{
    "Simulation input": [
        {
            "Chemical formula": "Al499Au2000Pt",
            "Database": "Materials Project",
            "Potential": "EMT",
            "Integrator": "Velocity-Verlet",
            "Lattice structure": "CUB(a=35.2732)",
            "a": 35.27325,
            "b": 35.27325,
            "c": 35.27325,
            "Alpha": 90.0,
            "Beta": 90.0,
            "Gamma": 90.0,
            "Volume": 43887.05403642744,
            "Initial Temperature": 300,
            "Run time": 1000
        }
    ],
    "Simulation output": [
        {
            "Mean Square Displacement": 0.1577318491121265,
            "Self diffusion coefficient": 0.003286080189835969,
            "Lindemann Criterion": 0.1525313945751842,
            "Specific Heat": 76.48772941507633,
            "Internal Temperature": 315.0517911178174,
            "Cohesive Energy": 0.09677046644971082,
            "Internal Pressure": -1.825388352970591e-05,
            "Bulk_modulus": 120.41681042689542,
            "Lattice constant": 0
        }
    ]
}