{
    "Simulation input": [
        {
            "Chemical formula": "Al499Cu",
            "Database": "ASE",
            "Potential": "EMT_Asap_Standard_JacobsenStoltzeNorskov_1996_AlAgAuCuNiPdPt__MO_115316750986_001",
            "Integrator": "Velocity-Verlet",
            "Lattice structure": "CUB(a=20.25)",
            "a": 20.25,
            "b": 20.25,
            "c": 20.25,
            "Alpha": 90.0,
            "Beta": 90.0,
            "Gamma": 90.0,
            "Volume": 8303.765624999998,
            "Initial Temperature": 1200,
            "Run time": 3000
        }
    ],
    "Simulation output": [
        {
            "Mean Square Displacement": 0.2718362819435356,
            "Self diffusion coefficient": 0.0016180731068067594,
            "Lindemann Criterion": 0.20447407097216275,
            "Specific Heat": 460.9302618503603,
            "Internal Temperature": 650.0893056069181,
            "Cohesive Energy": 3.1913812893095996,
            "Internal Pressure": 4.2457517293687717e-07,
            "Bulk_modulus": 33.51248596031204,
            "Lattice constant": 3.9156921639693607
        }
    ]
}