{
    "Simulation input": [
        {
            "Chemical formula": "Al125Cu375",
            "Database": "Materials Project",
            "Potential": "EMT",
            "Integrator": "Langevin",
            "Lattice structure": "CUB(a=18.3574)",
            "a": 18.357405,
            "b": 18.357405,
            "c": 18.357405,
            "Alpha": 90.0,
            "Beta": 90.0,
            "Gamma": 90.0,
            "Volume": 6186.341184356621,
            "Initial Temperature": 300,
            "Run time": 1000
        }
    ],
    "Simulation output": [
        {
            "Mean Square Displacement": 0.004474987670078079,
            "Self diffusion coefficient": 9.322890979329331e-05,
            "Lindemann Criterion": 0.026634318486783742,
            "Specific Heat": 268451267483.06583,
            "Internal Temperature": 35.039507944955794,
            "Cohesive Energy": 0.11830973325442377,
            "Internal Pressure": 6.152341045711721e-07,
            "Bulk_modulus": 85.53968785274876,
            "Lattice constant": 0
        }
    ]
}