{
    "Simulation input": [
        {
            "Chemical formula": "Al125Pd125",
            "Database": "Materials Project",
            "Potential": "EMT",
            "Integrator": "Velocity-Verlet",
            "Lattice structure": "CUB(a=15.3878)",
            "a": 15.387830000000001,
            "b": 15.387830000000001,
            "c": 15.387830000000001,
            "Alpha": 90.0,
            "Beta": 90.0,
            "Gamma": 90.0,
            "Volume": 3643.612129228699,
            "Initial Temperature": 300,
            "Run time": 1000
        }
    ],
    "Simulation output": [
        {
            "Mean Square Displacement": 0.3301292170679458,
            "Self diffusion coefficient": 0.006877692022248871,
            "Lindemann Criterion": 0.22645245166061306,
            "Specific Heat": 186.9590863029694,
            "Internal Temperature": 206.4556856295811,
            "Cohesive Energy": 0.18087357984582664,
            "Internal Pressure": -3.3120247058017883e-07,
            "Bulk_modulus": 74.91050360804111,
            "Lattice constant": 0
        }
    ]
}