{
    "Simulation input": [
        {
            "Chemical formula": "Ag499Au",
            "Database": "ASE",
            "Potential": "EMT_Asap_Standard_JacobsenStoltzeNorskov_1996_AlAgAuCuNiPdPt__MO_115316750986_001",
            "Integrator": "Velocity-Verlet",
            "Lattice structure": "CUB(a=20.45)",
            "a": 20.45,
            "b": 20.45,
            "c": 20.45,
            "Alpha": 90.0,
            "Beta": 90.0,
            "Gamma": 90.0,
            "Volume": 8552.241125000002,
            "Initial Temperature": 700,
            "Run time": 3000
        }
    ],
    "Simulation output": [
        {
            "Mean Square Displacement": 0.12776496448089367,
            "Self diffusion coefficient": 0.0007605057409577004,
            "Lindemann Criterion": 0.13050762884537653,
            "Specific Heat": 115.41629629535528,
            "Internal Temperature": 502.51794835771375,
            "Cohesive Energy": 2.8896702196203536,
            "Internal Pressure": -4.612269576450705e-06,
            "Bulk_modulus": 90.87743794133027,
            "Lattice constant": 3.8347786021727415
        }
    ]
}