{
    "Simulation input": [
        {
            "Chemical formula": "AlNi499",
            "Database": "ASE",
            "Potential": "EMT_Asap_Standard_JacobsenStoltzeNorskov_1996_AlAgAuCuNiPdPt__MO_115316750986_001",
            "Integrator": "Velocity-Verlet",
            "Lattice structure": "CUB(a=17.6)",
            "a": 17.6,
            "b": 17.6,
            "c": 17.6,
            "Alpha": 90.0,
            "Beta": 90.0,
            "Gamma": 90.0,
            "Volume": 5451.776,
            "Initial Temperature": 700,
            "Run time": 3000
        }
    ],
    "Simulation output": [
        {
            "Mean Square Displacement": 0.07875219457761468,
            "Self diffusion coefficient": 0.00046876306296199214,
            "Lindemann Criterion": 0.12837946109405637,
            "Specific Heat": 212.69520698143526,
            "Internal Temperature": 507.1085681396194,
            "Cohesive Energy": 4.3662718706702375,
            "Internal Pressure": 4.497456666498355e-06,
            "Bulk_modulus": 161.77936966269394,
            "Lattice constant": 3.4914114204442335
        }
    ]
}