{
    "Simulation input": [
        {
            "Chemical formula": "Al499Pt",
            "Database": "ASE",
            "Potential": "EMT_Asap_Standard_JacobsenStoltzeNorskov_1996_AlAgAuCuNiPdPt__MO_115316750986_001",
            "Integrator": "Velocity-Verlet",
            "Lattice structure": "CUB(a=20.25)",
            "a": 20.25,
            "b": 20.25,
            "c": 20.25,
            "Alpha": 90.0,
            "Beta": 90.0,
            "Gamma": 90.0,
            "Volume": 8303.765624999998,
            "Initial Temperature": 300,
            "Run time": 3000
        }
    ],
    "Simulation output": [
        {
            "Mean Square Displacement": 0.10988962819943382,
            "Self diffusion coefficient": 0.0006541049297585347,
            "Lindemann Criterion": 0.12387685419985223,
            "Specific Heat": 456.49139998328957,
            "Internal Temperature": 259.8698423745477,
            "Cohesive Energy": 3.248452355057401,
            "Internal Pressure": 7.161086638470628e-07,
            "Bulk_modulus": 35.152468667492634,
            "Lattice constant": 3.9156921639693607
        }
    ]
}