{
    "Simulation input": [
        {
            "Chemical formula": "Al124Pt",
            "Database": "Materials Project",
            "Potential": "EMT",
            "Integrator": "Velocity-Verlet",
            "Lattice structure": "FCC(a=20.1946)",
            "a": 14.279773950000001,
            "b": 14.279773950000001,
            "c": 14.279773950000001,
            "Alpha": 59.99999999999999,
            "Beta": 59.99999999999999,
            "Gamma": 59.99999999999999,
            "Volume": 2058.965169334094,
            "Initial Temperature": 300,
            "Run time": 1000
        }
    ],
    "Simulation output": [
        {
            "Mean Square Displacement": 0.04303315775790158,
            "Self diffusion coefficient": 0.0008965241199562829,
            "Lindemann Criterion": 0.07801751392316895,
            "Specific Heat": 440.23713224301036,
            "Internal Temperature": 146.52090030352366,
            "Cohesive Energy": 0.015638435939297163,
            "Internal Pressure": 3.6945323036774984e-06,
            "Bulk_modulus": 36.396296892260715,
            "Lattice constant": 2.85595479
        }
    ]
}