{
    "Simulation input": [
        {
            "Chemical formula": "AgCu499",
            "Database": "ASE",
            "Potential": "EMT_Asap_Standard_JacobsenStoltzeNorskov_1996_AlAgAuCuNiPdPt__MO_115316750986_001",
            "Integrator": "Velocity-Verlet",
            "Lattice structure": "CUB(a=18.05)",
            "a": 18.05,
            "b": 18.05,
            "c": 18.05,
            "Alpha": 90.0,
            "Beta": 90.0,
            "Gamma": 90.0,
            "Volume": 5880.735125000003,
            "Initial Temperature": 400,
            "Run time": 3000
        }
    ],
    "Simulation output": [
        {
            "Mean Square Displacement": 0.10704491215540773,
            "Self diffusion coefficient": 0.0006371720961631412,
            "Lindemann Criterion": 0.13385242200202266,
            "Specific Heat": 195.96738627414211,
            "Internal Temperature": 417.2286380736515,
            "Cohesive Energy": 3.4508602225779286,
            "Internal Pressure": 2.8954067875784324e-06,
            "Bulk_modulus": 121.14328080364349,
            "Lattice constant": 3.58690945865129
        }
    ]
}