{
    "Simulation input": [
        {
            "Chemical formula": "Pd125",
            "Database": "Materials Project",
            "Potential": "EMT",
            "Integrator": "Velocity-Verlet",
            "Lattice structure": "FCC(a=19.7853)",
            "a": 13.990340999999999,
            "b": 13.990340999999999,
            "c": 13.990340999999999,
            "Alpha": 59.99999999999999,
            "Beta": 59.99999999999999,
            "Gamma": 59.99999999999999,
            "Volume": 1936.287770389967,
            "Initial Temperature": 300,
            "Run time": 1000
        }
    ],
    "Simulation output": [
        {
            "Mean Square Displacement": 0.01926739251156957,
            "Self diffusion coefficient": 0.00040140401065769934,
            "Lindemann Criterion": 0.05199700510048692,
            "Specific Heat": 117.180179434506,
            "Internal Temperature": 158.308496229347,
            "Cohesive Energy": 0.047153871648318,
            "Internal Pressure": -4.1692608400282e-07,
            "Bulk_modulus": 175.47224004568588,
            "Lattice constant": 2.7980682
        }
    ]
}