{
    "Simulation input": [
        {
            "Chemical formula": "Al249Au125Cu",
            "Database": "Materials Project",
            "Potential": "EMT",
            "Integrator": "Velocity-Verlet",
            "Lattice structure": "FCC(a=30.3168)",
            "a": 21.4372007,
            "b": 21.4372007,
            "c": 21.437200699999998,
            "Alpha": 59.999999999999986,
            "Beta": 59.999999999999986,
            "Gamma": 59.99999999999999,
            "Volume": 6966.092291278917,
            "Initial Temperature": 300,
            "Run time": 1000
        }
    ],
    "Simulation output": [
        {
            "Mean Square Displacement": 3.150068207164694,
            "Self diffusion coefficient": 0.06562642098259779,
            "Lindemann Criterion": 0.6740941451302741,
            "Specific Heat": 148.9157822508951,
            "Internal Temperature": 875.1958352121223,
            "Cohesive Energy": 0.24117722612837705,
            "Internal Pressure": 6.741559080257865e-06,
            "Bulk_modulus": 52.166570290064186,
            "Lattice constant": 0
        }
    ]
}