{
    "Simulation input": [
        {
            "Chemical formula": "AgPt499",
            "Database": "ASE",
            "Potential": "EMT_Asap_Standard_JacobsenStoltzeNorskov_1996_AlAgAuCuNiPdPt__MO_115316750986_001",
            "Integrator": "Velocity-Verlet",
            "Lattice structure": "CUB(a=19.6)",
            "a": 19.6,
            "b": 19.6,
            "c": 19.6,
            "Alpha": 90.0,
            "Beta": 90.0,
            "Gamma": 90.0,
            "Volume": 7529.536000000013,
            "Initial Temperature": 300,
            "Run time": 3000
        }
    ],
    "Simulation output": [
        {
            "Mean Square Displacement": 0.0997623266456427,
            "Self diffusion coefficient": 0.0005938233728907304,
            "Lindemann Criterion": 0.12123722048093459,
            "Specific Heat": 63.98000386499585,
            "Internal Temperature": 400.3045880691918,
            "Cohesive Energy": 5.781227199541931,
            "Internal Pressure": -1.2810128008580731e-05,
            "Bulk_modulus": 270.19872966371116,
            "Lattice constant": 3.763694624804003
        }
    ]
}