{
    "Simulation input": [
        {
            "Chemical formula": "Ag374Au125",
            "Database": "Materials Project",
            "Potential": "EMT",
            "Integrator": "Velocity-Verlet",
            "Lattice structure": "CUB(a=20.8081)",
            "a": 20.808144999999996,
            "b": 20.808144999999996,
            "c": 20.808144999999996,
            "Alpha": 90.0,
            "Beta": 90.0,
            "Gamma": 90.0,
            "Volume": 9009.487698620313,
            "Initial Temperature": 300,
            "Run time": 1000
        }
    ],
    "Simulation output": [
        {
            "Mean Square Displacement": 0.07985986972361153,
            "Self diffusion coefficient": 0.0016637472859085737,
            "Lindemann Criterion": 0.10249609991873264,
            "Specific Heat": 95.78739558275717,
            "Internal Temperature": 350.0281158903791,
            "Cohesive Energy": 0.07671626422997477,
            "Internal Pressure": 7.546468163981207e-07,
            "Bulk_modulus": 106.82224573817183,
            "Lattice constant": 0
        }
    ]
}