{
    "Simulation input": [
        {
            "Chemical formula": "AlAu375Cu124",
            "Database": "Materials Project",
            "Potential": "EMT",
            "Integrator": "Velocity-Verlet",
            "Lattice structure": "CUB(a=20.2664)",
            "a": 20.26643,
            "b": 20.26643,
            "c": 20.26643,
            "Alpha": 90.0,
            "Beta": 90.0,
            "Gamma": 90.0,
            "Volume": 8323.994009212862,
            "Initial Temperature": 300,
            "Run time": 1000
        }
    ],
    "Simulation output": [
        {
            "Mean Square Displacement": 0.07554713248615633,
            "Self diffusion coefficient": 0.0015738985934615902,
            "Lindemann Criterion": 0.10244429570668806,
            "Specific Heat": 76.25317794718738,
            "Internal Temperature": 193.63813924886793,
            "Cohesive Energy": 0.07290453082955453,
            "Internal Pressure": 2.89924234982187e-07,
            "Bulk_modulus": 156.3038048693175,
            "Lattice constant": 0
        }
    ]
}