{
    "Simulation input": [
        {
            "Chemical formula": "Al125PdPt124",
            "Database": "Materials Project",
            "Potential": "EMT",
            "Integrator": "Velocity-Verlet",
            "Lattice structure": "CUB(a=15.4577)",
            "a": 15.457730000000002,
            "b": 15.457730000000002,
            "c": 15.457730000000002,
            "Alpha": 90.0,
            "Beta": 90.0,
            "Gamma": 90.0,
            "Volume": 3693.491905983805,
            "Initial Temperature": 300,
            "Run time": 1000
        }
    ],
    "Simulation output": [
        {
            "Mean Square Displacement": 1.4279441308509562,
            "Self diffusion coefficient": 0.02974883605939492,
            "Lindemann Criterion": 0.4693918182640246,
            "Specific Heat": 112.67191386117699,
            "Internal Temperature": 421.1389790048218,
            "Cohesive Energy": 0.19735550210704494,
            "Internal Pressure": 2.8429371334202485e-06,
            "Bulk_modulus": 112.94925503250944,
            "Lattice constant": 0
        }
    ]
}