{
    "Simulation input": [
        {
            "Chemical formula": "Ni375Pt125",
            "Database": "Materials Project",
            "Potential": "EMT",
            "Integrator": "Velocity-Verlet",
            "Lattice structure": "CUB(a=18.2425)",
            "a": 18.24251,
            "b": 18.24251,
            "c": 18.24251,
            "Alpha": 90.0,
            "Beta": 90.0,
            "Gamma": 90.0,
            "Volume": 6070.909781685288,
            "Initial Temperature": 300,
            "Run time": 1000
        }
    ],
    "Simulation output": [
        {
            "Mean Square Displacement": 0.011382470330878261,
            "Self diffusion coefficient": 0.00023713479855996377,
            "Lindemann Criterion": 0.04278666555075371,
            "Specific Heat": 134.3913548290338,
            "Internal Temperature": 149.00402004466054,
            "Cohesive Energy": 0.08331223700678805,
            "Internal Pressure": 6.083839536918929e-06,
            "Bulk_modulus": 185.4668797900199,
            "Lattice constant": 0
        }
    ]
}