{
    "Simulation input": [
        {
            "Chemical formula": "AlNi499",
            "Database": "ASE",
            "Potential": "EMT_Asap_Standard_JacobsenStoltzeNorskov_1996_AlAgAuCuNiPdPt__MO_115316750986_001",
            "Integrator": "Velocity-Verlet",
            "Lattice structure": "CUB(a=17.6)",
            "a": 17.6,
            "b": 17.6,
            "c": 17.6,
            "Alpha": 90.0,
            "Beta": 90.0,
            "Gamma": 90.0,
            "Volume": 5451.776,
            "Initial Temperature": 500,
            "Run time": 3000
        }
    ],
    "Simulation output": [
        {
            "Mean Square Displacement": 0.06617917187696096,
            "Self diffusion coefficient": 0.0003939236421247676,
            "Lindemann Criterion": 0.11133775502418632,
            "Specific Heat": 212.69520698144873,
            "Internal Temperature": 402.1149532764831,
            "Cohesive Energy": 4.380148095171,
            "Internal Pressure": 6.97536192822682e-06,
            "Bulk_modulus": 162.93747425341056,
            "Lattice constant": 3.4914114204442335
        }
    ]
}