{
    "Simulation input": [
        {
            "Chemical formula": "Cu124NiPt875",
            "Database": "Materials Project",
            "Potential": "EMT",
            "Integrator": "Velocity-Verlet",
            "Lattice structure": "FCC(a=39.3945)",
            "a": 27.856103949999998,
            "b": 27.85610395,
            "c": 27.856103949999998,
            "Alpha": 59.99999999999999,
            "Beta": 59.99999999999999,
            "Gamma": 60.00000000000001,
            "Volume": 15284.320131081178,
            "Initial Temperature": 300,
            "Run time": 1000
        }
    ],
    "Simulation output": [
        {
            "Mean Square Displacement": 0.050070933401361074,
            "Self diffusion coefficient": 0.0010431444458616891,
            "Lindemann Criterion": 0.08386293232817756,
            "Specific Heat": 69.80817019609086,
            "Internal Temperature": 268.86097089556955,
            "Cohesive Energy": 0.019838667830039382,
            "Internal Pressure": -1.5493542561547616e-05,
            "Bulk_modulus": 254.18672225120878,
            "Lattice constant": 0
        }
    ]
}