{
    "Simulation input": [
        {
            "Chemical formula": "Al499Cu2000Pd",
            "Database": "Materials Project",
            "Potential": "EMT",
            "Integrator": "Velocity-Verlet",
            "Lattice structure": "CUB(a=31.4606)",
            "a": 31.460555,
            "b": 31.460555,
            "c": 31.460555,
            "Alpha": 90.0,
            "Beta": 90.0,
            "Gamma": 90.0,
            "Volume": 31138.60406818556,
            "Initial Temperature": 300,
            "Run time": 1000
        }
    ],
    "Simulation output": [
        {
            "Mean Square Displacement": 0.2302959677311539,
            "Self diffusion coefficient": 0.004797832661065707,
            "Lindemann Criterion": 0.19611132655275304,
            "Specific Heat": 221.6358456024599,
            "Internal Temperature": 260.8312705199199,
            "Cohesive Energy": 0.2130141220846545,
            "Internal Pressure": -1.047149138472609e-07,
            "Bulk_modulus": 84.9324593481552,
            "Lattice constant": 0
        }
    ]
}