{
    "Simulation input": [
        {
            "Chemical formula": "AgPd124",
            "Database": "Materials Project",
            "Potential": "EMT",
            "Integrator": "Velocity-Verlet",
            "Lattice structure": "FCC(a=19.7853)",
            "a": 13.990340999999999,
            "b": 13.990340999999999,
            "c": 13.990340999999999,
            "Alpha": 59.99999999999999,
            "Beta": 59.99999999999999,
            "Gamma": 59.99999999999999,
            "Volume": 1936.287770389967,
            "Initial Temperature": 300,
            "Run time": 1000
        }
    ],
    "Simulation output": [
        {
            "Mean Square Displacement": 0.02731019753544525,
            "Self diffusion coefficient": 0.0005689624486551094,
            "Lindemann Criterion": 0.06106338721555266,
            "Specific Heat": 117.167423821813,
            "Internal Temperature": 172.91224686692902,
            "Cohesive Energy": 0.04885091135255857,
            "Internal Pressure": 5.490899566565984e-06,
            "Bulk_modulus": 174.68623739029726,
            "Lattice constant": 0
        }
    ]
}