{
    "Simulation input": [
        {
            "Chemical formula": "Au499Pd",
            "Database": "ASE",
            "Potential": "EMT_Asap_Standard_JacobsenStoltzeNorskov_1996_AlAgAuCuNiPdPt__MO_115316750986_001",
            "Integrator": "Velocity-Verlet",
            "Lattice structure": "CUB(a=20.4)",
            "a": 20.4,
            "b": 20.4,
            "c": 20.4,
            "Alpha": 90.0,
            "Beta": 90.0,
            "Gamma": 90.0,
            "Volume": 8489.664,
            "Initial Temperature": 600,
            "Run time": 3000
        }
    ],
    "Simulation output": [
        {
            "Mean Square Displacement": 0.09560458950216132,
            "Self diffusion coefficient": 0.000569074937512865,
            "Lindemann Criterion": 0.11576520922836996,
            "Specific Heat": 63.37009825003305,
            "Internal Temperature": 450.9394827498558,
            "Cohesive Energy": 3.735936240476171,
            "Internal Pressure": -1.0042138723539496e-06,
            "Bulk_modulus": 167.4357772322285,
            "Lattice constant": 3.8073118842989633
        }
    ]
}