{
    "Simulation input": [
        {
            "Chemical formula": "AuPd499",
            "Database": "ASE",
            "Potential": "EMT_Asap_Standard_JacobsenStoltzeNorskov_1996_AlAgAuCuNiPdPt__MO_115316750986_001",
            "Integrator": "Velocity-Verlet",
            "Lattice structure": "CUB(a=19.45)",
            "a": 19.45,
            "b": 19.45,
            "c": 19.45,
            "Alpha": 90.0,
            "Beta": 90.0,
            "Gamma": 90.0,
            "Volume": 7357.983625000011,
            "Initial Temperature": 400,
            "Run time": 3000
        }
    ],
    "Simulation output": [
        {
            "Mean Square Displacement": 0.07422791043671356,
            "Self diffusion coefficient": 0.0004418328002185331,
            "Lindemann Criterion": 0.10427813388021218,
            "Specific Heat": 116.9811169141896,
            "Internal Temperature": 416.52041347252026,
            "Cohesive Energy": 3.8374041329008346,
            "Internal Pressure": 1.7440483695983498e-06,
            "Bulk_modulus": 171.18881069997533,
            "Lattice constant": 3.7486362256057384
        }
    ]
}