{
    "Simulation input": [
        {
            "Chemical formula": "Al124AuPt375",
            "Database": "Materials Project",
            "Potential": "EMT",
            "Integrator": "Velocity-Verlet",
            "Lattice structure": "CUB(a=19.614)",
            "a": 19.61404,
            "b": 19.61404,
            "c": 19.61404,
            "Alpha": 90.0,
            "Beta": 90.0,
            "Gamma": 90.0,
            "Volume": 7545.72841271767,
            "Initial Temperature": 300,
            "Run time": 1000
        }
    ],
    "Simulation output": [
        {
            "Mean Square Displacement": 0.06767358544233275,
            "Self diffusion coefficient": 0.0014098663633819323,
            "Lindemann Criterion": 0.09837314399332592,
            "Specific Heat": 81.29366805057833,
            "Internal Temperature": 408.3557157128403,
            "Cohesive Energy": 0.11804536044250616,
            "Internal Pressure": -5.2843006259105764e-05,
            "Bulk_modulus": 169.9048594571738,
            "Lattice constant": 3.922808
        }
    ]
}