{
    "Simulation input": [
        {
            "Chemical formula": "Al124PdPt375",
            "Database": "Materials Project",
            "Potential": "EMT",
            "Integrator": "Velocity-Verlet",
            "Lattice structure": "CUB(a=19.614)",
            "a": 19.61404,
            "b": 19.61404,
            "c": 19.61404,
            "Alpha": 90.0,
            "Beta": 90.0,
            "Gamma": 90.0,
            "Volume": 7545.72841271767,
            "Initial Temperature": 300,
            "Run time": 1000
        }
    ],
    "Simulation output": [
        {
            "Mean Square Displacement": 0.05583327143621311,
            "Self diffusion coefficient": 0.0011631931549211064,
            "Lindemann Criterion": 0.08793364098760088,
            "Specific Heat": 81.38975203855394,
            "Internal Temperature": 341.82784063720504,
            "Cohesive Energy": 0.10825243653138165,
            "Internal Pressure": -4.372520845681952e-05,
            "Bulk_modulus": 170.82839650786875,
            "Lattice constant": 0
        }
    ]
}