{
    "Simulation input": [
        {
            "Chemical formula": "Ni499Pd",
            "Database": "ASE",
            "Potential": "EMT_Asap_Standard_JacobsenStoltzeNorskov_1996_AlAgAuCuNiPdPt__MO_115316750986_001",
            "Integrator": "Velocity-Verlet",
            "Lattice structure": "CUB(a=17.6)",
            "a": 17.6,
            "b": 17.6,
            "c": 17.6,
            "Alpha": 90.0,
            "Beta": 90.0,
            "Gamma": 90.0,
            "Volume": 5451.776,
            "Initial Temperature": 1100,
            "Run time": 3000
        }
    ],
    "Simulation output": [
        {
            "Mean Square Displacement": 0.12778579793395736,
            "Self diffusion coefficient": 0.000760629749606889,
            "Lindemann Criterion": 0.15498373675554974,
            "Specific Heat": 212.12039801377253,
            "Internal Temperature": 803.7628730729956,
            "Cohesive Energy": 4.331722024427538,
            "Internal Pressure": 7.102827998561608e-06,
            "Bulk_modulus": 159.70491987688874,
            "Lattice constant": 3.4914114204442335
        }
    ]
}