{
    "Simulation input": [
        {
            "Chemical formula": "AgAl374Cu125",
            "Database": "Materials Project",
            "Potential": "EMT",
            "Integrator": "Velocity-Verlet",
            "Lattice structure": "CUB(a=19.6208)",
            "a": 19.620755000000003,
            "b": 19.620755000000003,
            "c": 19.620755000000003,
            "Alpha": 90.0,
            "Beta": 90.0,
            "Gamma": 90.0,
            "Volume": 7553.481060618106,
            "Initial Temperature": 300,
            "Run time": 1000
        }
    ],
    "Simulation output": [
        {
            "Mean Square Displacement": 0.08623433935657945,
            "Self diffusion coefficient": 0.0017965487365954054,
            "Lindemann Criterion": 0.11447456410423491,
            "Specific Heat": 343.68228710059947,
            "Internal Temperature": 235.19775627363967,
            "Cohesive Energy": 0.11423371239582056,
            "Internal Pressure": -3.161814193096572e-06,
            "Bulk_modulus": 45.89314065190445,
            "Lattice constant": 0
        }
    ]
}