{
    "Simulation input": [
        {
            "Chemical formula": "Al249Cu125Pd",
            "Database": "Materials Project",
            "Potential": "EMT",
            "Integrator": "Velocity-Verlet",
            "Lattice structure": "FCC(a=28.8455)",
            "a": 20.396884,
            "b": 20.396884000000004,
            "c": 20.396884,
            "Alpha": 59.99999999999999,
            "Beta": 59.999999999999986,
            "Gamma": 59.99999999999999,
            "Volume": 6000.3485727212665,
            "Initial Temperature": 300,
            "Run time": 1000
        }
    ],
    "Simulation output": [
        {
            "Mean Square Displacement": 3.421280167424673,
            "Self diffusion coefficient": 0.07127667015468069,
            "Lindemann Criterion": 0.7392926615124393,
            "Specific Heat": 316.65391033571154,
            "Internal Temperature": 996.0895583626861,
            "Cohesive Energy": 0.33257333867114414,
            "Internal Pressure": 2.5590778144639936e-06,
            "Bulk_modulus": 43.392603089056074,
            "Lattice constant": 4.0793768
        }
    ]
}