{
    "Simulation input": [
        {
            "Chemical formula": "Au375Pd125",
            "Database": "Materials Project",
            "Potential": "EMT",
            "Integrator": "Velocity-Verlet",
            "Lattice structure": "CUB(a=20.5786)",
            "a": 20.578590000000002,
            "b": 20.578590000000002,
            "c": 20.578590000000002,
            "Alpha": 90.0,
            "Beta": 90.0,
            "Gamma": 90.0,
            "Volume": 8714.587675770497,
            "Initial Temperature": 300,
            "Run time": 1000
        }
    ],
    "Simulation output": [
        {
            "Mean Square Displacement": 0.048867556592562346,
            "Self diffusion coefficient": 0.0010180740956783822,
            "Lindemann Criterion": 0.08122784403267964,
            "Specific Heat": 71.532840963397,
            "Internal Temperature": 147.7308114668621,
            "Cohesive Energy": 0.06910320032944832,
            "Internal Pressure": -6.414186533441878e-07,
            "Bulk_modulus": 171.07517049975897,
            "Lattice constant": 4.115718
        }
    ]
}