{
    "Simulation input": [
        {
            "Chemical formula": "Al124NiPt375",
            "Database": "Materials Project",
            "Potential": "EMT",
            "Integrator": "Velocity-Verlet",
            "Lattice structure": "CUB(a=19.614)",
            "a": 19.61404,
            "b": 19.61404,
            "c": 19.61404,
            "Alpha": 90.0,
            "Beta": 90.0,
            "Gamma": 90.0,
            "Volume": 7545.72841271767,
            "Initial Temperature": 300,
            "Run time": 1000
        }
    ],
    "Simulation output": [
        {
            "Mean Square Displacement": 0.02996065845902849,
            "Self diffusion coefficient": 0.0006241803845630935,
            "Lindemann Criterion": 0.06483275891399343,
            "Specific Heat": 81.44048885078003,
            "Internal Temperature": 213.5251999841596,
            "Cohesive Energy": 0.08974412408838135,
            "Internal Pressure": -2.6255120513251456e-05,
            "Bulk_modulus": 171.6975919670306,
            "Lattice constant": 0
        }
    ]
}