{
    "Simulation input": [
        {
            "Chemical formula": "Au375Cu124",
            "Database": "Materials Project",
            "Potential": "EMT",
            "Integrator": "Velocity-Verlet",
            "Lattice structure": "CUB(a=20.2664)",
            "a": 20.26643,
            "b": 20.26643,
            "c": 20.26643,
            "Alpha": 90.0,
            "Beta": 90.0,
            "Gamma": 90.0,
            "Volume": 8323.994009212862,
            "Initial Temperature": 300,
            "Run time": 1000
        }
    ],
    "Simulation output": [
        {
            "Mean Square Displacement": 0.09550348966891112,
            "Self diffusion coefficient": 0.0019896560347689818,
            "Lindemann Criterion": 0.11876260429480648,
            "Specific Heat": 76.12579097914703,
            "Internal Temperature": 355.85540540616165,
            "Cohesive Energy": 0.08872014753082821,
            "Internal Pressure": -6.331493745480651e-07,
            "Bulk_modulus": 153.84315956523145,
            "Lattice constant": 0
        }
    ]
}