{
    "Simulation input": [
        {
            "Chemical formula": "NiPt499",
            "Database": "ASE",
            "Potential": "EMT_Asap_Standard_JacobsenStoltzeNorskov_1996_AlAgAuCuNiPdPt__MO_115316750986_001",
            "Integrator": "Velocity-Verlet",
            "Lattice structure": "CUB(a=19.6)",
            "a": 19.6,
            "b": 19.6,
            "c": 19.6,
            "Alpha": 90.0,
            "Beta": 90.0,
            "Gamma": 90.0,
            "Volume": 7529.536000000013,
            "Initial Temperature": 1200,
            "Run time": 3000
        }
    ],
    "Simulation output": [
        {
            "Mean Square Displacement": 0.07610905719771162,
            "Self diffusion coefficient": 0.0004530301023673311,
            "Lindemann Criterion": 0.10613075739259,
            "Specific Heat": 64.01230389282317,
            "Internal Temperature": 631.9879106187453,
            "Cohesive Energy": 5.761836801208996,
            "Internal Pressure": -5.389504131498234e-06,
            "Bulk_modulus": 267.0630191253083,
            "Lattice constant": 3.763694624804003
        }
    ]
}