{
    "Simulation input": [
        {
            "Chemical formula": "Al250Pd125",
            "Database": "Materials Project",
            "Potential": "EMT",
            "Integrator": "Velocity-Verlet",
            "Lattice structure": "FCC(a=29.7224)",
            "a": 21.01692475,
            "b": 21.01692475,
            "c": 21.01692475,
            "Alpha": 59.99999999999999,
            "Beta": 59.99999999999999,
            "Gamma": 59.99999999999999,
            "Volume": 6564.361806636507,
            "Initial Temperature": 300,
            "Run time": 1000
        }
    ],
    "Simulation output": [
        {
            "Mean Square Displacement": 4.003967180638253,
            "Self diffusion coefficient": 0.0834159829299636,
            "Lindemann Criterion": 0.7715688454814863,
            "Specific Heat": 233.25992638476896,
            "Internal Temperature": 1418.1185147986516,
            "Cohesive Energy": 0.3074291000645304,
            "Internal Pressure": -5.078736904926697e-06,
            "Bulk_modulus": 49.159028533898564,
            "Lattice constant": 0
        }
    ]
}