{
    "Simulation input": [
        {
            "Chemical formula": "Al500Pd500",
            "Database": "Materials Project",
            "Potential": "EMT",
            "Integrator": "Velocity-Verlet",
            "Lattice structure": "CUB(a=24.5437)",
            "a": 24.543685000000004,
            "b": 24.543685000000004,
            "c": 24.543685000000004,
            "Alpha": 90.0,
            "Beta": 90.0,
            "Gamma": 90.0,
            "Volume": 14784.931112990605,
            "Initial Temperature": 300,
            "Run time": 1000
        }
    ],
    "Simulation output": [
        {
            "Mean Square Displacement": 0.9932783486021362,
            "Self diffusion coefficient": 0.02069329892921117,
            "Lindemann Criterion": 0.38277917148215973,
            "Specific Heat": 186.95908722719562,
            "Internal Temperature": 365.32903572122154,
            "Cohesive Energy": 0.228883064838513,
            "Internal Pressure": -1.529180911325248e-06,
            "Bulk_modulus": 74.40073704841728,
            "Lattice constant": 0
        }
    ]
}