{
    "Simulation input": [
        {
            "Chemical formula": "Au499Cu",
            "Database": "ASE",
            "Potential": "EMT_Asap_Standard_JacobsenStoltzeNorskov_1996_AlAgAuCuNiPdPt__MO_115316750986_001",
            "Integrator": "Velocity-Verlet",
            "Lattice structure": "CUB(a=20.4)",
            "a": 20.4,
            "b": 20.4,
            "c": 20.4,
            "Alpha": 90.0,
            "Beta": 90.0,
            "Gamma": 90.0,
            "Volume": 8489.664,
            "Initial Temperature": 800,
            "Run time": 3000
        }
    ],
    "Simulation output": [
        {
            "Mean Square Displacement": 0.10054811674421069,
            "Self diffusion coefficient": 0.0005985006949060159,
            "Lindemann Criterion": 0.11992346847930095,
            "Specific Heat": 63.39772339853337,
            "Internal Temperature": 459.5037553760329,
            "Cohesive Energy": 3.7354584605144656,
            "Internal Pressure": -1.1504858271193522e-06,
            "Bulk_modulus": 166.87766771505343,
            "Lattice constant": 3.8073118842989633
        }
    ]
}