{
    "Simulation input": [
        {
            "Chemical formula": "Al499Cu2000Pt",
            "Database": "Materials Project",
            "Potential": "EMT",
            "Integrator": "Velocity-Verlet",
            "Lattice structure": "CUB(a=31.4606)",
            "a": 31.460555,
            "b": 31.460555,
            "c": 31.460555,
            "Alpha": 90.0,
            "Beta": 90.0,
            "Gamma": 90.0,
            "Volume": 31138.60406818556,
            "Initial Temperature": 300,
            "Run time": 1000
        }
    ],
    "Simulation output": [
        {
            "Mean Square Displacement": 0.2803012655381296,
            "Self diffusion coefficient": 0.005839609698711033,
            "Lindemann Criterion": 0.2168238629279908,
            "Specific Heat": 221.496229269208,
            "Internal Temperature": 275.5853984266912,
            "Cohesive Energy": 0.2135558191989682,
            "Internal Pressure": -1.3798197504803913e-06,
            "Bulk_modulus": 85.0391595872386,
            "Lattice constant": 6.292111
        }
    ]
}