{
    "Simulation input": [
        {
            "Chemical formula": "Ni499Pd",
            "Database": "ASE",
            "Potential": "EMT_Asap_Standard_JacobsenStoltzeNorskov_1996_AlAgAuCuNiPdPt__MO_115316750986_001",
            "Integrator": "Velocity-Verlet",
            "Lattice structure": "CUB(a=17.6)",
            "a": 17.6,
            "b": 17.6,
            "c": 17.6,
            "Alpha": 90.0,
            "Beta": 90.0,
            "Gamma": 90.0,
            "Volume": 5451.776,
            "Initial Temperature": 400,
            "Run time": 3000
        }
    ],
    "Simulation output": [
        {
            "Mean Square Displacement": 0.05881017250274372,
            "Self diffusion coefficient": 0.00035006055061156976,
            "Lindemann Criterion": 0.10094550276981085,
            "Specific Heat": 212.12039801377117,
            "Internal Temperature": 458.0299132613184,
            "Cohesive Energy": 4.376283356426385,
            "Internal Pressure": 6.7666667643980395e-06,
            "Bulk_modulus": 162.8904283524765,
            "Lattice constant": 3.4914114204442335
        }
    ]
}