{
    "Simulation input": [
        {
            "Chemical formula": "Ag499Cu",
            "Database": "ASE",
            "Potential": "EMT_Asap_Standard_JacobsenStoltzeNorskov_1996_AlAgAuCuNiPdPt__MO_115316750986_001",
            "Integrator": "Velocity-Verlet",
            "Lattice structure": "CUB(a=20.45)",
            "a": 20.45,
            "b": 20.45,
            "c": 20.45,
            "Alpha": 90.0,
            "Beta": 90.0,
            "Gamma": 90.0,
            "Volume": 8552.241125000002,
            "Initial Temperature": 900,
            "Run time": 3000
        }
    ],
    "Simulation output": [
        {
            "Mean Square Displacement": 0.10694892743378262,
            "Self diffusion coefficient": 0.0006366007585344204,
            "Lindemann Criterion": 0.12076273372238167,
            "Specific Heat": 115.70204451239582,
            "Internal Temperature": 513.2984806366661,
            "Cohesive Energy": 2.8885308479497485,
            "Internal Pressure": -4.730198015598006e-06,
            "Bulk_modulus": 90.62927949688128,
            "Lattice constant": 3.8347786021727415
        }
    ]
}