{
    "Simulation input": [
        {
            "Chemical formula": "Ag125Al375",
            "Database": "Materials Project",
            "Potential": "EMT",
            "Integrator": "Velocity-Verlet",
            "Lattice structure": "CUB(a=20.4076)",
            "a": 20.407565,
            "b": 20.407565,
            "c": 20.407565,
            "Alpha": 90.0,
            "Beta": 90.0,
            "Gamma": 90.0,
            "Volume": 8499.11225406152,
            "Initial Temperature": 20,
            "Run time": 1000
        }
    ],
    "Simulation output": [
        {
            "Mean Square Displacement": 0.002526039947862936,
            "Self diffusion coefficient": 5.26258322471445e-05,
            "Lindemann Criterion": 0.01771552139910882,
            "Specific Heat": 264.1836549627573,
            "Internal Temperature": 10.662813961341541,
            "Cohesive Energy": 0.027524246059922063,
            "Internal Pressure": 1.0130719079015675e-07,
            "Bulk_modulus": 47.38078652048401,
            "Lattice constant": 0
        }
    ]
}