{
    "Simulation input": [
        {
            "Chemical formula": "Al125Pt125",
            "Database": "Materials Project",
            "Potential": "EMT",
            "Integrator": "Velocity-Verlet",
            "Lattice structure": "CUB(a=15.4577)",
            "a": 15.457730000000002,
            "b": 15.457730000000002,
            "c": 15.457730000000002,
            "Alpha": 90.0,
            "Beta": 90.0,
            "Gamma": 90.0,
            "Volume": 3693.491905983805,
            "Initial Temperature": 20,
            "Run time": 1000
        }
    ],
    "Simulation output": [
        {
            "Mean Square Displacement": 0.1797858669449668,
            "Self diffusion coefficient": 0.0037455388946868082,
            "Lindemann Criterion": 0.16167762991170836,
            "Specific Heat": 112.31202226163472,
            "Internal Temperature": 63.90877863307877,
            "Cohesive Energy": 0.20846968655569403,
            "Internal Pressure": 1.900633995125582e-06,
            "Bulk_modulus": 99.98626238069099,
            "Lattice constant": 3.091546
        }
    ]
}