{
    "Simulation input": [
        {
            "Chemical formula": "CuNi499",
            "Database": "ASE",
            "Potential": "EMT_Asap_Standard_JacobsenStoltzeNorskov_1996_AlAgAuCuNiPdPt__MO_115316750986_001",
            "Integrator": "Velocity-Verlet",
            "Lattice structure": "CUB(a=17.6)",
            "a": 17.6,
            "b": 17.6,
            "c": 17.6,
            "Alpha": 90.0,
            "Beta": 90.0,
            "Gamma": 90.0,
            "Volume": 5451.776,
            "Initial Temperature": 800,
            "Run time": 3000
        }
    ],
    "Simulation output": [
        {
            "Mean Square Displacement": 0.04311542548936721,
            "Self diffusion coefficient": 0.0002566394374367096,
            "Lindemann Criterion": 0.08777025018354628,
            "Specific Heat": 212.4302436314577,
            "Internal Temperature": 522.1131043158664,
            "Cohesive Energy": 4.366998127395528,
            "Internal Pressure": 3.907351945968109e-06,
            "Bulk_modulus": 162.289359785011,
            "Lattice constant": 3.4914114204442335
        }
    ]
}