{
    "Simulation input": [
        {
            "Chemical formula": "Au375Pd125",
            "Database": "Materials Project",
            "Potential": "EMT",
            "Integrator": "Velocity-Verlet",
            "Lattice structure": "CUB(a=20.3185)",
            "a": 20.318482728190265,
            "b": 20.318482728190265,
            "c": 20.318482728190265,
            "Alpha": 90.0,
            "Beta": 90.0,
            "Gamma": 90.0,
            "Volume": 8388.29745281829,
            "Initial Temperature": 300,
            "Run time": 1000
        }
    ],
    "Simulation output": [
        {
            "Mean Square Displacement": 0.03510090538085555,
            "Self diffusion coefficient": 0.0007312688621011573,
            "Lindemann Criterion": 0.06879114091443449,
            "Specific Heat": 71.5328409651728,
            "Internal Temperature": 158.0834710795781,
            "Cohesive Energy": 0.03672192444027604,
            "Internal Pressure": -1.091647875065886e-06,
            "Bulk_modulus": 172.57154034702805,
            "Lattice constant": 4.063696545638053
        }
    ]
}