{
    "Simulation input": [
        {
            "Chemical formula": "AgAu125Cu374",
            "Database": "Materials Project",
            "Potential": "EMT",
            "Integrator": "Velocity-Verlet",
            "Lattice structure": "CUB(a=18.8696)",
            "a": 18.869575,
            "b": 18.869575,
            "c": 18.869575,
            "Alpha": 90.0,
            "Beta": 90.0,
            "Gamma": 90.0,
            "Volume": 6718.717115177602,
            "Initial Temperature": 300,
            "Run time": 1000
        }
    ],
    "Simulation output": [
        {
            "Mean Square Displacement": 0.04289313611679567,
            "Self diffusion coefficient": 0.0008936070024332431,
            "Lindemann Criterion": 0.08389621071178309,
            "Specific Heat": 128.573485479773,
            "Internal Temperature": 280.7957542638107,
            "Cohesive Energy": 0.04095279266873671,
            "Internal Pressure": -1.699958183423081e-05,
            "Bulk_modulus": 131.21986770594012,
            "Lattice constant": 0
        }
    ]
}