{
    "Simulation input": [
        {
            "Chemical formula": "Au125Pd375",
            "Database": "Materials Project",
            "Potential": "EMT",
            "Integrator": "Velocity-Verlet",
            "Lattice structure": "CUB(a=20.027)",
            "a": 20.026955,
            "b": 20.026955,
            "c": 20.026955,
            "Alpha": 90.0,
            "Beta": 90.0,
            "Gamma": 90.0,
            "Volume": 8032.389613906253,
            "Initial Temperature": 300,
            "Run time": 1000
        }
    ],
    "Simulation output": [
        {
            "Mean Square Displacement": 0.033331683771307484,
            "Self diffusion coefficient": 0.000694410078568906,
            "Lindemann Criterion": 0.06689573529721551,
            "Specific Heat": 96.6266804102513,
            "Internal Temperature": 146.00890232325733,
            "Cohesive Energy": 0.056319836575634455,
            "Internal Pressure": 7.768423064638473e-07,
            "Bulk_modulus": 173.20629019708386,
            "Lattice constant": 0
        }
    ]
}