{
    "Simulation input": [
        {
            "Chemical formula": "PdPt499",
            "Database": "ASE",
            "Potential": "EMT_Asap_Standard_JacobsenStoltzeNorskov_1996_AlAgAuCuNiPdPt__MO_115316750986_001",
            "Integrator": "Velocity-Verlet",
            "Lattice structure": "CUB(a=19.6)",
            "a": 19.6,
            "b": 19.6,
            "c": 19.6,
            "Alpha": 90.0,
            "Beta": 90.0,
            "Gamma": 90.0,
            "Volume": 7529.536000000013,
            "Initial Temperature": 1000,
            "Run time": 3000
        }
    ],
    "Simulation output": [
        {
            "Mean Square Displacement": 0.0843692333576637,
            "Self diffusion coefficient": 0.0005021978176051412,
            "Lindemann Criterion": 0.11001067660260715,
            "Specific Heat": 63.98095463637678,
            "Internal Temperature": 714.5505564801454,
            "Cohesive Energy": 5.746754905960842,
            "Internal Pressure": -1.1803367076714191e-05,
            "Bulk_modulus": 265.56278145314576,
            "Lattice constant": 3.763694624804003
        }
    ]
}