{
    "Simulation input": [
        {
            "Chemical formula": "Al124Ni375",
            "Database": "Materials Project",
            "Potential": "EMT",
            "Integrator": "Velocity-Verlet",
            "Lattice structure": "FCC(a=28.2878)",
            "a": 20.0025235,
            "b": 20.0025235,
            "c": 20.002523499999995,
            "Alpha": 59.999999999999986,
            "Beta": 59.999999999999986,
            "Gamma": 59.99999999999999,
            "Volume": 5658.99578043211,
            "Initial Temperature": 300,
            "Run time": 1000
        }
    ],
    "Simulation output": [
        {
            "Mean Square Displacement": 0.12105352313755358,
            "Self diffusion coefficient": 0.002521948398699033,
            "Lindemann Criterion": 0.14191507669399583,
            "Specific Heat": 245.41536491912834,
            "Internal Temperature": 826.4992555321464,
            "Cohesive Energy": 0.4082533626826234,
            "Internal Pressure": 8.137890365777526e-06,
            "Bulk_modulus": 100.99209831593815,
            "Lattice constant": 0
        }
    ]
}