{
    "Simulation input": [
        {
            "Chemical formula": "Al249Cu125Ni",
            "Database": "Materials Project",
            "Potential": "EMT",
            "Integrator": "Velocity-Verlet",
            "Lattice structure": "FCC(a=28.8455)",
            "a": 20.396884,
            "b": 20.396884000000004,
            "c": 20.396884,
            "Alpha": 59.99999999999999,
            "Beta": 59.999999999999986,
            "Gamma": 59.99999999999999,
            "Volume": 6000.3485727212665,
            "Initial Temperature": 300,
            "Run time": 1000
        }
    ],
    "Simulation output": [
        {
            "Mean Square Displacement": 3.845984393520736,
            "Self diffusion coefficient": 0.08012467486501533,
            "Lindemann Criterion": 0.8095805747629722,
            "Specific Heat": 317.6805719493369,
            "Internal Temperature": 990.0284313075144,
            "Cohesive Energy": 0.3356685897180043,
            "Internal Pressure": -4.4841260733820415e-06,
            "Bulk_modulus": 43.02274237621643,
            "Lattice constant": 0
        }
    ]
}