{
    "Simulation input": [
        {
            "Chemical formula": "Ni499Pd",
            "Database": "ASE",
            "Potential": "EMT_Asap_Standard_JacobsenStoltzeNorskov_1996_AlAgAuCuNiPdPt__MO_115316750986_001",
            "Integrator": "Velocity-Verlet",
            "Lattice structure": "CUB(a=17.6)",
            "a": 17.6,
            "b": 17.6,
            "c": 17.6,
            "Alpha": 90.0,
            "Beta": 90.0,
            "Gamma": 90.0,
            "Volume": 5451.776,
            "Initial Temperature": 800,
            "Run time": 3000
        }
    ],
    "Simulation output": [
        {
            "Mean Square Displacement": 0.09133601169468303,
            "Self diffusion coefficient": 0.0005436667362778752,
            "Lindemann Criterion": 0.12734456935336533,
            "Specific Heat": 212.12039801375755,
            "Internal Temperature": 656.7674808924335,
            "Cohesive Energy": 4.3504393877913925,
            "Internal Pressure": 7.306599654294507e-06,
            "Bulk_modulus": 160.57720751260493,
            "Lattice constant": 3.4914114204442335
        }
    ]
}