{
    "Simulation input": [
        {
            "Chemical formula": "Ag374CuPt125",
            "Database": "Materials Project",
            "Potential": "EMT",
            "Integrator": "Velocity-Verlet",
            "Lattice structure": "CUB(a=20.52)",
            "a": 20.52002,
            "b": 20.52002,
            "c": 20.52002,
            "Alpha": 90.0,
            "Beta": 90.0,
            "Gamma": 90.0,
            "Volume": 8640.389872248625,
            "Initial Temperature": 300,
            "Run time": 1000
        }
    ],
    "Simulation output": [
        {
            "Mean Square Displacement": 0.07063759318348595,
            "Self diffusion coefficient": 0.0014716165246559572,
            "Lindemann Criterion": 0.09516422374102777,
            "Specific Heat": 96.23381361471222,
            "Internal Temperature": 201.19185774708774,
            "Cohesive Energy": 0.09906313752609153,
            "Internal Pressure": -4.949420998550408e-06,
            "Bulk_modulus": 126.5415992469177,
            "Lattice constant": 0
        }
    ]
}