{
    "Simulation input": [
        {
            "Chemical formula": "Al249AuCu125",
            "Database": "Materials Project",
            "Potential": "EMT",
            "Integrator": "Velocity-Verlet",
            "Lattice structure": "FCC(a=28.8455)",
            "a": 20.396884,
            "b": 20.396884000000004,
            "c": 20.396884,
            "Alpha": 59.99999999999999,
            "Beta": 59.999999999999986,
            "Gamma": 59.99999999999999,
            "Volume": 6000.3485727212665,
            "Initial Temperature": 300,
            "Run time": 1000
        }
    ],
    "Simulation output": [
        {
            "Mean Square Displacement": 3.722080421660595,
            "Self diffusion coefficient": 0.07754334211792906,
            "Lindemann Criterion": 0.8822627954730363,
            "Specific Heat": 314.7242610446698,
            "Internal Temperature": 1028.3709110140967,
            "Cohesive Energy": 0.33114968234395803,
            "Internal Pressure": 1.139455274813343e-06,
            "Bulk_modulus": 43.315777928927645,
            "Lattice constant": 0
        }
    ]
}