{
    "Simulation input": [
        {
            "Chemical formula": "Al10499AuPt2500",
            "Database": "Materials Project",
            "Potential": "EMT",
            "Integrator": "Velocity-Verlet",
            "Lattice structure": "FCC(a=94.5362)",
            "a": 66.84715275,
            "b": 66.84715275,
            "c": 66.84715274999999,
            "Alpha": 59.999999999999986,
            "Beta": 59.999999999999986,
            "Gamma": 59.99999999999999,
            "Volume": 211219.37045405942,
            "Initial Temperature": 300,
            "Run time": 1000
        }
    ],
    "Simulation output": [
        {
            "Mean Square Displacement": 0.19458498766866023,
            "Self diffusion coefficient": 0.004053853909763754,
            "Lindemann Criterion": 0.17632179725712935,
            "Specific Heat": 210.21396258707077,
            "Internal Temperature": 378.64890333057264,
            "Cohesive Energy": 0.09514671733234321,
            "Internal Pressure": -3.826140589769926e-07,
            "Bulk_modulus": 55.39775390551858,
            "Lattice constant": 13.36943055
        }
    ]
}