{
    "Simulation input": [
        {
            "Chemical formula": "Ag124NiPt375",
            "Database": "Materials Project",
            "Potential": "EMT",
            "Integrator": "Velocity-Verlet",
            "Lattice structure": "CUB(a=20.0342)",
            "a": 20.03422,
            "b": 20.03422,
            "c": 20.03422,
            "Alpha": 90.0,
            "Beta": 90.0,
            "Gamma": 90.0,
            "Volume": 8041.134300575908,
            "Initial Temperature": 300,
            "Run time": 1000
        }
    ],
    "Simulation output": [
        {
            "Mean Square Displacement": 0.036190983126353486,
            "Self diffusion coefficient": 0.0007539788151323643,
            "Lindemann Criterion": 0.07459200465565653,
            "Specific Heat": 72.00711678471241,
            "Internal Temperature": 205.0524092917432,
            "Cohesive Energy": 0.09055997569623891,
            "Internal Pressure": -1.719092200587402e-05,
            "Bulk_modulus": 215.93259446965118,
            "Lattice constant": 0
        }
    ]
}