{
    "Simulation input": [
        {
            "Chemical formula": "Ni500",
            "Database": "ASE",
            "Potential": "EMT_Asap_Standard_JacobsenStoltzeNorskov_1996_AlAgAuCuNiPdPt__MO_115316750986_001",
            "Integrator": "Velocity-Verlet",
            "Lattice structure": "CUB(a=17.6)",
            "a": 17.6,
            "b": 17.6,
            "c": 17.6,
            "Alpha": 90.0,
            "Beta": 90.0,
            "Gamma": 90.0,
            "Volume": 5451.776,
            "Initial Temperature": 900,
            "Run time": 3000
        }
    ],
    "Simulation output": [
        {
            "Mean Square Displacement": 0.035131383983289216,
            "Self diffusion coefficient": 0.000209115380852912,
            "Lindemann Criterion": 0.08014262790245114,
            "Specific Heat": 212.4653698637009,
            "Internal Temperature": 455.0914969298075,
            "Cohesive Energy": 4.389981320125943,
            "Internal Pressure": 1.448859636897115e-07,
            "Bulk_modulus": 164.23589452946473,
            "Lattice constant": 3.491411420444396
        }
    ]
}