{
    "Simulation input": [
        {
            "Chemical formula": "Al125NiPt124",
            "Database": "Materials Project",
            "Potential": "EMT",
            "Integrator": "Velocity-Verlet",
            "Lattice structure": "CUB(a=15.4577)",
            "a": 15.457730000000002,
            "b": 15.457730000000002,
            "c": 15.457730000000002,
            "Alpha": 90.0,
            "Beta": 90.0,
            "Gamma": 90.0,
            "Volume": 3693.491905983805,
            "Initial Temperature": 300,
            "Run time": 1000
        }
    ],
    "Simulation output": [
        {
            "Mean Square Displacement": 1.283016414044015,
            "Self diffusion coefficient": 0.02672950862591698,
            "Lindemann Criterion": 0.457072998567522,
            "Specific Heat": 112.86659511819279,
            "Internal Temperature": 422.2118711921376,
            "Cohesive Energy": 0.19650531671494162,
            "Internal Pressure": 7.281090446465358e-06,
            "Bulk_modulus": 112.83105990061534,
            "Lattice constant": 0
        }
    ]
}