{
    "Simulation input": [
        {
            "Chemical formula": "Al249Pt125",
            "Database": "Materials Project",
            "Potential": "EMT",
            "Integrator": "Velocity-Verlet",
            "Lattice structure": "FCC(a=29.7438)",
            "a": 21.032021450000002,
            "b": 21.032021450000002,
            "c": 21.03202145,
            "Alpha": 59.999999999999986,
            "Beta": 59.999999999999986,
            "Gamma": 59.99999999999999,
            "Volume": 6578.517741046045,
            "Initial Temperature": 300,
            "Run time": 1000
        }
    ],
    "Simulation output": [
        {
            "Mean Square Displacement": 6.901666409920145,
            "Self diffusion coefficient": 0.14378471687333635,
            "Lindemann Criterion": 1.100505036898239,
            "Specific Heat": 149.9457403885094,
            "Internal Temperature": 2363.8324879036713,
            "Cohesive Energy": 0.3954560443828856,
            "Internal Pressure": 2.4180375835383217e-06,
            "Bulk_modulus": 62.389600424104565,
            "Lattice constant": 0
        }
    ]
}