{
    "Simulation input": [
        {
            "Chemical formula": "Al499Cu",
            "Database": "ASE",
            "Potential": "EMT_Asap_Standard_JacobsenStoltzeNorskov_1996_AlAgAuCuNiPdPt__MO_115316750986_001",
            "Integrator": "Velocity-Verlet",
            "Lattice structure": "CUB(a=20.25)",
            "a": 20.25,
            "b": 20.25,
            "c": 20.25,
            "Alpha": 90.0,
            "Beta": 90.0,
            "Gamma": 90.0,
            "Volume": 8303.765624999998,
            "Initial Temperature": 700,
            "Run time": 3000
        }
    ],
    "Simulation output": [
        {
            "Mean Square Displacement": 0.16413839679537806,
            "Self diffusion coefficient": 0.0009770142666391552,
            "Lindemann Criterion": 0.1509488032449844,
            "Specific Heat": 460.93026185034455,
            "Internal Temperature": 395.038372299068,
            "Cohesive Energy": 3.2255901871527914,
            "Internal Pressure": 4.86575092114176e-07,
            "Bulk_modulus": 34.50603422924539,
            "Lattice constant": 3.9156921639693607
        }
    ]
}