{
    "Simulation input": [
        {
            "Chemical formula": "Au125Cu374Ni",
            "Database": "Materials Project",
            "Potential": "EMT",
            "Integrator": "Velocity-Verlet",
            "Lattice structure": "CUB(a=18.8696)",
            "a": 18.869575,
            "b": 18.869575,
            "c": 18.869575,
            "Alpha": 90.0,
            "Beta": 90.0,
            "Gamma": 90.0,
            "Volume": 6718.717115177602,
            "Initial Temperature": 300,
            "Run time": 1000
        }
    ],
    "Simulation output": [
        {
            "Mean Square Displacement": 0.050191655902429626,
            "Self diffusion coefficient": 0.001045659497967284,
            "Lindemann Criterion": 0.0872676888856409,
            "Specific Heat": 128.703993925924,
            "Internal Temperature": 223.78487820253872,
            "Cohesive Energy": 0.03365745710161441,
            "Internal Pressure": -7.875029133307515e-06,
            "Bulk_modulus": 132.28645439804114,
            "Lattice constant": 0
        }
    ]
}