{
    "Simulation input": [
        {
            "Chemical formula": "Al499Cu",
            "Database": "ASE",
            "Potential": "EMT_Asap_Standard_JacobsenStoltzeNorskov_1996_AlAgAuCuNiPdPt__MO_115316750986_001",
            "Integrator": "Velocity-Verlet",
            "Lattice structure": "CUB(a=20.25)",
            "a": 20.25,
            "b": 20.25,
            "c": 20.25,
            "Alpha": 90.0,
            "Beta": 90.0,
            "Gamma": 90.0,
            "Volume": 8303.765624999998,
            "Initial Temperature": 900,
            "Run time": 3000
        }
    ],
    "Simulation output": [
        {
            "Mean Square Displacement": 0.20027527411192958,
            "Self diffusion coefficient": 0.0011921147268567237,
            "Lindemann Criterion": 0.17742041249357643,
            "Specific Heat": 460.9302618503343,
            "Internal Temperature": 469.4708065073378,
            "Cohesive Energy": 3.215771576421384,
            "Internal Pressure": 8.049339042463683e-07,
            "Bulk_modulus": 34.10716360988113,
            "Lattice constant": 3.9156921639693607
        }
    ]
}