{
    "Simulation input": [
        {
            "Chemical formula": "Al3999Ni3000",
            "Database": "Materials Project",
            "Potential": "EMT",
            "Integrator": "Velocity-Verlet",
            "Lattice structure": "BCC(a=57.0004)",
            "a": 49.363768449999995,
            "b": 49.363768449999995,
            "c": 49.363768449999995,
            "Alpha": 109.47122063,
            "Beta": 109.47122063,
            "Gamma": 109.47122063,
            "Volume": 92598.30324960564,
            "Initial Temperature": 300,
            "Run time": 1000
        }
    ],
    "Simulation output": [
        {
            "Mean Square Displacement": 2.0825589833385885,
            "Self diffusion coefficient": 0.04338664548622059,
            "Lindemann Criterion": 0.6414336714051939,
            "Specific Heat": 307.3453311546566,
            "Internal Temperature": 1502.8814366400047,
            "Cohesive Energy": 0.4953147236654388,
            "Internal Pressure": 1.380635020187622e-06,
            "Bulk_modulus": 58.871711012868154,
            "Lattice constant": 0
        }
    ]
}