{
    "Simulation input": [
        {
            "Chemical formula": "AlNi499",
            "Database": "ASE",
            "Potential": "EMT_Asap_Standard_JacobsenStoltzeNorskov_1996_AlAgAuCuNiPdPt__MO_115316750986_001",
            "Integrator": "Velocity-Verlet",
            "Lattice structure": "CUB(a=17.6)",
            "a": 17.6,
            "b": 17.6,
            "c": 17.6,
            "Alpha": 90.0,
            "Beta": 90.0,
            "Gamma": 90.0,
            "Volume": 5451.776,
            "Initial Temperature": 1000,
            "Run time": 3000
        }
    ],
    "Simulation output": [
        {
            "Mean Square Displacement": 0.08822937275808625,
            "Self diffusion coefficient": 0.0005251748378457514,
            "Lindemann Criterion": 0.12704584694383175,
            "Specific Heat": 212.69520698146897,
            "Internal Temperature": 639.8607828409339,
            "Cohesive Energy": 4.349687736028468,
            "Internal Pressure": 4.464043817681309e-06,
            "Bulk_modulus": 160.3111982381887,
            "Lattice constant": 3.4914114204442335
        }
    ]
}