{
    "Simulation input": [
        {
            "Chemical formula": "AlPt499",
            "Database": "ASE",
            "Potential": "EMT_Asap_Standard_JacobsenStoltzeNorskov_1996_AlAgAuCuNiPdPt__MO_115316750986_001",
            "Integrator": "Velocity-Verlet",
            "Lattice structure": "CUB(a=19.6)",
            "a": 19.6,
            "b": 19.6,
            "c": 19.6,
            "Alpha": 90.0,
            "Beta": 90.0,
            "Gamma": 90.0,
            "Volume": 7529.536000000013,
            "Initial Temperature": 900,
            "Run time": 3000
        }
    ],
    "Simulation output": [
        {
            "Mean Square Displacement": 0.05579600407582589,
            "Self diffusion coefficient": 0.000332119071879916,
            "Lindemann Criterion": 0.09064166556744334,
            "Specific Heat": 64.0331508483974,
            "Internal Temperature": 533.6893031275871,
            "Cohesive Energy": 5.766943413889048,
            "Internal Pressure": -7.4809087185653575e-06,
            "Bulk_modulus": 267.9887517206131,
            "Lattice constant": 3.763694624804003
        }
    ]
}