{
    "Simulation input": [
        {
            "Chemical formula": "AlCu374Pd125",
            "Database": "Materials Project",
            "Potential": "EMT",
            "Integrator": "Velocity-Verlet",
            "Lattice structure": "CUB(a=18.5736)",
            "a": 18.573555,
            "b": 18.573555,
            "c": 18.573555,
            "Alpha": 90.0,
            "Beta": 90.0,
            "Gamma": 90.0,
            "Volume": 6407.448267967797,
            "Initial Temperature": 300,
            "Run time": 1000
        }
    ],
    "Simulation output": [
        {
            "Mean Square Displacement": 0.030936111386953808,
            "Self diffusion coefficient": 0.0006445023205615376,
            "Lindemann Criterion": 0.06968587463021993,
            "Specific Heat": 168.08309031776878,
            "Internal Temperature": 224.71053164688726,
            "Cohesive Energy": 0.009242904249535243,
            "Internal Pressure": 1.133473192622768e-06,
            "Bulk_modulus": 134.90339661971973,
            "Lattice constant": 0
        }
    ]
}