{
    "Simulation input": [
        {
            "Chemical formula": "Al2000Cu4500",
            "Database": "Materials Project",
            "Potential": "EMT",
            "Integrator": "Langevin",
            "Lattice structure": "CUB(a=43.5073)",
            "a": 43.50731,
            "b": 43.50731,
            "c": 43.50731,
            "Alpha": 90.0,
            "Beta": 90.0,
            "Gamma": 90.0,
            "Volume": 82354.37901630164,
            "Initial Temperature": 300,
            "Run time": 1000
        }
    ],
    "Simulation output": [
        {
            "Mean Square Displacement": 0.08863686228112248,
            "Self diffusion coefficient": 0.001846601297523385,
            "Lindemann Criterion": 0.12383777779267964,
            "Specific Heat": 2466761776294.4937,
            "Internal Temperature": 56.70326492142015,
            "Cohesive Energy": 0.15585464502760465,
            "Internal Pressure": 7.866364150847794e-07,
            "Bulk_modulus": 78.80285158617694,
            "Lattice constant": 0
        }
    ]
}