{
    "Simulation input": [
        {
            "Chemical formula": "Ag124Al",
            "Database": "Materials Project",
            "Potential": "EMT",
            "Integrator": "Velocity-Verlet",
            "Lattice structure": "FCC(a=16.6422)",
            "a": 11.767806800000002,
            "b": 11.7678068,
            "c": 11.7678068,
            "Alpha": 59.999999999999986,
            "Beta": 59.99999999999999,
            "Gamma": 59.99999999999999,
            "Volume": 1152.3159974732619,
            "Initial Temperature": 300,
            "Run time": 1000
        }
    ],
    "Simulation output": [
        {
            "Mean Square Displacement": 0.026186767261305584,
            "Self diffusion coefficient": 0.0005455576512771997,
            "Lindemann Criterion": 0.056707020763882225,
            "Specific Heat": 116.30466312296679,
            "Internal Temperature": 154.50650401380207,
            "Cohesive Energy": 0.04147298126130635,
            "Internal Pressure": 8.374011034307033e-07,
            "Bulk_modulus": null,
            "Lattice constant": 0
        }
    ]
}