{
    "Simulation input": [
        {
            "Chemical formula": "Pd499Pt",
            "Database": "ASE",
            "Potential": "EMT_Asap_Standard_JacobsenStoltzeNorskov_1996_AlAgAuCuNiPdPt__MO_115316750986_001",
            "Integrator": "Velocity-Verlet",
            "Lattice structure": "CUB(a=19.45)",
            "a": 19.45,
            "b": 19.45,
            "c": 19.45,
            "Alpha": 90.0,
            "Beta": 90.0,
            "Gamma": 90.0,
            "Volume": 7357.983625000011,
            "Initial Temperature": 1200,
            "Run time": 3000
        }
    ],
    "Simulation output": [
        {
            "Mean Square Displacement": 0.15661435777156563,
            "Self diffusion coefficient": 0.000932228320068843,
            "Lindemann Criterion": 0.15705438291066146,
            "Specific Heat": 116.98524881934304,
            "Internal Temperature": 887.4170812759189,
            "Cohesive Energy": 3.7846312818781462,
            "Internal Pressure": 7.063717644265681e-07,
            "Bulk_modulus": 164.65774646112453,
            "Lattice constant": 3.7486362256057384
        }
    ]
}