{
    "Simulation input": [
        {
            "Chemical formula": "Pd499Pt",
            "Database": "ASE",
            "Potential": "EMT_Asap_Standard_JacobsenStoltzeNorskov_1996_AlAgAuCuNiPdPt__MO_115316750986_001",
            "Integrator": "Velocity-Verlet",
            "Lattice structure": "CUB(a=19.45)",
            "a": 19.45,
            "b": 19.45,
            "c": 19.45,
            "Alpha": 90.0,
            "Beta": 90.0,
            "Gamma": 90.0,
            "Volume": 7357.983625000011,
            "Initial Temperature": 700,
            "Run time": 3000
        }
    ],
    "Simulation output": [
        {
            "Mean Square Displacement": 0.1187752812931362,
            "Self diffusion coefficient": 0.0007069957219829536,
            "Lindemann Criterion": 0.13736126426967624,
            "Specific Heat": 116.98524881935231,
            "Internal Temperature": 601.6266658634273,
            "Cohesive Energy": 3.819281176800667,
            "Internal Pressure": 7.650944470787049e-07,
            "Bulk_modulus": 168.5702222221653,
            "Lattice constant": 3.7486362256057384
        }
    ]
}