{
    "Simulation input": [
        {
            "Chemical formula": "Ag375Au125",
            "Database": "Materials Project",
            "Potential": "EMT",
            "Integrator": "Langevin",
            "Lattice structure": "CUB(a=20.8081)",
            "a": 20.808144999999996,
            "b": 20.808144999999996,
            "c": 20.808144999999996,
            "Alpha": 90.0,
            "Beta": 90.0,
            "Gamma": 90.0,
            "Volume": 9009.487698620313,
            "Initial Temperature": 300,
            "Run time": 1000
        }
    ],
    "Simulation output": [
        {
            "Mean Square Displacement": 0.013177923075683131,
            "Self diffusion coefficient": 0.000439264102522771,
            "Lindemann Criterion": 0.04003021758908598,
            "Specific Heat": 3831278023.7286377,
            "Internal Temperature": 41.4581825116988,
            "Cohesive Energy": 0.037657078128220764,
            "Internal Pressure": -1.7477931063094074e-06,
            "Bulk_modulus": 113.01398639328342,
            "Lattice constant": 0
        }
    ]
}