{
    "Simulation input": [
        {
            "Chemical formula": "Au499Pd",
            "Database": "ASE",
            "Potential": "EMT_Asap_Standard_JacobsenStoltzeNorskov_1996_AlAgAuCuNiPdPt__MO_115316750986_001",
            "Integrator": "Velocity-Verlet",
            "Lattice structure": "CUB(a=20.4)",
            "a": 20.4,
            "b": 20.4,
            "c": 20.4,
            "Alpha": 90.0,
            "Beta": 90.0,
            "Gamma": 90.0,
            "Volume": 8489.664,
            "Initial Temperature": 1100,
            "Run time": 3000
        }
    ],
    "Simulation output": [
        {
            "Mean Square Displacement": 0.13871498628347378,
            "Self diffusion coefficient": 0.0008256844421635344,
            "Lindemann Criterion": 0.1476431679722981,
            "Specific Heat": 63.370098250048365,
            "Internal Temperature": 671.04224671521,
            "Cohesive Energy": 3.7103806599078455,
            "Internal Pressure": -1.585213717003071e-07,
            "Bulk_modulus": 163.76772495240374,
            "Lattice constant": 3.8073118842989633
        }
    ]
}