{
    "Simulation input": [
        {
            "Chemical formula": "Al500",
            "Database": "ASE",
            "Potential": "EMT_Asap_Standard_JacobsenStoltzeNorskov_1996_AlAgAuCuNiPdPt__MO_115316750986_001",
            "Integrator": "Velocity-Verlet",
            "Lattice structure": "CUB(a=20.25)",
            "a": 20.25,
            "b": 20.25,
            "c": 20.25,
            "Alpha": 90.0,
            "Beta": 90.0,
            "Gamma": 90.0,
            "Volume": 8303.765624999998,
            "Initial Temperature": 300,
            "Run time": 3000
        }
    ],
    "Simulation output": [
        {
            "Mean Square Displacement": 0.05059396253008246,
            "Self diffusion coefficient": 0.0003011545388695385,
            "Lindemann Criterion": 0.08631370208410474,
            "Specific Heat": 462.1795358170137,
            "Internal Temperature": 155.6393652174963,
            "Cohesive Energy": 3.2613451160490636,
            "Internal Pressure": 1.82787855920665e-07,
            "Bulk_modulus": 35.421687084742146,
            "Lattice constant": 3.915692163969525
        }
    ]
}