{
    "Simulation input": [
        {
            "Chemical formula": "Al124Pd375Pt",
            "Database": "Materials Project",
            "Potential": "EMT",
            "Integrator": "Velocity-Verlet",
            "Lattice structure": "CUB(a=19.5469)",
            "a": 19.54693,
            "b": 19.54693,
            "c": 19.54693,
            "Alpha": 90.0,
            "Beta": 90.0,
            "Gamma": 90.0,
            "Volume": 7468.539342716455,
            "Initial Temperature": 300,
            "Run time": 1000
        }
    ],
    "Simulation output": [
        {
            "Mean Square Displacement": 0.08297741456640916,
            "Self diffusion coefficient": 0.0017286961368001908,
            "Lindemann Criterion": 0.11018291262645265,
            "Specific Heat": 143.5075299325929,
            "Internal Temperature": 384.181130593118,
            "Cohesive Energy": 0.10170024237171182,
            "Internal Pressure": 3.723460031104766e-06,
            "Bulk_modulus": 112.3914157988017,
            "Lattice constant": 0
        }
    ]
}