{
    "Simulation input": [
        {
            "Chemical formula": "AgAl499Au2000",
            "Database": "Materials Project",
            "Potential": "EMT",
            "Integrator": "Velocity-Verlet",
            "Lattice structure": "CUB(a=35.2732)",
            "a": 35.27325,
            "b": 35.27325,
            "c": 35.27325,
            "Alpha": 90.0,
            "Beta": 90.0,
            "Gamma": 90.0,
            "Volume": 43887.05403642744,
            "Initial Temperature": 300,
            "Run time": 1000
        }
    ],
    "Simulation output": [
        {
            "Mean Square Displacement": 0.13411247041789506,
            "Self diffusion coefficient": 0.0027940098003728137,
            "Lindemann Criterion": 0.1386190478114185,
            "Specific Heat": 76.50409962377098,
            "Internal Temperature": 283.6864933463878,
            "Cohesive Energy": 0.09184530498843772,
            "Internal Pressure": -1.0251492856374594e-05,
            "Bulk_modulus": 120.8785080160547,
            "Lattice constant": 7.05465
        }
    ]
}