{
    "Simulation input": [
        {
            "Chemical formula": "Al124Pt125",
            "Database": "Materials Project",
            "Potential": "EMT",
            "Integrator": "Velocity-Verlet",
            "Lattice structure": "CUB(a=15.4577)",
            "a": 15.457730000000002,
            "b": 15.457730000000002,
            "c": 15.457730000000002,
            "Alpha": 90.0,
            "Beta": 90.0,
            "Gamma": 90.0,
            "Volume": 3693.491905983805,
            "Initial Temperature": 300,
            "Run time": 1000
        }
    ],
    "Simulation output": [
        {
            "Mean Square Displacement": 0.6130531502828184,
            "Self diffusion coefficient": 0.01277194063089205,
            "Lindemann Criterion": 0.32717737022888577,
            "Specific Heat": 111.97161311812705,
            "Internal Temperature": 784.3735563970887,
            "Cohesive Energy": 0.2799112425530442,
            "Internal Pressure": 3.4524172092709534e-06,
            "Bulk_modulus": 101.57341533907214,
            "Lattice constant": 3.091546
        }
    ]
}