{
    "Simulation input": [
        {
            "Chemical formula": "Pd499Pt",
            "Database": "ASE",
            "Potential": "EMT_Asap_Standard_JacobsenStoltzeNorskov_1996_AlAgAuCuNiPdPt__MO_115316750986_001",
            "Integrator": "Velocity-Verlet",
            "Lattice structure": "CUB(a=19.45)",
            "a": 19.45,
            "b": 19.45,
            "c": 19.45,
            "Alpha": 90.0,
            "Beta": 90.0,
            "Gamma": 90.0,
            "Volume": 7357.983625000011,
            "Initial Temperature": 1100,
            "Run time": 3000
        }
    ],
    "Simulation output": [
        {
            "Mean Square Displacement": 0.12397999142029321,
            "Self diffusion coefficient": 0.0007379761394065073,
            "Lindemann Criterion": 0.13952416912492624,
            "Specific Heat": 116.98524881934395,
            "Internal Temperature": 796.8512670100886,
            "Cohesive Energy": 3.795444697330646,
            "Internal Pressure": 6.845773563007621e-07,
            "Bulk_modulus": 165.4443682762677,
            "Lattice constant": 3.7486362256057384
        }
    ]
}