{
    "Simulation input": [
        {
            "Chemical formula": "AgAl124Ni375",
            "Database": "Materials Project",
            "Potential": "EMT",
            "Integrator": "Velocity-Verlet",
            "Lattice structure": "CUB(a=17.8054)",
            "a": 17.80542,
            "b": 17.80542,
            "c": 17.80542,
            "Alpha": 90.0,
            "Beta": 90.0,
            "Gamma": 90.0,
            "Volume": 5644.905387258983,
            "Initial Temperature": 300,
            "Run time": 1000
        }
    ],
    "Simulation output": [
        {
            "Mean Square Displacement": 0.09544504141756756,
            "Self diffusion coefficient": 0.0019884383628659907,
            "Lindemann Criterion": 0.12614444365676583,
            "Specific Heat": 244.86547423024666,
            "Internal Temperature": 379.7378459638731,
            "Cohesive Energy": 0.33294908406739887,
            "Internal Pressure": 4.433603798286294e-07,
            "Bulk_modulus": 102.73917896198326,
            "Lattice constant": 0
        }
    ]
}