{
    "Simulation input": [
        {
            "Chemical formula": "Al4000Ni3000",
            "Database": "Materials Project",
            "Potential": "EMT",
            "Integrator": "Langevin",
            "Lattice structure": "BCC(a=57.0004)",
            "a": 49.363768449999995,
            "b": 49.363768449999995,
            "c": 49.363768449999995,
            "Alpha": 109.47122063,
            "Beta": 109.47122063,
            "Gamma": 109.47122063,
            "Volume": 92598.30324960564,
            "Initial Temperature": 300,
            "Run time": 1000
        }
    ],
    "Simulation output": [
        {
            "Mean Square Displacement": 1.5870032459457644,
            "Self diffusion coefficient": 0.03306256762387009,
            "Lindemann Criterion": 0.5445979809867694,
            "Specific Heat": 224491883800.3046,
            "Internal Temperature": 698.6849856250361,
            "Cohesive Energy": 0.41848001750275116,
            "Internal Pressure": 1.3846842750860576e-06,
            "Bulk_modulus": 61.50111323811173,
            "Lattice constant": 9.87275369
        }
    ]
}