{
    "Simulation input": [
        {
            "Chemical formula": "Al249Au125Pd",
            "Database": "Materials Project",
            "Potential": "EMT",
            "Integrator": "Velocity-Verlet",
            "Lattice structure": "FCC(a=30.3168)",
            "a": 21.4372007,
            "b": 21.4372007,
            "c": 21.437200699999998,
            "Alpha": 59.999999999999986,
            "Beta": 59.999999999999986,
            "Gamma": 59.99999999999999,
            "Volume": 6966.092291278917,
            "Initial Temperature": 300,
            "Run time": 1000
        }
    ],
    "Simulation output": [
        {
            "Mean Square Displacement": 3.3433049255527973,
            "Self diffusion coefficient": 0.0696521859490166,
            "Lindemann Criterion": 0.6906011224593814,
            "Specific Heat": 148.71274567890205,
            "Internal Temperature": 794.7789668397232,
            "Cohesive Energy": 0.24891478511086979,
            "Internal Pressure": 4.459033031061357e-06,
            "Bulk_modulus": 52.76778692855057,
            "Lattice constant": 0
        }
    ]
}