{
    "Simulation input": [
        {
            "Chemical formula": "Ni375Pt125",
            "Database": "Materials Project",
            "Potential": "EMT",
            "Integrator": "Langevin",
            "Lattice structure": "CUB(a=18.2425)",
            "a": 18.24251,
            "b": 18.24251,
            "c": 18.24251,
            "Alpha": 90.0,
            "Beta": 90.0,
            "Gamma": 90.0,
            "Volume": 6070.909781685288,
            "Initial Temperature": 300,
            "Run time": 1000
        }
    ],
    "Simulation output": [
        {
            "Mean Square Displacement": 0.002837836474074717,
            "Self diffusion coefficient": 5.9121593209889934e-05,
            "Lindemann Criterion": 0.020976578841799792,
            "Specific Heat": 120893510620.28017,
            "Internal Temperature": 31.50745818400482,
            "Cohesive Energy": 0.09850266997656495,
            "Internal Pressure": 1.0519480404380726e-06,
            "Bulk_modulus": 186.99534813927863,
            "Lattice constant": 0
        }
    ]
}