{
    "Simulation input": [
        {
            "Chemical formula": "Pd124Pt",
            "Database": "Materials Project",
            "Potential": "EMT",
            "Integrator": "Velocity-Verlet",
            "Lattice structure": "FCC(a=19.7853)",
            "a": 13.990340999999999,
            "b": 13.990340999999999,
            "c": 13.990340999999999,
            "Alpha": 59.99999999999999,
            "Beta": 59.99999999999999,
            "Gamma": 59.99999999999999,
            "Volume": 1936.287770389967,
            "Initial Temperature": 300,
            "Run time": 1000
        }
    ],
    "Simulation output": [
        {
            "Mean Square Displacement": 0.021537566869367725,
            "Self diffusion coefficient": 0.00044869930977849425,
            "Lindemann Criterion": 0.05451458732889621,
            "Specific Heat": 116.40431982833847,
            "Internal Temperature": 153.381941522143,
            "Cohesive Energy": 0.046326835205060854,
            "Internal Pressure": 1.8211445316958062e-07,
            "Bulk_modulus": 176.38285076618246,
            "Lattice constant": 0
        }
    ]
}