{
    "Simulation input": [
        {
            "Chemical formula": "Ag499Au",
            "Database": "ASE",
            "Potential": "EMT_Asap_Standard_JacobsenStoltzeNorskov_1996_AlAgAuCuNiPdPt__MO_115316750986_001",
            "Integrator": "Velocity-Verlet",
            "Lattice structure": "CUB(a=20.45)",
            "a": 20.45,
            "b": 20.45,
            "c": 20.45,
            "Alpha": 90.0,
            "Beta": 90.0,
            "Gamma": 90.0,
            "Volume": 8552.241125000002,
            "Initial Temperature": 1000,
            "Run time": 3000
        }
    ],
    "Simulation output": [
        {
            "Mean Square Displacement": 0.15971784024355834,
            "Self diffusion coefficient": 0.0009507014300211806,
            "Lindemann Criterion": 0.15002603552762847,
            "Specific Heat": 115.41629629535741,
            "Internal Temperature": 621.3309319404688,
            "Cohesive Energy": 2.8747889991250797,
            "Internal Pressure": -4.205694961444317e-06,
            "Bulk_modulus": 89.51124664118937,
            "Lattice constant": 3.8347786021727415
        }
    ]
}