{
    "Simulation input": [
        {
            "Chemical formula": "Ag499Ni",
            "Database": "ASE",
            "Potential": "EMT_Asap_Standard_JacobsenStoltzeNorskov_1996_AlAgAuCuNiPdPt__MO_115316750986_001",
            "Integrator": "Velocity-Verlet",
            "Lattice structure": "CUB(a=20.45)",
            "a": 20.45,
            "b": 20.45,
            "c": 20.45,
            "Alpha": 90.0,
            "Beta": 90.0,
            "Gamma": 90.0,
            "Volume": 8552.241125000002,
            "Initial Temperature": 1300,
            "Run time": 3000
        }
    ],
    "Simulation output": [
        {
            "Mean Square Displacement": 0.1355787182395922,
            "Self diffusion coefficient": 0.0008070161799975725,
            "Lindemann Criterion": 0.13880871623940017,
            "Specific Heat": 115.71246404513741,
            "Internal Temperature": 765.110084193703,
            "Cohesive Energy": 2.858708256328846,
            "Internal Pressure": -2.9394929002703175e-06,
            "Bulk_modulus": 88.02071853298233,
            "Lattice constant": 3.8347786021727415
        }
    ]
}