{
    "Simulation input": [
        {
            "Chemical formula": "Ag125Al375",
            "Database": "Materials Project",
            "Potential": "EMT",
            "Integrator": "Velocity-Verlet",
            "Lattice structure": "CUB(a=20.3907)",
            "a": 20.39074705315133,
            "b": 20.39074705315133,
            "c": 20.39074705315133,
            "Alpha": 90.0,
            "Beta": 90.0,
            "Gamma": 90.0,
            "Volume": 8478.117119888115,
            "Initial Temperature": 300,
            "Run time": 1000
        }
    ],
    "Simulation output": [
        {
            "Mean Square Displacement": 0.03400643895020862,
            "Self diffusion coefficient": 0.0007084674781293463,
            "Lindemann Criterion": 0.06582669547629579,
            "Specific Heat": 264.18365496195844,
            "Internal Temperature": 157.37991692727732,
            "Cohesive Energy": 0.009005760272028642,
            "Internal Pressure": -1.8330230961184702e-07,
            "Bulk_modulus": 46.608514146054134,
            "Lattice constant": 4.078149410630266
        }
    ]
}