{
    "Simulation input": [
        {
            "Chemical formula": "Ag124Au375Pd",
            "Database": "Materials Project",
            "Potential": "EMT",
            "Integrator": "Velocity-Verlet",
            "Lattice structure": "CUB(a=20.8511)",
            "a": 20.851065000000002,
            "b": 20.851065000000002,
            "c": 20.851065000000002,
            "Alpha": 90.0,
            "Beta": 90.0,
            "Gamma": 90.0,
            "Volume": 9065.353134334478,
            "Initial Temperature": 300,
            "Run time": 1000
        }
    ],
    "Simulation output": [
        {
            "Mean Square Displacement": 0.0621047572224336,
            "Self diffusion coefficient": 0.0012938491088007001,
            "Lindemann Criterion": 0.08906128758318808,
            "Specific Heat": 71.38577237045794,
            "Internal Temperature": 157.51841961746462,
            "Cohesive Energy": 0.06827342307526488,
            "Internal Pressure": 4.468713586335164e-07,
            "Bulk_modulus": 149.84271991217955,
            "Lattice constant": 0
        }
    ]
}