{
    "Simulation input": [
        {
            "Chemical formula": "Cu124",
            "Database": "Materials Project",
            "Potential": "EMT",
            "Integrator": "Velocity-Verlet",
            "Lattice structure": "FCC(a=18.1063)",
            "a": 12.8030946,
            "b": 12.8030946,
            "c": 12.8030946,
            "Alpha": 60.00000000000001,
            "Beta": 60.00000000000001,
            "Gamma": 60.00000000000001,
            "Volume": 1483.9862107102726,
            "Initial Temperature": 300,
            "Run time": 1000
        }
    ],
    "Simulation output": [
        {
            "Mean Square Displacement": 0.05195861687687987,
            "Self diffusion coefficient": 0.0010824711849349974,
            "Lindemann Criterion": 0.09599293796920906,
            "Specific Heat": 196.24074988276362,
            "Internal Temperature": 528.6844168824673,
            "Cohesive Energy": 0.07834541405234734,
            "Internal Pressure": 4.166907581483298e-06,
            "Bulk_modulus": 119.5347237743292,
            "Lattice constant": 0
        }
    ]
}