{
    "Simulation input": [
        {
            "Chemical formula": "Al125CuNi124",
            "Database": "Materials Project",
            "Potential": "EMT",
            "Integrator": "Velocity-Verlet",
            "Lattice structure": "CUB(a=14.4395)",
            "a": 14.43951,
            "b": 14.43951,
            "c": 14.43951,
            "Alpha": 90.0,
            "Beta": 90.0,
            "Gamma": 90.0,
            "Volume": 3010.6298794090108,
            "Initial Temperature": 300,
            "Run time": 1000
        }
    ],
    "Simulation output": [
        {
            "Mean Square Displacement": 2.237719790539163,
            "Self diffusion coefficient": 0.046619162302899225,
            "Lindemann Criterion": 0.6496176842444669,
            "Specific Heat": 290.9758002140877,
            "Internal Temperature": 537.0587660857072,
            "Cohesive Energy": 0.3995946917390539,
            "Internal Pressure": 1.4020779314375522e-06,
            "Bulk_modulus": 72.74395418983156,
            "Lattice constant": 0
        }
    ]
}