{
    "Simulation input": [
        {
            "Chemical formula": "Cu125",
            "Database": "Materials Project",
            "Potential": "EMT",
            "Integrator": "Velocity-Verlet",
            "Lattice structure": "BCC(a=14.9077)",
            "a": 12.910426237338022,
            "b": 12.91042623733802,
            "c": 12.91042623733802,
            "Alpha": 109.47122063,
            "Beta": 109.47122063,
            "Gamma": 109.47122063,
            "Volume": 1656.5320828484726,
            "Initial Temperature": 300,
            "Run time": 1000
        }
    ],
    "Simulation output": [
        {
            "Mean Square Displacement": 0.1833701051640602,
            "Self diffusion coefficient": 0.003820210524251254,
            "Lindemann Criterion": 0.16670063494253398,
            "Specific Heat": 196.2407498867365,
            "Internal Temperature": 162.06333370498217,
            "Cohesive Energy": 0.12676729698984815,
            "Internal Pressure": -2.0447633352261955e-06,
            "Bulk_modulus": 122.26452702924975,
            "Lattice constant": 2.5820852474676044
        }
    ]
}