{
    "Simulation input": [
        {
            "Chemical formula": "Al2000Cu4500",
            "Database": "Materials Project",
            "Potential": "EMT",
            "Integrator": "Velocity-Verlet",
            "Lattice structure": "CUB(a=43.5073)",
            "a": 43.50731,
            "b": 43.50731,
            "c": 43.50731,
            "Alpha": 90.0,
            "Beta": 90.0,
            "Gamma": 90.0,
            "Volume": 82354.37901630164,
            "Initial Temperature": 20,
            "Run time": 1000
        }
    ],
    "Simulation output": [
        {
            "Mean Square Displacement": 0.0800057677659104,
            "Self diffusion coefficient": 0.0016667868284564666,
            "Lindemann Criterion": 0.11409664148434931,
            "Specific Heat": 238.45913377655728,
            "Internal Temperature": 37.50416873077125,
            "Cohesive Energy": 0.15279130937192742,
            "Internal Pressure": 6.615908390703969e-07,
            "Bulk_modulus": 79.06256112858742,
            "Lattice constant": 8.701462
        }
    ]
}