{
    "Simulation input": [
        {
            "Chemical formula": "Ag125Au375",
            "Database": "Materials Project",
            "Potential": "EMT",
            "Integrator": "Velocity-Verlet",
            "Lattice structure": "CUB(a=20.8511)",
            "a": 20.851065000000002,
            "b": 20.851065000000002,
            "c": 20.851065000000002,
            "Alpha": 90.0,
            "Beta": 90.0,
            "Gamma": 90.0,
            "Volume": 9065.353134334478,
            "Initial Temperature": 300,
            "Run time": 1000
        }
    ],
    "Simulation output": [
        {
            "Mean Square Displacement": 0.06252597529090108,
            "Self diffusion coefficient": 0.0013026244852271057,
            "Lindemann Criterion": 0.0917024597472419,
            "Specific Heat": 71.38458879111988,
            "Internal Temperature": 155.76280561476565,
            "Cohesive Energy": 0.06800567909324162,
            "Internal Pressure": -1.8845693996538e-06,
            "Bulk_modulus": 149.53546717980606,
            "Lattice constant": 4.170213
        }
    ]
}