{
    "Simulation input": [
        {
            "Chemical formula": "Au375Ni124",
            "Database": "Materials Project",
            "Potential": "EMT",
            "Integrator": "Velocity-Verlet",
            "Lattice structure": "CUB(a=20.1408)",
            "a": 20.14084,
            "b": 20.14084,
            "c": 20.14084,
            "Alpha": 90.0,
            "Beta": 90.0,
            "Gamma": 90.0,
            "Volume": 8170.200948024946,
            "Initial Temperature": 300,
            "Run time": 1000
        }
    ],
    "Simulation output": [
        {
            "Mean Square Displacement": 0.08828766823048545,
            "Self diffusion coefficient": 0.0018393264214684468,
            "Lindemann Criterion": 0.11467460187114306,
            "Specific Heat": 76.69032564089395,
            "Internal Temperature": 396.0913506091384,
            "Cohesive Energy": 0.15027097350684473,
            "Internal Pressure": -7.885609381743329e-07,
            "Bulk_modulus": 158.97716614208068,
            "Lattice constant": 0
        }
    ]
}