{
    "Simulation input": [
        {
            "Chemical formula": "Cu125Pd125",
            "Database": "Materials Project",
            "Potential": "EMT",
            "Integrator": "Velocity-Verlet",
            "Lattice structure": "CUB(a=15.0907)",
            "a": 15.090655,
            "b": 15.090655,
            "c": 15.090655,
            "Alpha": 90.0,
            "Beta": 90.0,
            "Gamma": 90.0,
            "Volume": 3436.562694838742,
            "Initial Temperature": 20,
            "Run time": 1000
        }
    ],
    "Simulation output": [
        {
            "Mean Square Displacement": 0.023013480220205267,
            "Self diffusion coefficient": 0.00047944750458760974,
            "Lindemann Criterion": 0.05828233849803009,
            "Specific Heat": 146.7389346020113,
            "Internal Temperature": 11.094751009325572,
            "Cohesive Energy": 0.0019020610327710266,
            "Internal Pressure": -4.5262491643555385e-07,
            "Bulk_modulus": 148.23061004371223,
            "Lattice constant": 0
        }
    ]
}