{
    "Simulation input": [
        {
            "Chemical formula": "Au500",
            "Database": "ASE",
            "Potential": "EMT_Asap_Standard_JacobsenStoltzeNorskov_1996_AlAgAuCuNiPdPt__MO_115316750986_001",
            "Integrator": "Velocity-Verlet",
            "Lattice structure": "CUB(a=20.4)",
            "a": 20.4,
            "b": 20.4,
            "c": 20.4,
            "Alpha": 90.0,
            "Beta": 90.0,
            "Gamma": 90.0,
            "Volume": 8489.664,
            "Initial Temperature": 800,
            "Run time": 3000
        }
    ],
    "Simulation output": [
        {
            "Mean Square Displacement": 0.10288789550127019,
            "Self diffusion coefficient": 0.0006124279494123225,
            "Lindemann Criterion": 0.11930873760145813,
            "Specific Heat": 63.311835114320104,
            "Internal Temperature": 437.0459603616411,
            "Cohesive Energy": 3.744130500899859,
            "Internal Pressure": 4.0462439668194696e-07,
            "Bulk_modulus": 168.94744768340107,
            "Lattice constant": 3.8073118842991214
        }
    ]
}