{
    "Simulation input": [
        {
            "Chemical formula": "Au375Ni125",
            "Database": "Materials Project",
            "Potential": "EMT",
            "Integrator": "Velocity-Verlet",
            "Lattice structure": "CUB(a=20.1408)",
            "a": 20.14084,
            "b": 20.14084,
            "c": 20.14084,
            "Alpha": 90.0,
            "Beta": 90.0,
            "Gamma": 90.0,
            "Volume": 8170.200948024946,
            "Initial Temperature": 300,
            "Run time": 1000
        }
    ],
    "Simulation output": [
        {
            "Mean Square Displacement": 0.042885318346436774,
            "Self diffusion coefficient": 0.0008934441322174328,
            "Lindemann Criterion": 0.07624348569666455,
            "Specific Heat": 76.78846829631891,
            "Internal Temperature": 150.8277194605451,
            "Cohesive Energy": 0.12029475055779948,
            "Internal Pressure": 6.678686601955578e-07,
            "Bulk_modulus": 165.2542717425082,
            "Lattice constant": 0
        }
    ]
}