{
    "Simulation input": [
        {
            "Chemical formula": "Au499Pt",
            "Database": "ASE",
            "Potential": "EMT_Asap_Standard_JacobsenStoltzeNorskov_1996_AlAgAuCuNiPdPt__MO_115316750986_001",
            "Integrator": "Velocity-Verlet",
            "Lattice structure": "CUB(a=20.4)",
            "a": 20.4,
            "b": 20.4,
            "c": 20.4,
            "Alpha": 90.0,
            "Beta": 90.0,
            "Gamma": 90.0,
            "Volume": 8489.664,
            "Initial Temperature": 1000,
            "Run time": 3000
        }
    ],
    "Simulation output": [
        {
            "Mean Square Displacement": 0.21021944207842932,
            "Self diffusion coefficient": 0.0012513062028477937,
            "Lindemann Criterion": 0.17665309922344574,
            "Specific Heat": 63.31304538237898,
            "Internal Temperature": 743.1488301381377,
            "Cohesive Energy": 3.7054061128357016,
            "Internal Pressure": -4.2187699011534656e-06,
            "Bulk_modulus": 162.7601964488157,
            "Lattice constant": 3.8073118842989633
        }
    ]
}