{
    "Simulation input": [
        {
            "Chemical formula": "Al125Ni375",
            "Database": "Materials Project",
            "Potential": "EMT",
            "Integrator": "Velocity-Verlet",
            "Lattice structure": "CUB(a=17.8054)",
            "a": 17.80542,
            "b": 17.80542,
            "c": 17.80542,
            "Alpha": 90.0,
            "Beta": 90.0,
            "Gamma": 90.0,
            "Volume": 5644.905387258983,
            "Initial Temperature": 20,
            "Run time": 1000
        }
    ],
    "Simulation output": [
        {
            "Mean Square Displacement": 0.0009363406074077364,
            "Self diffusion coefficient": 1.9507095987661177e-05,
            "Lindemann Criterion": 0.012224340082090444,
            "Specific Heat": 245.6457827580271,
            "Internal Temperature": 9.039339915851686,
            "Cohesive Energy": 0.27753075088305407,
            "Internal Pressure": -4.774201008557548e-07,
            "Bulk_modulus": 104.41754207276726,
            "Lattice constant": 0
        }
    ]
}