{
    "Simulation input": [
        {
            "Chemical formula": "Au499Pd",
            "Database": "ASE",
            "Potential": "EMT_Asap_Standard_JacobsenStoltzeNorskov_1996_AlAgAuCuNiPdPt__MO_115316750986_001",
            "Integrator": "Velocity-Verlet",
            "Lattice structure": "CUB(a=20.4)",
            "a": 20.4,
            "b": 20.4,
            "c": 20.4,
            "Alpha": 90.0,
            "Beta": 90.0,
            "Gamma": 90.0,
            "Volume": 8489.664,
            "Initial Temperature": 700,
            "Run time": 3000
        }
    ],
    "Simulation output": [
        {
            "Mean Square Displacement": 0.11576526788562676,
            "Self diffusion coefficient": 0.0006890789755096831,
            "Lindemann Criterion": 0.12692876162153538,
            "Specific Heat": 63.370098250054305,
            "Internal Temperature": 478.6493204029917,
            "Cohesive Energy": 3.7329094481291163,
            "Internal Pressure": 4.6782821728173736e-07,
            "Bulk_modulus": 167.28454411753702,
            "Lattice constant": 3.8073118842989633
        }
    ]
}