{
    "Simulation input": [
        {
            "Chemical formula": "AlAu499",
            "Database": "ASE",
            "Potential": "EMT_Asap_Standard_JacobsenStoltzeNorskov_1996_AlAgAuCuNiPdPt__MO_115316750986_001",
            "Integrator": "Velocity-Verlet",
            "Lattice structure": "CUB(a=20.4)",
            "a": 20.4,
            "b": 20.4,
            "c": 20.4,
            "Alpha": 90.0,
            "Beta": 90.0,
            "Gamma": 90.0,
            "Volume": 8489.664,
            "Initial Temperature": 1300,
            "Run time": 3000
        }
    ],
    "Simulation output": [
        {
            "Mean Square Displacement": 0.16884019964057617,
            "Self diffusion coefficient": 0.001005001188336763,
            "Lindemann Criterion": 0.15591199474108053,
            "Specific Heat": 63.42130213738502,
            "Internal Temperature": 714.9387370530369,
            "Cohesive Energy": 3.7047773476777577,
            "Internal Pressure": -3.272461024398975e-06,
            "Bulk_modulus": 163.0873215663189,
            "Lattice constant": 3.8073118842989633
        }
    ]
}