{
    "Simulation input": [
        {
            "Chemical formula": "Pd500",
            "Database": "ASE",
            "Potential": "EMT_Asap_Standard_JacobsenStoltzeNorskov_1996_AlAgAuCuNiPdPt__MO_115316750986_001",
            "Integrator": "Velocity-Verlet",
            "Lattice structure": "CUB(a=19.45)",
            "a": 19.45,
            "b": 19.45,
            "c": 19.45,
            "Alpha": 90.0,
            "Beta": 90.0,
            "Gamma": 90.0,
            "Volume": 7357.983625000011,
            "Initial Temperature": 1300,
            "Run time": 3000
        }
    ],
    "Simulation output": [
        {
            "Mean Square Displacement": 0.07460505707402573,
            "Self diffusion coefficient": 0.0004440777206787246,
            "Lindemann Criterion": 0.1054783496350859,
            "Specific Heat": 117.18018172859664,
            "Internal Temperature": 693.8825529904072,
            "Cohesive Energy": 3.813668995228859,
            "Internal Pressure": -1.4746932160837933e-07,
            "Bulk_modulus": 168.1689697593674,
            "Lattice constant": 3.7486362256057384
        }
    ]
}