{
    "Simulation input": [
        {
            "Chemical formula": "Cu500",
            "Database": "ASE",
            "Potential": "EMT_Asap_Standard_JacobsenStoltzeNorskov_1996_AlAgAuCuNiPdPt__MO_115316750986_001",
            "Integrator": "Velocity-Verlet",
            "Lattice structure": "CUB(a=18.05)",
            "a": 18.05,
            "b": 18.05,
            "c": 18.05,
            "Alpha": 90.0,
            "Beta": 90.0,
            "Gamma": 90.0,
            "Volume": 5880.735125000003,
            "Initial Temperature": 1000,
            "Run time": 3000
        }
    ],
    "Simulation output": [
        {
            "Mean Square Displacement": 0.10530255908066537,
            "Self diffusion coefficient": 0.0006268009469087224,
            "Lindemann Criterion": 0.14070839939653096,
            "Specific Heat": 196.24075377771064,
            "Internal Temperature": 603.9575166345365,
            "Cohesive Energy": 3.4293999279659553,
            "Internal Pressure": -4.436301690628882e-07,
            "Bulk_modulus": 119.4143794177204,
            "Lattice constant": 3.58690945865129
        }
    ]
}