{
    "Simulation input": [
        {
            "Chemical formula": "Au375Pd124",
            "Database": "Materials Project",
            "Potential": "EMT",
            "Integrator": "Velocity-Verlet",
            "Lattice structure": "CUB(a=20.5786)",
            "a": 20.578590000000002,
            "b": 20.578590000000002,
            "c": 20.578590000000002,
            "Alpha": 90.0,
            "Beta": 90.0,
            "Gamma": 90.0,
            "Volume": 8714.587675770497,
            "Initial Temperature": 300,
            "Run time": 1000
        }
    ],
    "Simulation output": [
        {
            "Mean Square Displacement": 0.09384992412480203,
            "Self diffusion coefficient": 0.0019552067526000423,
            "Lindemann Criterion": 0.11386464919235584,
            "Specific Heat": 71.47704184512503,
            "Internal Temperature": 341.3896177709088,
            "Cohesive Energy": 0.09292578496708206,
            "Internal Pressure": -9.758333135147755e-07,
            "Bulk_modulus": 165.13757279356906,
            "Lattice constant": 0
        }
    ]
}