{
    "Simulation input": [
        {
            "Chemical formula": "Al250Pd125",
            "Database": "Materials Project",
            "Potential": "EMT",
            "Integrator": "Velocity-Verlet",
            "Lattice structure": "FCC(a=29.7224)",
            "a": 21.01692475,
            "b": 21.01692475,
            "c": 21.01692475,
            "Alpha": 59.99999999999999,
            "Beta": 59.99999999999999,
            "Gamma": 59.99999999999999,
            "Volume": 6564.361806636507,
            "Initial Temperature": 300,
            "Run time": 1000
        }
    ],
    "Simulation output": [
        {
            "Mean Square Displacement": 4.780769690828012,
            "Self diffusion coefficient": 0.09959936855891692,
            "Lindemann Criterion": 0.9099033444163105,
            "Specific Heat": 233.2599263837121,
            "Internal Temperature": 1415.3330047890406,
            "Cohesive Energy": 0.3075056031178891,
            "Internal Pressure": 3.192434240089588e-06,
            "Bulk_modulus": 49.21377903130639,
            "Lattice constant": 0
        }
    ]
}