{
    "Simulation input": [
        {
            "Chemical formula": "Ni500",
            "Database": "ASE",
            "Potential": "EMT_Asap_Standard_JacobsenStoltzeNorskov_1996_AlAgAuCuNiPdPt__MO_115316750986_001",
            "Integrator": "Velocity-Verlet",
            "Lattice structure": "CUB(a=17.6)",
            "a": 17.6,
            "b": 17.6,
            "c": 17.6,
            "Alpha": 90.0,
            "Beta": 90.0,
            "Gamma": 90.0,
            "Volume": 5451.776,
            "Initial Temperature": 400,
            "Run time": 3000
        }
    ],
    "Simulation output": [
        {
            "Mean Square Displacement": 0.014874667064718346,
            "Self diffusion coefficient": 8.853968490903777e-05,
            "Lindemann Criterion": 0.050837057143345174,
            "Specific Heat": 212.4653698637062,
            "Internal Temperature": 204.9044505681317,
            "Cohesive Energy": 4.422259643259897,
            "Internal Pressure": 4.383940108917926e-07,
            "Bulk_modulus": 167.05153306311362,
            "Lattice constant": 3.491411420444396
        }
    ]
}