{
    "Simulation input": [
        {
            "Chemical formula": "Ag499Al",
            "Database": "ASE",
            "Potential": "EMT_Asap_Standard_JacobsenStoltzeNorskov_1996_AlAgAuCuNiPdPt__MO_115316750986_001",
            "Integrator": "Velocity-Verlet",
            "Lattice structure": "CUB(a=20.45)",
            "a": 20.45,
            "b": 20.45,
            "c": 20.45,
            "Alpha": 90.0,
            "Beta": 90.0,
            "Gamma": 90.0,
            "Volume": 8552.241125000002,
            "Initial Temperature": 500,
            "Run time": 3000
        }
    ],
    "Simulation output": [
        {
            "Mean Square Displacement": 0.05441555293281414,
            "Self diffusion coefficient": 0.00032390210079056035,
            "Lindemann Criterion": 0.08350881974138452,
            "Specific Heat": 115.78060218222622,
            "Internal Temperature": 285.96355989874706,
            "Cohesive Energy": 2.916305632271045,
            "Internal Pressure": -3.62448801233354e-06,
            "Bulk_modulus": 92.53372706671686,
            "Lattice constant": 3.8347786021727415
        }
    ]
}