{
    "Simulation input": [
        {
            "Chemical formula": "Al125Cu124Pt",
            "Database": "Materials Project",
            "Potential": "EMT",
            "Integrator": "Velocity-Verlet",
            "Lattice structure": "CUB(a=14.9875)",
            "a": 14.987545,
            "b": 14.987545,
            "c": 14.987545,
            "Alpha": 90.0,
            "Beta": 90.0,
            "Gamma": 90.0,
            "Volume": 3366.5998537840187,
            "Initial Temperature": 300,
            "Run time": 1000
        }
    ],
    "Simulation output": [
        {
            "Mean Square Displacement": 0.18846658245864575,
            "Self diffusion coefficient": 0.00392638713455512,
            "Lindemann Criterion": 0.1815140722761115,
            "Specific Heat": 272.33754802017063,
            "Internal Temperature": 172.60524230110937,
            "Cohesive Energy": 0.18643494868966387,
            "Internal Pressure": 9.884908905488461e-07,
            "Bulk_modulus": 60.65221834265264,
            "Lattice constant": 2.997509
        }
    ]
}