{
    "Simulation input": [
        {
            "Chemical formula": "Al250Pt125",
            "Database": "Materials Project",
            "Potential": "EMT",
            "Integrator": "Velocity-Verlet",
            "Lattice structure": "FCC(a=32.5131)",
            "a": 22.990257347198373,
            "b": 22.990257347198373,
            "c": 22.990257347198373,
            "Alpha": 60.00000000000001,
            "Beta": 60.00000000000001,
            "Gamma": 60.00000000000001,
            "Volume": 8592.439842055353,
            "Initial Temperature": 300,
            "Run time": 1000
        }
    ],
    "Simulation output": [
        {
            "Mean Square Displacement": 2.748312660003257,
            "Self diffusion coefficient": 0.05725651375006785,
            "Lindemann Criterion": 0.6760395113529208,
            "Specific Heat": 150.2163573856567,
            "Internal Temperature": 716.385899325039,
            "Cohesive Energy": 0.445967475745728,
            "Internal Pressure": 7.615760488086319e-06,
            "Bulk_modulus": 57.425746261485465,
            "Lattice constant": 4.598051469439675
        }
    ]
}