{
    "Simulation input": [
        {
            "Chemical formula": "Al499Cu2000Pd",
            "Database": "Materials Project",
            "Potential": "EMT",
            "Integrator": "Velocity-Verlet",
            "Lattice structure": "CUB(a=31.4606)",
            "a": 31.460555,
            "b": 31.460555,
            "c": 31.460555,
            "Alpha": 90.0,
            "Beta": 90.0,
            "Gamma": 90.0,
            "Volume": 31138.60406818556,
            "Initial Temperature": 300,
            "Run time": 1000
        }
    ],
    "Simulation output": [
        {
            "Mean Square Displacement": 0.22344223079840375,
            "Self diffusion coefficient": 0.004655046474966745,
            "Lindemann Criterion": 0.19146583692129102,
            "Specific Heat": 221.63584560251275,
            "Internal Temperature": 256.02682261067287,
            "Cohesive Energy": 0.21197112779190008,
            "Internal Pressure": -8.980515140983402e-07,
            "Bulk_modulus": 84.85492126584322,
            "Lattice constant": 0
        }
    ]
}