{
    "Simulation input": [
        {
            "Chemical formula": "Al125Ni375",
            "Database": "Materials Project",
            "Potential": "EMT",
            "Integrator": "Velocity-Verlet",
            "Lattice structure": "FCC(a=28.2878)",
            "a": 20.0025235,
            "b": 20.0025235,
            "c": 20.002523499999995,
            "Alpha": 59.999999999999986,
            "Beta": 59.999999999999986,
            "Gamma": 59.99999999999999,
            "Volume": 5658.99578043211,
            "Initial Temperature": 20,
            "Run time": 1000
        }
    ],
    "Simulation output": [
        {
            "Mean Square Displacement": 0.0728723326103553,
            "Self diffusion coefficient": 0.0015181735960490689,
            "Lindemann Criterion": 0.11114546199937471,
            "Specific Heat": 245.64578271403988,
            "Internal Temperature": 16.25612269409797,
            "Cohesive Energy": 0.3056326717013493,
            "Internal Pressure": -3.7264527079613634e-08,
            "Bulk_modulus": 104.55996462476809,
            "Lattice constant": 0
        }
    ]
}