{
    "Simulation input": [
        {
            "Chemical formula": "Ni124",
            "Database": "Materials Project",
            "Potential": "EMT",
            "Integrator": "Velocity-Verlet",
            "Lattice structure": "BCC(a=13.9511)",
            "a": 12.081972350000001,
            "b": 12.081972350000001,
            "c": 12.08197235,
            "Alpha": 109.47122063,
            "Beta": 109.47122063,
            "Gamma": 109.47122063,
            "Volume": 1357.6618725644803,
            "Initial Temperature": 300,
            "Run time": 1000
        }
    ],
    "Simulation output": [
        {
            "Mean Square Displacement": 0.14064087839126857,
            "Self diffusion coefficient": 0.002930018299818095,
            "Lindemann Criterion": 0.16255543918009546,
            "Specific Heat": 212.4653656399298,
            "Internal Temperature": 839.8255037970558,
            "Cohesive Energy": 0.1735624403809027,
            "Internal Pressure": 5.276800259335358e-06,
            "Bulk_modulus": 155.7287452920897,
            "Lattice constant": 0
        }
    ]
}