{
    "Simulation input": [
        {
            "Chemical formula": "AuCu124",
            "Database": "Materials Project",
            "Potential": "EMT",
            "Integrator": "Velocity-Verlet",
            "Lattice structure": "FCC(a=18.1063)",
            "a": 12.8030946,
            "b": 12.8030946,
            "c": 12.8030946,
            "Alpha": 60.00000000000001,
            "Beta": 60.00000000000001,
            "Gamma": 60.00000000000001,
            "Volume": 1483.9862107102726,
            "Initial Temperature": 300,
            "Run time": 1000
        }
    ],
    "Simulation output": [
        {
            "Mean Square Displacement": 0.016011891096206297,
            "Self diffusion coefficient": 0.00033358106450429785,
            "Lindemann Criterion": 0.05080867206531191,
            "Specific Heat": 192.99899926822607,
            "Internal Temperature": 149.78272843872395,
            "Cohesive Energy": 0.014809966713740288,
            "Internal Pressure": -8.243053335045543e-07,
            "Bulk_modulus": 125.80520540468649,
            "Lattice constant": 2.56061892
        }
    ]
}