{
    "Simulation input": [
        {
            "Chemical formula": "Ni499Pd",
            "Database": "ASE",
            "Potential": "EMT_Asap_Standard_JacobsenStoltzeNorskov_1996_AlAgAuCuNiPdPt__MO_115316750986_001",
            "Integrator": "Velocity-Verlet",
            "Lattice structure": "CUB(a=17.6)",
            "a": 17.6,
            "b": 17.6,
            "c": 17.6,
            "Alpha": 90.0,
            "Beta": 90.0,
            "Gamma": 90.0,
            "Volume": 5451.776,
            "Initial Temperature": 900,
            "Run time": 3000
        }
    ],
    "Simulation output": [
        {
            "Mean Square Displacement": 0.0836804368618235,
            "Self diffusion coefficient": 0.0004980978384632351,
            "Lindemann Criterion": 0.12334215148587166,
            "Specific Heat": 212.12039801375877,
            "Internal Temperature": 693.6180491627334,
            "Cohesive Energy": 4.345849309197658,
            "Internal Pressure": 6.2936791321164e-06,
            "Bulk_modulus": 160.06862095629245,
            "Lattice constant": 3.4914114204442335
        }
    ]
}