{
    "Simulation input": [
        {
            "Chemical formula": "Al500Au2000",
            "Database": "Materials Project",
            "Potential": "EMT",
            "Integrator": "Velocity-Verlet",
            "Lattice structure": "CUB(a=35.2732)",
            "a": 35.27325,
            "b": 35.27325,
            "c": 35.27325,
            "Alpha": 90.0,
            "Beta": 90.0,
            "Gamma": 90.0,
            "Volume": 43887.05403642744,
            "Initial Temperature": 20,
            "Run time": 1000
        }
    ],
    "Simulation output": [
        {
            "Mean Square Displacement": 0.019374947701051512,
            "Self diffusion coefficient": 0.0004036447437719065,
            "Lindemann Criterion": 0.052376845180194,
            "Specific Heat": 76.5192881319597,
            "Internal Temperature": 99.27755761998195,
            "Cohesive Energy": 0.06865770686899944,
            "Internal Pressure": 1.2200907176163995e-06,
            "Bulk_modulus": 123.7771110608722,
            "Lattice constant": 0
        }
    ]
}