{
    "Simulation input": [
        {
            "Chemical formula": "AuPt499",
            "Database": "ASE",
            "Potential": "EMT_Asap_Standard_JacobsenStoltzeNorskov_1996_AlAgAuCuNiPdPt__MO_115316750986_001",
            "Integrator": "Velocity-Verlet",
            "Lattice structure": "CUB(a=19.6)",
            "a": 19.6,
            "b": 19.6,
            "c": 19.6,
            "Alpha": 90.0,
            "Beta": 90.0,
            "Gamma": 90.0,
            "Volume": 7529.536000000013,
            "Initial Temperature": 400,
            "Run time": 3000
        }
    ],
    "Simulation output": [
        {
            "Mean Square Displacement": 0.07909641384056972,
            "Self diffusion coefficient": 0.00047081198714624833,
            "Lindemann Criterion": 0.10623095196294191,
            "Specific Heat": 63.921563357585754,
            "Internal Temperature": 477.80082732084793,
            "Cohesive Energy": 5.773582646775846,
            "Internal Pressure": -1.3618635648478553e-05,
            "Bulk_modulus": 268.7516655927583,
            "Lattice constant": 3.763694624804003
        }
    ]
}