{
    "Simulation input": [
        {
            "Chemical formula": "Al125Pt375",
            "Database": "Materials Project",
            "Potential": "EMT",
            "Integrator": "Velocity-Verlet",
            "Lattice structure": "CUB(a=19.614)",
            "a": 19.61404,
            "b": 19.61404,
            "c": 19.61404,
            "Alpha": 90.0,
            "Beta": 90.0,
            "Gamma": 90.0,
            "Volume": 7545.72841271767,
            "Initial Temperature": 300,
            "Run time": 3000
        }
    ],
    "Simulation output": [
        {
            "Mean Square Displacement": 0.01865427695818223,
            "Self diffusion coefficient": 0.00011103736284632279,
            "Lindemann Criterion": 0.05110782089737739,
            "Specific Heat": 81.47423592709,
            "Internal Temperature": 154.4093370076304,
            "Cohesive Energy": 0.0754000739849958,
            "Internal Pressure": -1.6081994980319627e-07,
            "Bulk_modulus": 172.57705866771428,
            "Lattice constant": 3.7486362256057384
        }
    ]
}