{
    "Simulation input": [
        {
            "Chemical formula": "PdPt499",
            "Database": "ASE",
            "Potential": "EMT_Asap_Standard_JacobsenStoltzeNorskov_1996_AlAgAuCuNiPdPt__MO_115316750986_001",
            "Integrator": "Velocity-Verlet",
            "Lattice structure": "CUB(a=19.6)",
            "a": 19.6,
            "b": 19.6,
            "c": 19.6,
            "Alpha": 90.0,
            "Beta": 90.0,
            "Gamma": 90.0,
            "Volume": 7529.536000000013,
            "Initial Temperature": 400,
            "Run time": 3000
        }
    ],
    "Simulation output": [
        {
            "Mean Square Displacement": 0.048091666320807684,
            "Self diffusion coefficient": 0.0002862599185762362,
            "Lindemann Criterion": 0.08272506213679488,
            "Specific Heat": 63.98095463637703,
            "Internal Temperature": 413.17646653344536,
            "Cohesive Energy": 5.782749358429114,
            "Internal Pressure": -1.299558294949882e-05,
            "Bulk_modulus": 270.63235770238623,
            "Lattice constant": 3.763694624804003
        }
    ]
}