{
    "Simulation input": [
        {
            "Chemical formula": "Al125Au125",
            "Database": "Materials Project",
            "Potential": "EMT",
            "Integrator": "Velocity-Verlet",
            "Lattice structure": "CUB(a=16.1766)",
            "a": 16.176648519059878,
            "b": 16.176648519059878,
            "c": 16.176648519059878,
            "Alpha": 90.0,
            "Beta": 90.0,
            "Gamma": 90.0,
            "Volume": 4233.169400467631,
            "Initial Temperature": 300,
            "Run time": 1000
        }
    ],
    "Simulation output": [
        {
            "Mean Square Displacement": 0.2595359046289884,
            "Self diffusion coefficient": 0.005406998013103925,
            "Lindemann Criterion": 0.19581398746867879,
            "Specific Heat": 111.36789690505188,
            "Internal Temperature": 200.61142213053085,
            "Cohesive Energy": 0.05199031089797075,
            "Internal Pressure": -5.265731279206007e-09,
            "Bulk_modulus": 76.93892592671503,
            "Lattice constant": 3.2353297038119755
        }
    ]
}