{
    "Simulation input": [
        {
            "Chemical formula": "Al124Ni",
            "Database": "Materials Project",
            "Potential": "EMT",
            "Integrator": "Velocity-Verlet",
            "Lattice structure": "FCC(a=20.1946)",
            "a": 14.279773950000001,
            "b": 14.279773950000001,
            "c": 14.279773950000001,
            "Alpha": 59.99999999999999,
            "Beta": 59.99999999999999,
            "Gamma": 59.99999999999999,
            "Volume": 2058.965169334094,
            "Initial Temperature": 300,
            "Run time": 1000
        }
    ],
    "Simulation output": [
        {
            "Mean Square Displacement": 0.03260258700296144,
            "Self diffusion coefficient": 0.0006792205625616967,
            "Lindemann Criterion": 0.06448135850489327,
            "Specific Heat": 457.87434664638727,
            "Internal Temperature": 137.8705624703942,
            "Cohesive Energy": 0.019730463657167102,
            "Internal Pressure": -5.521559492587483e-07,
            "Bulk_modulus": 35.97296107107015,
            "Lattice constant": 2.85595479
        }
    ]
}