{
    "Simulation input": [
        {
            "Chemical formula": "Al124Cu375Pd",
            "Database": "Materials Project",
            "Potential": "EMT",
            "Integrator": "Velocity-Verlet",
            "Lattice structure": "CUB(a=18.3574)",
            "a": 18.357405,
            "b": 18.357405,
            "c": 18.357405,
            "Alpha": 90.0,
            "Beta": 90.0,
            "Gamma": 90.0,
            "Volume": 6186.341184356621,
            "Initial Temperature": 300,
            "Run time": 1000
        }
    ],
    "Simulation output": [
        {
            "Mean Square Displacement": 0.038585278353062566,
            "Self diffusion coefficient": 0.0008038599656888034,
            "Lindemann Criterion": 0.08203460550477587,
            "Specific Heat": 228.54573386487164,
            "Internal Temperature": 317.7209657668574,
            "Cohesive Energy": 0.1605500363457228,
            "Internal Pressure": 8.869065291567076e-06,
            "Bulk_modulus": 83.74146007104473,
            "Lattice constant": 0
        }
    ]
}