{
    "Simulation input": [
        {
            "Chemical formula": "AlAu125Cu374",
            "Database": "Materials Project",
            "Potential": "EMT",
            "Integrator": "Velocity-Verlet",
            "Lattice structure": "CUB(a=18.8696)",
            "a": 18.869575,
            "b": 18.869575,
            "c": 18.869575,
            "Alpha": 90.0,
            "Beta": 90.0,
            "Gamma": 90.0,
            "Volume": 6718.717115177602,
            "Initial Temperature": 300,
            "Run time": 1000
        }
    ],
    "Simulation output": [
        {
            "Mean Square Displacement": 0.03773937368813257,
            "Self diffusion coefficient": 0.0007862369518360952,
            "Lindemann Criterion": 0.07411221170935331,
            "Specific Heat": 128.78829686847138,
            "Internal Temperature": 194.71577486982383,
            "Cohesive Energy": 0.03018462521623793,
            "Internal Pressure": -9.8702459201745e-06,
            "Bulk_modulus": 132.3841335214063,
            "Lattice constant": 0
        }
    ]
}