{
    "Simulation input": [
        {
            "Chemical formula": "AgAl499Pd500",
            "Database": "Materials Project",
            "Potential": "EMT",
            "Integrator": "Velocity-Verlet",
            "Lattice structure": "CUB(a=24.5437)",
            "a": 24.543685000000004,
            "b": 24.543685000000004,
            "c": 24.543685000000004,
            "Alpha": 90.0,
            "Beta": 90.0,
            "Gamma": 90.0,
            "Volume": 14784.931112990605,
            "Initial Temperature": 300,
            "Run time": 1000
        }
    ],
    "Simulation output": [
        {
            "Mean Square Displacement": 1.0066746050829296,
            "Self diffusion coefficient": 0.020972387605894368,
            "Lindemann Criterion": 0.40582820266105746,
            "Specific Heat": 186.73264036745726,
            "Internal Temperature": 492.62141974460513,
            "Cohesive Energy": 0.24572880082577533,
            "Internal Pressure": -5.9567115572058955e-06,
            "Bulk_modulus": 73.35544420930151,
            "Lattice constant": 0
        }
    ]
}