{
    "Simulation input": [
        {
            "Chemical formula": "Al125Ni375",
            "Database": "Materials Project",
            "Potential": "EMT",
            "Integrator": "Velocity-Verlet",
            "Lattice structure": "CUB(a=18.3647)",
            "a": 18.364712666225337,
            "b": 18.364712666225337,
            "c": 18.364712666225337,
            "Alpha": 90.0,
            "Beta": 90.0,
            "Gamma": 90.0,
            "Volume": 6193.732051707162,
            "Initial Temperature": 300,
            "Run time": 1000
        }
    ],
    "Simulation output": [
        {
            "Mean Square Displacement": 0.018664518924695696,
            "Self diffusion coefficient": 0.0003888441442644937,
            "Lindemann Criterion": 0.05599351512281961,
            "Specific Heat": 245.6457827613292,
            "Internal Temperature": 216.92737419317328,
            "Cohesive Energy": 0.274736893164619,
            "Internal Pressure": -6.348207836624188e-06,
            "Bulk_modulus": 101.85624930111545,
            "Lattice constant": 3.6729425332450676
        }
    ]
}