{
    "Simulation input": [
        {
            "Chemical formula": "CuPt499",
            "Database": "ASE",
            "Potential": "EMT_Asap_Standard_JacobsenStoltzeNorskov_1996_AlAgAuCuNiPdPt__MO_115316750986_001",
            "Integrator": "Velocity-Verlet",
            "Lattice structure": "CUB(a=19.6)",
            "a": 19.6,
            "b": 19.6,
            "c": 19.6,
            "Alpha": 90.0,
            "Beta": 90.0,
            "Gamma": 90.0,
            "Volume": 7529.536000000013,
            "Initial Temperature": 900,
            "Run time": 3000
        }
    ],
    "Simulation output": [
        {
            "Mean Square Displacement": 0.05333570994075634,
            "Self diffusion coefficient": 0.0003174744639330735,
            "Lindemann Criterion": 0.08851608910565631,
            "Specific Heat": 64.00911505561564,
            "Internal Temperature": 517.648604897546,
            "Cohesive Energy": 5.772825067518061,
            "Internal Pressure": -4.918919742542435e-06,
            "Bulk_modulus": 269.0672987706389,
            "Lattice constant": 3.763694624804003
        }
    ]
}