{
    "Simulation input": [
        {
            "Chemical formula": "AuPt499",
            "Database": "ASE",
            "Potential": "EMT_Asap_Standard_JacobsenStoltzeNorskov_1996_AlAgAuCuNiPdPt__MO_115316750986_001",
            "Integrator": "Velocity-Verlet",
            "Lattice structure": "CUB(a=19.6)",
            "a": 19.6,
            "b": 19.6,
            "c": 19.6,
            "Alpha": 90.0,
            "Beta": 90.0,
            "Gamma": 90.0,
            "Volume": 7529.536000000013,
            "Initial Temperature": 1200,
            "Run time": 3000
        }
    ],
    "Simulation output": [
        {
            "Mean Square Displacement": 0.13172021423319297,
            "Self diffusion coefficient": 0.0007840488942451962,
            "Lindemann Criterion": 0.14463712707097662,
            "Specific Heat": 63.921563357578194,
            "Internal Temperature": 910.1261673123163,
            "Cohesive Energy": 5.722683407697191,
            "Internal Pressure": -1.0672883620977517e-05,
            "Bulk_modulus": 263.3494586131438,
            "Lattice constant": 3.763694624804003
        }
    ]
}