{
    "Simulation input": [
        {
            "Chemical formula": "Ni499Pt",
            "Database": "ASE",
            "Potential": "EMT_Asap_Standard_JacobsenStoltzeNorskov_1996_AlAgAuCuNiPdPt__MO_115316750986_001",
            "Integrator": "Velocity-Verlet",
            "Lattice structure": "CUB(a=17.6)",
            "a": 17.6,
            "b": 17.6,
            "c": 17.6,
            "Alpha": 90.0,
            "Beta": 90.0,
            "Gamma": 90.0,
            "Volume": 5451.776,
            "Initial Temperature": 800,
            "Run time": 3000
        }
    ],
    "Simulation output": [
        {
            "Mean Square Displacement": 0.06971419124531653,
            "Self diffusion coefficient": 0.000414965424079265,
            "Lindemann Criterion": 0.11519801742109206,
            "Specific Heat": 211.4824919262992,
            "Internal Temperature": 625.1549797865265,
            "Cohesive Energy": 4.359646385597061,
            "Internal Pressure": 5.0827959422108085e-06,
            "Bulk_modulus": 161.47801932184817,
            "Lattice constant": 3.4914114204442335
        }
    ]
}