{
    "Simulation input": [
        {
            "Chemical formula": "Al124CuPd375",
            "Database": "Materials Project",
            "Potential": "EMT",
            "Integrator": "Velocity-Verlet",
            "Lattice structure": "CUB(a=19.5469)",
            "a": 19.54693,
            "b": 19.54693,
            "c": 19.54693,
            "Alpha": 90.0,
            "Beta": 90.0,
            "Gamma": 90.0,
            "Volume": 7468.539342716455,
            "Initial Temperature": 300,
            "Run time": 1000
        }
    ],
    "Simulation output": [
        {
            "Mean Square Displacement": 0.048225495735498544,
            "Self diffusion coefficient": 0.0010046978278228863,
            "Lindemann Criterion": 0.08319173058881255,
            "Specific Heat": 143.9433126372585,
            "Internal Temperature": 229.74505255131322,
            "Cohesive Energy": 0.08065925457386998,
            "Internal Pressure": -5.077537532407846e-06,
            "Bulk_modulus": 113.46896375078754,
            "Lattice constant": 0
        }
    ]
}