{
    "Simulation input": [
        {
            "Chemical formula": "NiPd499",
            "Database": "ASE",
            "Potential": "EMT_Asap_Standard_JacobsenStoltzeNorskov_1996_AlAgAuCuNiPdPt__MO_115316750986_001",
            "Integrator": "Velocity-Verlet",
            "Lattice structure": "CUB(a=19.45)",
            "a": 19.45,
            "b": 19.45,
            "c": 19.45,
            "Alpha": 90.0,
            "Beta": 90.0,
            "Gamma": 90.0,
            "Volume": 7357.983625000011,
            "Initial Temperature": 1000,
            "Run time": 3000
        }
    ],
    "Simulation output": [
        {
            "Mean Square Displacement": 0.07327336244818113,
            "Self diffusion coefficient": 0.0004361509669534591,
            "Lindemann Criterion": 0.10332201798827709,
            "Specific Heat": 117.28538060937795,
            "Internal Temperature": 565.1505664988302,
            "Cohesive Energy": 3.822254856339541,
            "Internal Pressure": 6.975786350122338e-07,
            "Bulk_modulus": 169.44965038335204,
            "Lattice constant": 3.7486362256057384
        }
    ]
}