{
    "Simulation input": [
        {
            "Chemical formula": "Al500Au2000",
            "Database": "Materials Project",
            "Potential": "EMT",
            "Integrator": "Langevin",
            "Lattice structure": "CUB(a=35.2732)",
            "a": 35.27325,
            "b": 35.27325,
            "c": 35.27325,
            "Alpha": 90.0,
            "Beta": 90.0,
            "Gamma": 90.0,
            "Volume": 43887.05403642744,
            "Initial Temperature": 300,
            "Run time": 1000
        }
    ],
    "Simulation output": [
        {
            "Mean Square Displacement": 0.024702123844129568,
            "Self diffusion coefficient": 0.0005146275800860326,
            "Lindemann Criterion": 0.06055465927714941,
            "Specific Heat": 20700322897.964073,
            "Internal Temperature": 112.34132725140645,
            "Cohesive Energy": 0.07006880964235015,
            "Internal Pressure": 7.20080487970821e-07,
            "Bulk_modulus": 123.48120303753252,
            "Lattice constant": 0
        }
    ]
}