{
    "Simulation input": [
        {
            "Chemical formula": "Al250Cu125",
            "Database": "Materials Project",
            "Potential": "EMT",
            "Integrator": "Velocity-Verlet",
            "Lattice structure": "FCC(a=31.2726)",
            "a": 22.11309060390341,
            "b": 22.113090603903405,
            "c": 22.11309060390341,
            "Alpha": 59.99999999999999,
            "Beta": 59.99999999999999,
            "Gamma": 59.99999999999999,
            "Volume": 7645.983178865347,
            "Initial Temperature": 300,
            "Run time": 1000
        }
    ],
    "Simulation output": [
        {
            "Mean Square Displacement": 3.587854820896214,
            "Self diffusion coefficient": 0.0747469754353378,
            "Lindemann Criterion": 0.7782396266891048,
            "Specific Heat": 318.3664248285455,
            "Internal Temperature": 673.3580227619763,
            "Cohesive Energy": 0.4164922649536689,
            "Internal Pressure": 2.1107687068915627e-06,
            "Bulk_modulus": 39.30242176754109,
            "Lattice constant": 4.422618120780681
        }
    ]
}