{
    "Simulation input": [
        {
            "Chemical formula": "Au500",
            "Database": "ASE",
            "Potential": "EMT_Asap_Standard_JacobsenStoltzeNorskov_1996_AlAgAuCuNiPdPt__MO_115316750986_001",
            "Integrator": "Velocity-Verlet",
            "Lattice structure": "CUB(a=20.4)",
            "a": 20.4,
            "b": 20.4,
            "c": 20.4,
            "Alpha": 90.0,
            "Beta": 90.0,
            "Gamma": 90.0,
            "Volume": 8489.664,
            "Initial Temperature": 500,
            "Run time": 3000
        }
    ],
    "Simulation output": [
        {
            "Mean Square Displacement": 0.10517634349397358,
            "Self diffusion coefficient": 0.0006260496636546046,
            "Lindemann Criterion": 0.11954178041076184,
            "Specific Heat": 63.31183511429324,
            "Internal Temperature": 404.1656740105218,
            "Cohesive Energy": 3.7411215491412104,
            "Internal Pressure": -4.0563887563942186e-07,
            "Bulk_modulus": 168.93880843509467,
            "Lattice constant": 3.8073118842989633
        }
    ]
}