{
    "Simulation input": [
        {
            "Chemical formula": "AlCu124Pt875",
            "Database": "Materials Project",
            "Potential": "EMT",
            "Integrator": "Velocity-Verlet",
            "Lattice structure": "FCC(a=39.3945)",
            "a": 27.856103949999998,
            "b": 27.85610395,
            "c": 27.856103949999998,
            "Alpha": 59.99999999999999,
            "Beta": 59.99999999999999,
            "Gamma": 60.00000000000001,
            "Volume": 15284.320131081178,
            "Initial Temperature": 300,
            "Run time": 1000
        }
    ],
    "Simulation output": [
        {
            "Mean Square Displacement": 0.052209501225702656,
            "Self diffusion coefficient": 0.0010876979422021387,
            "Lindemann Criterion": 0.08461482618574229,
            "Specific Heat": 69.82056483614512,
            "Internal Temperature": 228.82876327225188,
            "Cohesive Energy": 0.015343411181094446,
            "Internal Pressure": -1.849672504959391e-05,
            "Bulk_modulus": 254.7945700423415,
            "Lattice constant": 5.57122079
        }
    ]
}