{
    "Simulation input": [
        {
            "Chemical formula": "Cu125Pd125",
            "Database": "Materials Project",
            "Potential": "EMT",
            "Integrator": "Velocity-Verlet",
            "Lattice structure": "CUB(a=15.0311)",
            "a": 15.031092463530662,
            "b": 15.031092463530662,
            "c": 15.031092463530662,
            "Alpha": 90.0,
            "Beta": 90.0,
            "Gamma": 90.0,
            "Volume": 3396.0309462995438,
            "Initial Temperature": 300,
            "Run time": 1000
        }
    ],
    "Simulation output": [
        {
            "Mean Square Displacement": 0.055393541147922574,
            "Self diffusion coefficient": 0.001154032107248387,
            "Lindemann Criterion": 0.09285813600886611,
            "Specific Heat": 146.73893460724958,
            "Internal Temperature": 145.90259521237718,
            "Cohesive Energy": 0.008800981837570967,
            "Internal Pressure": -6.766379013653223e-07,
            "Bulk_modulus": 146.08158901184456,
            "Lattice constant": 3.0062184927061324
        }
    ]
}