{
    "Simulation input": [
        {
            "Chemical formula": "Pd124",
            "Database": "Materials Project",
            "Potential": "EMT",
            "Integrator": "Velocity-Verlet",
            "Lattice structure": "FCC(a=19.7853)",
            "a": 13.990340999999999,
            "b": 13.990340999999999,
            "c": 13.990340999999999,
            "Alpha": 59.99999999999999,
            "Beta": 59.99999999999999,
            "Gamma": 59.99999999999999,
            "Volume": 1936.287770389967,
            "Initial Temperature": 300,
            "Run time": 1000
        }
    ],
    "Simulation output": [
        {
            "Mean Square Displacement": 0.05822251039832636,
            "Self diffusion coefficient": 0.0012129689666317992,
            "Lindemann Criterion": 0.09335388295841532,
            "Specific Heat": 117.18017940350438,
            "Internal Temperature": 414.41597501317165,
            "Cohesive Energy": 0.08608953795989842,
            "Internal Pressure": -3.50022819147359e-06,
            "Bulk_modulus": 168.98210469095923,
            "Lattice constant": 2.7980682
        }
    ]
}