{
    "Simulation input": [
        {
            "Chemical formula": "Ag499Ni",
            "Database": "ASE",
            "Potential": "EMT_Asap_Standard_JacobsenStoltzeNorskov_1996_AlAgAuCuNiPdPt__MO_115316750986_001",
            "Integrator": "Velocity-Verlet",
            "Lattice structure": "CUB(a=20.45)",
            "a": 20.45,
            "b": 20.45,
            "c": 20.45,
            "Alpha": 90.0,
            "Beta": 90.0,
            "Gamma": 90.0,
            "Volume": 8552.241125000002,
            "Initial Temperature": 500,
            "Run time": 3000
        }
    ],
    "Simulation output": [
        {
            "Mean Square Displacement": 0.06314403399353814,
            "Self diffusion coefficient": 0.0003758573451996318,
            "Lindemann Criterion": 0.09119021325164653,
            "Specific Heat": 115.71246404511396,
            "Internal Temperature": 313.885103408722,
            "Cohesive Energy": 2.914395314527408,
            "Internal Pressure": -4.284991960931866e-06,
            "Bulk_modulus": 92.66131574727665,
            "Lattice constant": 3.8347786021727415
        }
    ]
}