{
    "Simulation input": [
        {
            "Chemical formula": "Cu125Pd125",
            "Database": "Materials Project",
            "Potential": "EMT",
            "Integrator": "Velocity-Verlet",
            "Lattice structure": "CUB(a=15.0907)",
            "a": 15.090655,
            "b": 15.090655,
            "c": 15.090655,
            "Alpha": 90.0,
            "Beta": 90.0,
            "Gamma": 90.0,
            "Volume": 3436.562694838742,
            "Initial Temperature": 20,
            "Run time": 1000
        }
    ],
    "Simulation output": [
        {
            "Mean Square Displacement": 0.01672834580741525,
            "Self diffusion coefficient": 0.00034850720432115105,
            "Lindemann Criterion": 0.049696851127131694,
            "Specific Heat": 146.73893460645692,
            "Internal Temperature": 10.134009170691444,
            "Cohesive Energy": 0.0019304045209492526,
            "Internal Pressure": 4.169043145503233e-07,
            "Bulk_modulus": 148.19846289646736,
            "Lattice constant": 3.018131
        }
    ]
}