{
    "Simulation input": [
        {
            "Chemical formula": "Au375Cu124Pt",
            "Database": "Materials Project",
            "Potential": "EMT",
            "Integrator": "Velocity-Verlet",
            "Lattice structure": "CUB(a=20.2664)",
            "a": 20.26643,
            "b": 20.26643,
            "c": 20.26643,
            "Alpha": 90.0,
            "Beta": 90.0,
            "Gamma": 90.0,
            "Volume": 8323.994009212862,
            "Initial Temperature": 300,
            "Run time": 1000
        }
    ],
    "Simulation output": [
        {
            "Mean Square Displacement": 0.09218471326113985,
            "Self diffusion coefficient": 0.00192051485960708,
            "Lindemann Criterion": 0.11631869733726474,
            "Specific Heat": 76.09673692926127,
            "Internal Temperature": 342.4835389506791,
            "Cohesive Energy": 0.09233964656940706,
            "Internal Pressure": -2.518146030217335e-06,
            "Bulk_modulus": 152.59204164647107,
            "Lattice constant": 0
        }
    ]
}