{
    "Simulation input": [
        {
            "Chemical formula": "AgAu499",
            "Database": "ASE",
            "Potential": "EMT_Asap_Standard_JacobsenStoltzeNorskov_1996_AlAgAuCuNiPdPt__MO_115316750986_001",
            "Integrator": "Velocity-Verlet",
            "Lattice structure": "CUB(a=20.4)",
            "a": 20.4,
            "b": 20.4,
            "c": 20.4,
            "Alpha": 90.0,
            "Beta": 90.0,
            "Gamma": 90.0,
            "Volume": 8489.664,
            "Initial Temperature": 1100,
            "Run time": 3000
        }
    ],
    "Simulation output": [
        {
            "Mean Square Displacement": 0.17461510219594217,
            "Self diffusion coefficient": 0.0010393756083091797,
            "Lindemann Criterion": 0.1560802640409667,
            "Specific Heat": 63.36916554681251,
            "Internal Temperature": 710.0033825714947,
            "Cohesive Energy": 3.704107604829065,
            "Internal Pressure": -1.680497615376646e-06,
            "Bulk_modulus": 163.78400710956512,
            "Lattice constant": 3.8073118842989633
        }
    ]
}