{
    "Simulation input": [
        {
            "Chemical formula": "AgCu124Pt875",
            "Database": "Materials Project",
            "Potential": "EMT",
            "Integrator": "Velocity-Verlet",
            "Lattice structure": "FCC(a=39.3945)",
            "a": 27.856103949999998,
            "b": 27.85610395,
            "c": 27.856103949999998,
            "Alpha": 59.99999999999999,
            "Beta": 59.99999999999999,
            "Gamma": 60.00000000000001,
            "Volume": 15284.320131081178,
            "Initial Temperature": 300,
            "Run time": 1000
        }
    ],
    "Simulation output": [
        {
            "Mean Square Displacement": 0.06413406661585364,
            "Self diffusion coefficient": 0.0013361263878302841,
            "Lindemann Criterion": 0.0966048337578781,
            "Specific Heat": 69.78895883415537,
            "Internal Temperature": 388.24698770044716,
            "Cohesive Energy": 0.03549781936445172,
            "Internal Pressure": -9.494158559454809e-06,
            "Bulk_modulus": 250.47797382806027,
            "Lattice constant": 0
        }
    ]
}