{
    "Simulation input": [
        {
            "Chemical formula": "Al125Cu375",
            "Database": "Materials Project",
            "Potential": "EMT",
            "Integrator": "Velocity-Verlet",
            "Lattice structure": "FCC(a=29.1847)",
            "a": 20.636671,
            "b": 20.636671000000003,
            "c": 20.636671,
            "Alpha": 60.00000000000001,
            "Beta": 59.99999999999999,
            "Gamma": 60.00000000000001,
            "Volume": 6214.4675359729545,
            "Initial Temperature": 300,
            "Run time": 1000
        }
    ],
    "Simulation output": [
        {
            "Mean Square Displacement": 0.04799049724176302,
            "Self diffusion coefficient": 0.000999802025870063,
            "Lindemann Criterion": 0.08965667455916398,
            "Specific Heat": 229.21314899423058,
            "Internal Temperature": 164.48540866168042,
            "Cohesive Energy": 0.15467704977962551,
            "Internal Pressure": -7.766638229539808e-07,
            "Bulk_modulus": 83.79835621520745,
            "Lattice constant": 0
        }
    ]
}