{
    "Simulation input": [
        {
            "Chemical formula": "AuCu499",
            "Database": "ASE",
            "Potential": "EMT_Asap_Standard_JacobsenStoltzeNorskov_1996_AlAgAuCuNiPdPt__MO_115316750986_001",
            "Integrator": "Velocity-Verlet",
            "Lattice structure": "CUB(a=18.05)",
            "a": 18.05,
            "b": 18.05,
            "c": 18.05,
            "Alpha": 90.0,
            "Beta": 90.0,
            "Gamma": 90.0,
            "Volume": 5880.735125000003,
            "Initial Temperature": 700,
            "Run time": 3000
        }
    ],
    "Simulation output": [
        {
            "Mean Square Displacement": 0.11083287732743008,
            "Self diffusion coefficient": 0.0006597195079013695,
            "Lindemann Criterion": 0.1389150317017831,
            "Specific Heat": 195.4201492547411,
            "Internal Temperature": 572.3023219009285,
            "Cohesive Energy": 3.4341364796312295,
            "Internal Pressure": 2.4754374303854865e-06,
            "Bulk_modulus": 119.95382339776323,
            "Lattice constant": 3.58690945865129
        }
    ]
}