{
    "Simulation input": [
        {
            "Chemical formula": "Al124Au",
            "Database": "Materials Project",
            "Potential": "EMT",
            "Integrator": "Velocity-Verlet",
            "Lattice structure": "FCC(a=20.1946)",
            "a": 14.279773950000001,
            "b": 14.279773950000001,
            "c": 14.279773950000001,
            "Alpha": 59.99999999999999,
            "Beta": 59.99999999999999,
            "Gamma": 59.99999999999999,
            "Volume": 2058.965169334094,
            "Initial Temperature": 300,
            "Run time": 1000
        }
    ],
    "Simulation output": [
        {
            "Mean Square Displacement": 0.03487425338338359,
            "Self diffusion coefficient": 0.0007265469454871581,
            "Lindemann Criterion": 0.06910646321583759,
            "Specific Heat": 440.003191413963,
            "Internal Temperature": 138.3737520964412,
            "Cohesive Energy": 0.014481165875080868,
            "Internal Pressure": 4.523967407434323e-06,
            "Bulk_modulus": 36.18096646903011,
            "Lattice constant": 0
        }
    ]
}