{
    "Simulation input": [
        {
            "Chemical formula": "AgPd499",
            "Database": "ASE",
            "Potential": "EMT_Asap_Standard_JacobsenStoltzeNorskov_1996_AlAgAuCuNiPdPt__MO_115316750986_001",
            "Integrator": "Velocity-Verlet",
            "Lattice structure": "CUB(a=19.45)",
            "a": 19.45,
            "b": 19.45,
            "c": 19.45,
            "Alpha": 90.0,
            "Beta": 90.0,
            "Gamma": 90.0,
            "Volume": 7357.983625000011,
            "Initial Temperature": 600,
            "Run time": 3000
        }
    ],
    "Simulation output": [
        {
            "Mean Square Displacement": 0.10218399633940527,
            "Self diffusion coefficient": 0.0006082380734488409,
            "Lindemann Criterion": 0.12027964992250015,
            "Specific Heat": 117.17699255884845,
            "Internal Temperature": 489.1264461246104,
            "Cohesive Energy": 3.8263463430046847,
            "Internal Pressure": 5.67450781656249e-07,
            "Bulk_modulus": 170.30239922768263,
            "Lattice constant": 3.7486362256057384
        }
    ]
}