{
    "Simulation input": [
        {
            "Chemical formula": "AgAl124",
            "Database": "Materials Project",
            "Potential": "EMT",
            "Integrator": "Velocity-Verlet",
            "Lattice structure": "BCC(a=16.1025)",
            "a": 13.94517405,
            "b": 13.945174050000002,
            "c": 13.945174049999999,
            "Alpha": 109.47122063,
            "Beta": 109.47122063,
            "Gamma": 109.47122062999999,
            "Volume": 2087.6126823078234,
            "Initial Temperature": 300,
            "Run time": 1000
        }
    ],
    "Simulation output": [
        {
            "Mean Square Displacement": 0.08578918681700645,
            "Self diffusion coefficient": 0.001787274725354301,
            "Lindemann Criterion": 0.11205272530958296,
            "Specific Heat": 451.3547679220139,
            "Internal Temperature": 140.01461714888737,
            "Cohesive Energy": 0.038064811219135256,
            "Internal Pressure": -2.4825484660963165e-07,
            "Bulk_modulus": 35.93038324125057,
            "Lattice constant": 0
        }
    ]
}