{
    "Simulation input": [
        {
            "Chemical formula": "Al125",
            "Database": "Materials Project",
            "Potential": "EMT",
            "Integrator": "Velocity-Verlet",
            "Lattice structure": "FCC(a=20.1946)",
            "a": 14.279773950000001,
            "b": 14.279773950000001,
            "c": 14.279773950000001,
            "Alpha": 59.99999999999999,
            "Beta": 59.99999999999999,
            "Gamma": 59.99999999999999,
            "Volume": 2058.965169334094,
            "Initial Temperature": 20,
            "Run time": 1000
        }
    ],
    "Simulation output": [
        {
            "Mean Square Displacement": 0.002151951066881651,
            "Self diffusion coefficient": 4.4832313893367726e-05,
            "Lindemann Criterion": 0.016604991170007712,
            "Specific Heat": 462.1795268177346,
            "Internal Temperature": 9.813616163244726,
            "Cohesive Energy": 0.0014342857818817813,
            "Internal Pressure": -9.985171498882755e-08,
            "Bulk_modulus": 36.08262224524943,
            "Lattice constant": 2.85595479
        }
    ]
}