{
    "Simulation input": [
        {
            "Chemical formula": "Au124",
            "Database": "Materials Project",
            "Potential": "EMT",
            "Integrator": "Velocity-Verlet",
            "Lattice structure": "FCC(a=16.6852)",
            "a": 11.798184120000002,
            "b": 11.798184120000002,
            "c": 11.79818412,
            "Alpha": 59.99999999999999,
            "Beta": 59.99999999999999,
            "Gamma": 60.00000000000001,
            "Volume": 1161.2627901639548,
            "Initial Temperature": 300,
            "Run time": 1000
        }
    ],
    "Simulation output": [
        {
            "Mean Square Displacement": 0.10433418776905444,
            "Self diffusion coefficient": 0.002173628911855301,
            "Lindemann Criterion": 0.11473477416643506,
            "Specific Heat": 63.31183385545325,
            "Internal Temperature": 293.7813466394359,
            "Cohesive Energy": 0.09875080836282858,
            "Internal Pressure": -6.488569568416163e-06,
            "Bulk_modulus": null,
            "Lattice constant": 0
        }
    ]
}