{
    "Simulation input": [
        {
            "Chemical formula": "Ni499Pd",
            "Database": "ASE",
            "Potential": "EMT_Asap_Standard_JacobsenStoltzeNorskov_1996_AlAgAuCuNiPdPt__MO_115316750986_001",
            "Integrator": "Velocity-Verlet",
            "Lattice structure": "CUB(a=17.6)",
            "a": 17.6,
            "b": 17.6,
            "c": 17.6,
            "Alpha": 90.0,
            "Beta": 90.0,
            "Gamma": 90.0,
            "Volume": 5451.776,
            "Initial Temperature": 1200,
            "Run time": 3000
        }
    ],
    "Simulation output": [
        {
            "Mean Square Displacement": 0.11466472858390273,
            "Self diffusion coefficient": 0.0006825281463327544,
            "Lindemann Criterion": 0.15046967059908148,
            "Specific Heat": 212.12039801376415,
            "Internal Temperature": 873.5593682939932,
            "Cohesive Energy": 4.322917143722915,
            "Internal Pressure": 6.136990379349881e-06,
            "Bulk_modulus": 158.60110666864244,
            "Lattice constant": 3.4914114204442335
        }
    ]
}