{
    "Simulation input": [
        {
            "Chemical formula": "Al125Pt125",
            "Database": "Materials Project",
            "Potential": "EMT",
            "Integrator": "Langevin",
            "Lattice structure": "CUB(a=15.4577)",
            "a": 15.457730000000002,
            "b": 15.457730000000002,
            "c": 15.457730000000002,
            "Alpha": 90.0,
            "Beta": 90.0,
            "Gamma": 90.0,
            "Volume": 3693.491905983805,
            "Initial Temperature": 300,
            "Run time": 1000
        }
    ],
    "Simulation output": [
        {
            "Mean Square Displacement": 0.41198452481973363,
            "Self diffusion coefficient": 0.00858301093374445,
            "Lindemann Criterion": 0.24658208150167651,
            "Specific Heat": 18565235490.496,
            "Internal Temperature": 120.11722174051427,
            "Cohesive Energy": 0.20653700544781453,
            "Internal Pressure": -1.107671703723685e-07,
            "Bulk_modulus": 104.96303962191118,
            "Lattice constant": 3.091546
        }
    ]
}