{
    "Simulation input": [
        {
            "Chemical formula": "AgAl124",
            "Database": "Materials Project",
            "Potential": "EMT",
            "Integrator": "Velocity-Verlet",
            "Lattice structure": "FCC(a=20.1946)",
            "a": 14.279773950000001,
            "b": 14.279773950000001,
            "c": 14.279773950000001,
            "Alpha": 59.99999999999999,
            "Beta": 59.99999999999999,
            "Gamma": 59.99999999999999,
            "Volume": 2058.965169334094,
            "Initial Temperature": 300,
            "Run time": 1000
        }
    ],
    "Simulation output": [
        {
            "Mean Square Displacement": 0.04362068682074338,
            "Self diffusion coefficient": 0.0009087643087654871,
            "Lindemann Criterion": 0.07658694608934966,
            "Specific Heat": 451.3547681864487,
            "Internal Temperature": 156.15639118648826,
            "Cohesive Energy": 0.01601655621620219,
            "Internal Pressure": -1.7700105753955325e-06,
            "Bulk_modulus": 35.882161114794535,
            "Lattice constant": 0
        }
    ]
}