{
    "Simulation input": [
        {
            "Chemical formula": "Ag125Al374Cu",
            "Database": "Materials Project",
            "Potential": "EMT",
            "Integrator": "Velocity-Verlet",
            "Lattice structure": "CUB(a=20.4076)",
            "a": 20.407565,
            "b": 20.407565,
            "c": 20.407565,
            "Alpha": 90.0,
            "Beta": 90.0,
            "Gamma": 90.0,
            "Volume": 8499.11225406152,
            "Initial Temperature": 300,
            "Run time": 1000
        }
    ],
    "Simulation output": [
        {
            "Mean Square Displacement": 0.055556802772934816,
            "Self diffusion coefficient": 0.0011574333911028086,
            "Lindemann Criterion": 0.08510370061526863,
            "Specific Heat": 263.7750051146473,
            "Internal Temperature": 191.0444693829392,
            "Cohesive Energy": 0.0008729589535354989,
            "Internal Pressure": -6.13136886985706e-07,
            "Bulk_modulus": 46.24650296517238,
            "Lattice constant": 0
        }
    ]
}