{
    "Simulation input": [
        {
            "Chemical formula": "Al124Ni375",
            "Database": "Materials Project",
            "Potential": "EMT",
            "Integrator": "Velocity-Verlet",
            "Lattice structure": "CUB(a=17.8054)",
            "a": 17.80542,
            "b": 17.80542,
            "c": 17.80542,
            "Alpha": 90.0,
            "Beta": 90.0,
            "Gamma": 90.0,
            "Volume": 5644.905387258983,
            "Initial Temperature": 300,
            "Run time": 1000
        }
    ],
    "Simulation output": [
        {
            "Mean Square Displacement": 0.07127989214635913,
            "Self diffusion coefficient": 0.0014849977530491485,
            "Lindemann Criterion": 0.11343722636647414,
            "Specific Heat": 245.41536491996183,
            "Internal Temperature": 795.4591246105874,
            "Cohesive Energy": 0.3815221617710921,
            "Internal Pressure": -4.763223446995107e-06,
            "Bulk_modulus": 100.63722005554786,
            "Lattice constant": 0
        }
    ]
}