{
    "Simulation input": [
        {
            "Chemical formula": "Au500",
            "Database": "ASE",
            "Potential": "EMT_Asap_Standard_JacobsenStoltzeNorskov_1996_AlAgAuCuNiPdPt__MO_115316750986_001",
            "Integrator": "Velocity-Verlet",
            "Lattice structure": "CUB(a=20.4)",
            "a": 20.4,
            "b": 20.4,
            "c": 20.4,
            "Alpha": 90.0,
            "Beta": 90.0,
            "Gamma": 90.0,
            "Volume": 8489.664,
            "Initial Temperature": 700,
            "Run time": 3000
        }
    ],
    "Simulation output": [
        {
            "Mean Square Displacement": 0.1666438693810406,
            "Self diffusion coefficient": 0.0009919277939347655,
            "Lindemann Criterion": 0.1568181128848475,
            "Specific Heat": 63.311835114295114,
            "Internal Temperature": 520.623945471965,
            "Cohesive Energy": 3.727552822406374,
            "Internal Pressure": -1.1776621054260299e-06,
            "Bulk_modulus": 166.12079424582575,
            "Lattice constant": 3.8073118842989633
        }
    ]
}