{
    "Simulation input": [
        {
            "Chemical formula": "AuCu124Pt875",
            "Database": "Materials Project",
            "Potential": "EMT",
            "Integrator": "Velocity-Verlet",
            "Lattice structure": "FCC(a=39.3945)",
            "a": 27.856103949999998,
            "b": 27.85610395,
            "c": 27.856103949999998,
            "Alpha": 59.99999999999999,
            "Beta": 59.99999999999999,
            "Gamma": 60.00000000000001,
            "Volume": 15284.320131081178,
            "Initial Temperature": 300,
            "Run time": 1000
        }
    ],
    "Simulation output": [
        {
            "Mean Square Displacement": 0.09526732022022456,
            "Self diffusion coefficient": 0.001984735837921345,
            "Lindemann Criterion": 0.11628694901132784,
            "Specific Heat": 69.75417725684942,
            "Internal Temperature": 492.37083341673923,
            "Cohesive Energy": 0.04914943413974155,
            "Internal Pressure": -9.931122178915152e-06,
            "Bulk_modulus": 247.93113470013517,
            "Lattice constant": 0
        }
    ]
}