{
    "Simulation input": [
        {
            "Chemical formula": "Al10500Pt2500",
            "Database": "Materials Project",
            "Potential": "EMT",
            "Integrator": "Langevin",
            "Lattice structure": "FCC(a=94.5362)",
            "a": 66.84715275,
            "b": 66.84715275,
            "c": 66.84715274999999,
            "Alpha": 59.999999999999986,
            "Beta": 59.999999999999986,
            "Gamma": 59.99999999999999,
            "Volume": 211219.37045405942,
            "Initial Temperature": 300,
            "Run time": 1000
        }
    ],
    "Simulation output": [
        {
            "Mean Square Displacement": 0.2129677420858556,
            "Self diffusion coefficient": 0.004436827960121991,
            "Lindemann Criterion": 0.17972251386521115,
            "Specific Heat": 134842394993.06053,
            "Internal Temperature": 210.05558790588137,
            "Cohesive Energy": 0.07898393405928181,
            "Internal Pressure": -4.89697142586812e-07,
            "Bulk_modulus": 55.56487704598902,
            "Lattice constant": 0
        }
    ]
}