{
    "Simulation input": [
        {
            "Chemical formula": "Al499Pd500Pt",
            "Database": "Materials Project",
            "Potential": "EMT",
            "Integrator": "Velocity-Verlet",
            "Lattice structure": "CUB(a=24.5437)",
            "a": 24.543685000000004,
            "b": 24.543685000000004,
            "c": 24.543685000000004,
            "Alpha": 90.0,
            "Beta": 90.0,
            "Gamma": 90.0,
            "Volume": 14784.931112990605,
            "Initial Temperature": 300,
            "Run time": 1000
        }
    ],
    "Simulation output": [
        {
            "Mean Square Displacement": 1.0957587693045183,
            "Self diffusion coefficient": 0.02282830769384413,
            "Lindemann Criterion": 0.41881695570595345,
            "Specific Heat": 186.48908853007123,
            "Internal Temperature": 524.0582380264377,
            "Cohesive Energy": 0.25583029669444135,
            "Internal Pressure": -6.194412238757385e-06,
            "Bulk_modulus": 73.31831068568063,
            "Lattice constant": 4.908737
        }
    ]
}