{
    "Simulation input": [
        {
            "Chemical formula": "Al124CuPd375",
            "Database": "Materials Project",
            "Potential": "EMT",
            "Integrator": "Velocity-Verlet",
            "Lattice structure": "CUB(a=19.5469)",
            "a": 19.54693,
            "b": 19.54693,
            "c": 19.54693,
            "Alpha": 90.0,
            "Beta": 90.0,
            "Gamma": 90.0,
            "Volume": 7468.539342716455,
            "Initial Temperature": 300,
            "Run time": 1000
        }
    ],
    "Simulation output": [
        {
            "Mean Square Displacement": 0.04617346820306047,
            "Self diffusion coefficient": 0.0009619472542304265,
            "Lindemann Criterion": 0.08185373481258519,
            "Specific Heat": 143.9433126368705,
            "Internal Temperature": 224.4510002092116,
            "Cohesive Energy": 0.07970382202900717,
            "Internal Pressure": -6.998937645878827e-07,
            "Bulk_modulus": 113.47802391740747,
            "Lattice constant": 0
        }
    ]
}