{
    "Simulation input": [
        {
            "Chemical formula": "NiPd124",
            "Database": "Materials Project",
            "Potential": "EMT",
            "Integrator": "Velocity-Verlet",
            "Lattice structure": "FCC(a=19.7853)",
            "a": 13.990340999999999,
            "b": 13.990340999999999,
            "c": 13.990340999999999,
            "Alpha": 59.99999999999999,
            "Beta": 59.99999999999999,
            "Gamma": 59.99999999999999,
            "Volume": 1936.287770389967,
            "Initial Temperature": 300,
            "Run time": 1000
        }
    ],
    "Simulation output": [
        {
            "Mean Square Displacement": 0.02056976353230682,
            "Self diffusion coefficient": 0.00042853674025639213,
            "Lindemann Criterion": 0.053733310614852425,
            "Specific Heat": 117.60211132536847,
            "Internal Temperature": 162.85315080565462,
            "Cohesive Energy": 0.05040195841063353,
            "Internal Pressure": 7.493457634511704e-07,
            "Bulk_modulus": 175.571025326449,
            "Lattice constant": 0
        }
    ]
}