{
    "Simulation input": [
        {
            "Chemical formula": "AgAl499",
            "Database": "ASE",
            "Potential": "EMT_Asap_Standard_JacobsenStoltzeNorskov_1996_AlAgAuCuNiPdPt__MO_115316750986_001",
            "Integrator": "Velocity-Verlet",
            "Lattice structure": "CUB(a=20.25)",
            "a": 20.25,
            "b": 20.25,
            "c": 20.25,
            "Alpha": 90.0,
            "Beta": 90.0,
            "Gamma": 90.0,
            "Volume": 8303.765624999998,
            "Initial Temperature": 800,
            "Run time": 3000
        }
    ],
    "Simulation output": [
        {
            "Mean Square Displacement": 0.18818209979469858,
            "Self diffusion coefficient": 0.0011201315463970154,
            "Lindemann Criterion": 0.17014797351155042,
            "Specific Heat": 459.4249596687138,
            "Internal Temperature": 454.90497498666724,
            "Cohesive Energy": 3.217018773237077,
            "Internal Pressure": 7.803249282933776e-08,
            "Bulk_modulus": 34.23543901868416,
            "Lattice constant": 3.9156921639693607
        }
    ]
}