{
    "Simulation input": [
        {
            "Chemical formula": "Al124Pd",
            "Database": "Materials Project",
            "Potential": "EMT",
            "Integrator": "Velocity-Verlet",
            "Lattice structure": "FCC(a=20.1946)",
            "a": 14.279773950000001,
            "b": 14.279773950000001,
            "c": 14.279773950000001,
            "Alpha": 59.99999999999999,
            "Beta": 59.99999999999999,
            "Gamma": 59.99999999999999,
            "Volume": 2058.965169334094,
            "Initial Temperature": 300,
            "Run time": 1000
        }
    ],
    "Simulation output": [
        {
            "Mean Square Displacement": 0.032515083927732134,
            "Self diffusion coefficient": 0.0006773975818277528,
            "Lindemann Criterion": 0.06708702853997682,
            "Specific Heat": 451.54411555524325,
            "Internal Temperature": 140.48142320669766,
            "Cohesive Energy": 0.015379905855292603,
            "Internal Pressure": -2.1969155799785576e-06,
            "Bulk_modulus": 36.08819654919895,
            "Lattice constant": 2.85595479
        }
    ]
}