{
    "Simulation input": [
        {
            "Chemical formula": "Al499Pd",
            "Database": "ASE",
            "Potential": "EMT_Asap_Standard_JacobsenStoltzeNorskov_1996_AlAgAuCuNiPdPt__MO_115316750986_001",
            "Integrator": "Velocity-Verlet",
            "Lattice structure": "CUB(a=20.25)",
            "a": 20.25,
            "b": 20.25,
            "c": 20.25,
            "Alpha": 90.0,
            "Beta": 90.0,
            "Gamma": 90.0,
            "Volume": 8303.765624999998,
            "Initial Temperature": 1200,
            "Run time": 3000
        }
    ],
    "Simulation output": [
        {
            "Mean Square Displacement": 0.2351391703048108,
            "Self diffusion coefficient": 0.0013996379184810167,
            "Lindemann Criterion": 0.18986012013580938,
            "Specific Heat": 459.4739890749703,
            "Internal Temperature": 612.9880595207936,
            "Cohesive Energy": 3.1979078260320954,
            "Internal Pressure": -8.385820897849717e-07,
            "Bulk_modulus": 33.77157563387848,
            "Lattice constant": 3.9156921639693607
        }
    ]
}