{
    "Simulation input": [
        {
            "Chemical formula": "Al124Cu375",
            "Database": "Materials Project",
            "Potential": "EMT",
            "Integrator": "Velocity-Verlet",
            "Lattice structure": "CUB(a=18.3574)",
            "a": 18.357405,
            "b": 18.357405,
            "c": 18.357405,
            "Alpha": 90.0,
            "Beta": 90.0,
            "Gamma": 90.0,
            "Volume": 6186.341184356621,
            "Initial Temperature": 300,
            "Run time": 1000
        }
    ],
    "Simulation output": [
        {
            "Mean Square Displacement": 0.06224963888522318,
            "Self diffusion coefficient": 0.001296867476775483,
            "Lindemann Criterion": 0.10244829451886417,
            "Specific Heat": 228.98184503876496,
            "Internal Temperature": 569.5531325809314,
            "Cohesive Energy": 0.189140581442289,
            "Internal Pressure": 5.816303866513083e-07,
            "Bulk_modulus": 82.07442981366424,
            "Lattice constant": 0
        }
    ]
}