{
    "Simulation input": [
        {
            "Chemical formula": "Au375CuNi124",
            "Database": "Materials Project",
            "Potential": "EMT",
            "Integrator": "Velocity-Verlet",
            "Lattice structure": "CUB(a=20.1408)",
            "a": 20.14084,
            "b": 20.14084,
            "c": 20.14084,
            "Alpha": 90.0,
            "Beta": 90.0,
            "Gamma": 90.0,
            "Volume": 8170.200948024946,
            "Initial Temperature": 300,
            "Run time": 1000
        }
    ],
    "Simulation output": [
        {
            "Mean Square Displacement": 0.06032870298752978,
            "Self diffusion coefficient": 0.0012568479789068704,
            "Lindemann Criterion": 0.09453579571059867,
            "Specific Heat": 76.78387955844111,
            "Internal Temperature": 216.22101952405987,
            "Cohesive Energy": 0.13277643849735846,
            "Internal Pressure": -2.974751844714746e-06,
            "Bulk_modulus": 162.44559402442835,
            "Lattice constant": 0
        }
    ]
}