{
    "Simulation input": [
        {
            "Chemical formula": "Ni499Pt",
            "Database": "ASE",
            "Potential": "EMT_Asap_Standard_JacobsenStoltzeNorskov_1996_AlAgAuCuNiPdPt__MO_115316750986_001",
            "Integrator": "Velocity-Verlet",
            "Lattice structure": "CUB(a=17.6)",
            "a": 17.6,
            "b": 17.6,
            "c": 17.6,
            "Alpha": 90.0,
            "Beta": 90.0,
            "Gamma": 90.0,
            "Volume": 5451.776,
            "Initial Temperature": 500,
            "Run time": 3000
        }
    ],
    "Simulation output": [
        {
            "Mean Square Displacement": 0.06391779403769268,
            "Self diffusion coefficient": 0.0003804630597481707,
            "Lindemann Criterion": 0.1083767886906433,
            "Specific Heat": 211.48249192633722,
            "Internal Temperature": 480.937637554575,
            "Cohesive Energy": 4.37839882691016,
            "Internal Pressure": 7.092980285165233e-06,
            "Bulk_modulus": 162.71963669043373,
            "Lattice constant": 3.4914114204442335
        }
    ]
}