{
    "Simulation input": [
        {
            "Chemical formula": "AuPt499",
            "Database": "ASE",
            "Potential": "EMT_Asap_Standard_JacobsenStoltzeNorskov_1996_AlAgAuCuNiPdPt__MO_115316750986_001",
            "Integrator": "Velocity-Verlet",
            "Lattice structure": "CUB(a=19.6)",
            "a": 19.6,
            "b": 19.6,
            "c": 19.6,
            "Alpha": 90.0,
            "Beta": 90.0,
            "Gamma": 90.0,
            "Volume": 7529.536000000013,
            "Initial Temperature": 1100,
            "Run time": 3000
        }
    ],
    "Simulation output": [
        {
            "Mean Square Displacement": 0.10473093511455321,
            "Self diffusion coefficient": 0.000623398423300912,
            "Lindemann Criterion": 0.12483830850879513,
            "Specific Heat": 63.92156335758601,
            "Internal Temperature": 856.5982675130338,
            "Cohesive Energy": 5.728426123755814,
            "Internal Pressure": -1.1932533088661744e-05,
            "Bulk_modulus": 262.9961233893507,
            "Lattice constant": 3.763694624804003
        }
    ]
}