{
    "Simulation input": [
        {
            "Chemical formula": "AgAl10499Pt2500",
            "Database": "Materials Project",
            "Potential": "EMT",
            "Integrator": "Velocity-Verlet",
            "Lattice structure": "FCC(a=94.5362)",
            "a": 66.84715275,
            "b": 66.84715275,
            "c": 66.84715274999999,
            "Alpha": 59.999999999999986,
            "Beta": 59.999999999999986,
            "Gamma": 59.99999999999999,
            "Volume": 211219.37045405942,
            "Initial Temperature": 300,
            "Run time": 1000
        }
    ],
    "Simulation output": [
        {
            "Mean Square Displacement": 0.18802118679457747,
            "Self diffusion coefficient": 0.003917108058220364,
            "Lindemann Criterion": 0.15973174541450794,
            "Specific Heat": 210.2382522940898,
            "Internal Temperature": 377.7199861048555,
            "Cohesive Energy": 0.0938047189772525,
            "Internal Pressure": 6.258694901108935e-07,
            "Bulk_modulus": 55.44802556777594,
            "Lattice constant": 0
        }
    ]
}