{
    "Simulation input": [
        {
            "Chemical formula": "Au375Cu124Pd",
            "Database": "Materials Project",
            "Potential": "EMT",
            "Integrator": "Velocity-Verlet",
            "Lattice structure": "CUB(a=20.2664)",
            "a": 20.26643,
            "b": 20.26643,
            "c": 20.26643,
            "Alpha": 90.0,
            "Beta": 90.0,
            "Gamma": 90.0,
            "Volume": 8323.994009212862,
            "Initial Temperature": 300,
            "Run time": 1000
        }
    ],
    "Simulation output": [
        {
            "Mean Square Displacement": 0.10374122735506083,
            "Self diffusion coefficient": 0.0021612755698971007,
            "Lindemann Criterion": 0.12323114748708651,
            "Specific Heat": 76.17917013127644,
            "Internal Temperature": 287.4590888055771,
            "Cohesive Energy": 0.08489974400495222,
            "Internal Pressure": -7.447481771299327e-06,
            "Bulk_modulus": 153.99448881469795,
            "Lattice constant": 0
        }
    ]
}