{
    "Simulation input": [
        {
            "Chemical formula": "CuNi499",
            "Database": "ASE",
            "Potential": "EMT_Asap_Standard_JacobsenStoltzeNorskov_1996_AlAgAuCuNiPdPt__MO_115316750986_001",
            "Integrator": "Velocity-Verlet",
            "Lattice structure": "CUB(a=17.6)",
            "a": 17.6,
            "b": 17.6,
            "c": 17.6,
            "Alpha": 90.0,
            "Beta": 90.0,
            "Gamma": 90.0,
            "Volume": 5451.776,
            "Initial Temperature": 700,
            "Run time": 3000
        }
    ],
    "Simulation output": [
        {
            "Mean Square Displacement": 0.03768760334040256,
            "Self diffusion coefficient": 0.00022433097226430096,
            "Lindemann Criterion": 0.08075876730642598,
            "Specific Heat": 212.4302436314456,
            "Internal Temperature": 448.3836301867651,
            "Cohesive Energy": 4.376566616542648,
            "Internal Pressure": 5.9525951929814095e-06,
            "Bulk_modulus": 162.94454023125328,
            "Lattice constant": 3.4914114204442335
        }
    ]
}