{
    "Simulation input": [
        {
            "Chemical formula": "AlCu124Pt875",
            "Database": "Materials Project",
            "Potential": "EMT",
            "Integrator": "Velocity-Verlet",
            "Lattice structure": "FCC(a=39.3945)",
            "a": 27.856103949999998,
            "b": 27.85610395,
            "c": 27.856103949999998,
            "Alpha": 59.99999999999999,
            "Beta": 59.99999999999999,
            "Gamma": 60.00000000000001,
            "Volume": 15284.320131081178,
            "Initial Temperature": 300,
            "Run time": 1000
        }
    ],
    "Simulation output": [
        {
            "Mean Square Displacement": 0.04688356494206546,
            "Self diffusion coefficient": 0.0009767409362930306,
            "Lindemann Criterion": 0.08212599646806336,
            "Specific Heat": 69.82056483629553,
            "Internal Temperature": 227.1074478079518,
            "Cohesive Energy": 0.015934872053187565,
            "Internal Pressure": -1.6253788692151764e-05,
            "Bulk_modulus": 254.319182305567,
            "Lattice constant": 0
        }
    ]
}