{
    "Simulation input": [
        {
            "Chemical formula": "Ag499Pd",
            "Database": "ASE",
            "Potential": "EMT_Asap_Standard_JacobsenStoltzeNorskov_1996_AlAgAuCuNiPdPt__MO_115316750986_001",
            "Integrator": "Velocity-Verlet",
            "Lattice structure": "CUB(a=20.45)",
            "a": 20.45,
            "b": 20.45,
            "c": 20.45,
            "Alpha": 90.0,
            "Beta": 90.0,
            "Gamma": 90.0,
            "Volume": 8552.241125000002,
            "Initial Temperature": 900,
            "Run time": 3000
        }
    ],
    "Simulation output": [
        {
            "Mean Square Displacement": 0.1216178097297341,
            "Self diffusion coefficient": 0.0007239155341055601,
            "Lindemann Criterion": 0.13114253683660695,
            "Specific Heat": 115.61006666057364,
            "Internal Temperature": 588.8414561942284,
            "Cohesive Energy": 2.879130562940304,
            "Internal Pressure": -5.000071654411089e-06,
            "Bulk_modulus": 89.7031861849063,
            "Lattice constant": 3.8347786021727415
        }
    ]
}