{
    "Simulation input": [
        {
            "Chemical formula": "Al250Cu125",
            "Database": "Materials Project",
            "Potential": "EMT",
            "Integrator": "Langevin",
            "Lattice structure": "FCC(a=28.8455)",
            "a": 20.396884,
            "b": 20.396884000000004,
            "c": 20.396884,
            "Alpha": 59.99999999999999,
            "Beta": 59.999999999999986,
            "Gamma": 59.99999999999999,
            "Volume": 6000.3485727212665,
            "Initial Temperature": 300,
            "Run time": 1000
        }
    ],
    "Simulation output": [
        {
            "Mean Square Displacement": 2.4297909221521308,
            "Self diffusion coefficient": 0.050620644211502724,
            "Lindemann Criterion": 0.6390796275439768,
            "Specific Heat": 44086088086.566,
            "Internal Temperature": 312.68530847802265,
            "Cohesive Energy": 0.38987368239633985,
            "Internal Pressure": 6.650303882821593e-07,
            "Bulk_modulus": 42.7319016330205,
            "Lattice constant": 0
        }
    ]
}