{
    "Simulation input": [
        {
            "Chemical formula": "Al499Pd",
            "Database": "ASE",
            "Potential": "EMT_Asap_Standard_JacobsenStoltzeNorskov_1996_AlAgAuCuNiPdPt__MO_115316750986_001",
            "Integrator": "Velocity-Verlet",
            "Lattice structure": "CUB(a=20.25)",
            "a": 20.25,
            "b": 20.25,
            "c": 20.25,
            "Alpha": 90.0,
            "Beta": 90.0,
            "Gamma": 90.0,
            "Volume": 8303.765624999998,
            "Initial Temperature": 300,
            "Run time": 3000
        }
    ],
    "Simulation output": [
        {
            "Mean Square Displacement": 0.15350809384144906,
            "Self diffusion coefficient": 0.0009137386538181491,
            "Lindemann Criterion": 0.14629350467066027,
            "Specific Heat": 459.4739890749051,
            "Internal Temperature": 224.73117333167409,
            "Cohesive Energy": 3.2487668600759916,
            "Internal Pressure": 5.501205681320898e-07,
            "Bulk_modulus": 35.122108018917025,
            "Lattice constant": 3.9156921639693607
        }
    ]
}