{
    "Simulation input": [
        {
            "Chemical formula": "Cu125",
            "Database": "Materials Project",
            "Potential": "EMT",
            "Integrator": "Langevin",
            "Lattice structure": "BCC(a=14.3633)",
            "a": 12.438956699999999,
            "b": 12.4389567,
            "c": 12.438956699999999,
            "Alpha": 109.47122063,
            "Beta": 109.47122063,
            "Gamma": 109.47122063,
            "Volume": 1481.5966161712952,
            "Initial Temperature": 300,
            "Run time": 1000
        }
    ],
    "Simulation output": [
        {
            "Mean Square Displacement": 0.08833848676498902,
            "Self diffusion coefficient": 0.0018403851409372713,
            "Lindemann Criterion": 0.12164416424136605,
            "Specific Heat": 4307875380.157969,
            "Internal Temperature": 52.537114690284646,
            "Cohesive Energy": 0.04402561989787846,
            "Internal Pressure": -3.902162748981766e-07,
            "Bulk_modulus": 124.11591120833357,
            "Lattice constant": 0
        }
    ]
}