{
    "Simulation input": [
        {
            "Chemical formula": "AgAl249Cu125",
            "Database": "Materials Project",
            "Potential": "EMT",
            "Integrator": "Velocity-Verlet",
            "Lattice structure": "FCC(a=28.8455)",
            "a": 20.396884,
            "b": 20.396884000000004,
            "c": 20.396884,
            "Alpha": 59.99999999999999,
            "Beta": 59.999999999999986,
            "Gamma": 59.99999999999999,
            "Volume": 6000.3485727212665,
            "Initial Temperature": 300,
            "Run time": 1000
        }
    ],
    "Simulation output": [
        {
            "Mean Square Displacement": 3.4948885752196888,
            "Self diffusion coefficient": 0.07281017865041019,
            "Lindemann Criterion": 0.7133168852429979,
            "Specific Heat": 316.6228613763042,
            "Internal Temperature": 994.280052655623,
            "Cohesive Energy": 0.33354474873970574,
            "Internal Pressure": 2.7839319848002248e-06,
            "Bulk_modulus": 43.22097278913018,
            "Lattice constant": 0
        }
    ]
}