{
    "Simulation input": [
        {
            "Chemical formula": "NiPt499",
            "Database": "ASE",
            "Potential": "EMT_Asap_Standard_JacobsenStoltzeNorskov_1996_AlAgAuCuNiPdPt__MO_115316750986_001",
            "Integrator": "Velocity-Verlet",
            "Lattice structure": "CUB(a=19.6)",
            "a": 19.6,
            "b": 19.6,
            "c": 19.6,
            "Alpha": 90.0,
            "Beta": 90.0,
            "Gamma": 90.0,
            "Volume": 7529.536000000013,
            "Initial Temperature": 1300,
            "Run time": 3000
        }
    ],
    "Simulation output": [
        {
            "Mean Square Displacement": 0.0656111929912751,
            "Self diffusion coefficient": 0.00039054281542425656,
            "Lindemann Criterion": 0.09713826420910424,
            "Specific Heat": 64.01230389283012,
            "Internal Temperature": 702.9365797111395,
            "Cohesive Energy": 5.753523000447346,
            "Internal Pressure": -6.1351208725702686e-06,
            "Bulk_modulus": 266.49185159771906,
            "Lattice constant": 3.763694624804003
        }
    ]
}