{
    "Simulation input": [
        {
            "Chemical formula": "Ag375CuNi124",
            "Database": "Materials Project",
            "Potential": "EMT",
            "Integrator": "Velocity-Verlet",
            "Lattice structure": "CUB(a=20.0451)",
            "a": 20.04515,
            "b": 20.04515,
            "c": 20.04515,
            "Alpha": 90.0,
            "Beta": 90.0,
            "Gamma": 90.0,
            "Volume": 8054.302403389292,
            "Initial Temperature": 300,
            "Run time": 1000
        }
    ],
    "Simulation output": [
        {
            "Mean Square Displacement": 0.03092739724932637,
            "Self diffusion coefficient": 0.0006443207760276328,
            "Lindemann Criterion": 0.06310128076027424,
            "Specific Heat": 130.4641797197232,
            "Internal Temperature": 142.44994718870117,
            "Cohesive Energy": 0.13576095599855198,
            "Internal Pressure": 4.0435016784097276e-07,
            "Bulk_modulus": 106.22200617079218,
            "Lattice constant": 0
        }
    ]
}