{
    "Simulation input": [
        {
            "Chemical formula": "AgNi124Pt375",
            "Database": "Materials Project",
            "Potential": "EMT",
            "Integrator": "Velocity-Verlet",
            "Lattice structure": "CUB(a=19.3952)",
            "a": 19.3952,
            "b": 19.3952,
            "c": 19.3952,
            "Alpha": 90.0,
            "Beta": 90.0,
            "Gamma": 90.0,
            "Volume": 7295.965756817409,
            "Initial Temperature": 300,
            "Run time": 1000
        }
    ],
    "Simulation output": [
        {
            "Mean Square Displacement": 0.07195899093600924,
            "Self diffusion coefficient": 0.0014991456445001925,
            "Lindemann Criterion": 0.10384317960938468,
            "Specific Heat": 77.4146455627307,
            "Internal Temperature": 333.46625078130006,
            "Cohesive Energy": 0.015297870753221473,
            "Internal Pressure": -5.586944956630326e-05,
            "Bulk_modulus": 239.45342007501665,
            "Lattice constant": 0
        }
    ]
}