{
    "Simulation input": [
        {
            "Chemical formula": "Ni125Pt375",
            "Database": "Materials Project",
            "Potential": "EMT",
            "Integrator": "Velocity-Verlet",
            "Lattice structure": "CUB(a=19.3502)",
            "a": 19.35022253266817,
            "b": 19.35022253266817,
            "c": 19.35022253266817,
            "Alpha": 90.0,
            "Beta": 90.0,
            "Gamma": 90.0,
            "Volume": 7245.32534158853,
            "Initial Temperature": 300,
            "Run time": 1000
        }
    ],
    "Simulation output": [
        {
            "Mean Square Displacement": 0.01900038265591408,
            "Self diffusion coefficient": 0.0003958413053315433,
            "Lindemann Criterion": 0.05222756609832059,
            "Specific Heat": 77.46193963396695,
            "Internal Temperature": 146.95531896872177,
            "Cohesive Energy": 0.025315507111413404,
            "Internal Pressure": -2.0489825031274182e-07,
            "Bulk_modulus": 245.7893856245963,
            "Lattice constant": 3.8700445065336337
        }
    ]
}