{
    "Simulation input": [
        {
            "Chemical formula": "AlPd499",
            "Database": "ASE",
            "Potential": "EMT_Asap_Standard_JacobsenStoltzeNorskov_1996_AlAgAuCuNiPdPt__MO_115316750986_001",
            "Integrator": "Velocity-Verlet",
            "Lattice structure": "CUB(a=19.45)",
            "a": 19.45,
            "b": 19.45,
            "c": 19.45,
            "Alpha": 90.0,
            "Beta": 90.0,
            "Gamma": 90.0,
            "Volume": 7357.983625000011,
            "Initial Temperature": 400,
            "Run time": 3000
        }
    ],
    "Simulation output": [
        {
            "Mean Square Displacement": 0.04335766002747812,
            "Self diffusion coefficient": 0.0002580813096873698,
            "Lindemann Criterion": 0.07962990821767078,
            "Specific Heat": 117.35538434428922,
            "Internal Temperature": 270.561447089106,
            "Cohesive Energy": 3.854762808142347,
            "Internal Pressure": 3.1166914334563613e-07,
            "Bulk_modulus": 173.08383198193133,
            "Lattice constant": 3.7486362256057384
        }
    ]
}