{
    "Simulation input": [
        {
            "Chemical formula": "Al4000Ni3000",
            "Database": "Materials Project",
            "Potential": "EMT",
            "Integrator": "Velocity-Verlet",
            "Lattice structure": "BCC(a=57.0004)",
            "a": 49.363768449999995,
            "b": 49.363768449999995,
            "c": 49.363768449999995,
            "Alpha": 109.47122063,
            "Beta": 109.47122063,
            "Gamma": 109.47122063,
            "Volume": 92598.30324960564,
            "Initial Temperature": 300,
            "Run time": 1000
        }
    ],
    "Simulation output": [
        {
            "Mean Square Displacement": 1.556737942189842,
            "Self diffusion coefficient": 0.032432040462288377,
            "Lindemann Criterion": 0.5344258785016995,
            "Specific Heat": 307.36004091372234,
            "Internal Temperature": 981.333354731536,
            "Cohesive Energy": 0.42541647876530203,
            "Internal Pressure": 2.4264005903305546e-06,
            "Bulk_modulus": 60.82722425796142,
            "Lattice constant": 0
        }
    ]
}