{
    "Simulation input": [
        {
            "Chemical formula": "AuCu499",
            "Database": "ASE",
            "Potential": "EMT_Asap_Standard_JacobsenStoltzeNorskov_1996_AlAgAuCuNiPdPt__MO_115316750986_001",
            "Integrator": "Velocity-Verlet",
            "Lattice structure": "CUB(a=18.05)",
            "a": 18.05,
            "b": 18.05,
            "c": 18.05,
            "Alpha": 90.0,
            "Beta": 90.0,
            "Gamma": 90.0,
            "Volume": 5880.735125000003,
            "Initial Temperature": 500,
            "Run time": 3000
        }
    ],
    "Simulation output": [
        {
            "Mean Square Displacement": 0.10620954173190637,
            "Self diffusion coefficient": 0.0006321996531661094,
            "Lindemann Criterion": 0.13362983374835175,
            "Specific Heat": 195.4201492547318,
            "Internal Temperature": 446.0025046040932,
            "Cohesive Energy": 3.450116067451739,
            "Internal Pressure": 1.7301149633748145e-06,
            "Bulk_modulus": 121.19269638236219,
            "Lattice constant": 3.58690945865129
        }
    ]
}