{
    "Simulation input": [
        {
            "Chemical formula": "AuPt499",
            "Database": "ASE",
            "Potential": "EMT_Asap_Standard_JacobsenStoltzeNorskov_1996_AlAgAuCuNiPdPt__MO_115316750986_001",
            "Integrator": "Velocity-Verlet",
            "Lattice structure": "CUB(a=19.6)",
            "a": 19.6,
            "b": 19.6,
            "c": 19.6,
            "Alpha": 90.0,
            "Beta": 90.0,
            "Gamma": 90.0,
            "Volume": 7529.536000000013,
            "Initial Temperature": 500,
            "Run time": 3000
        }
    ],
    "Simulation output": [
        {
            "Mean Square Displacement": 0.0917440709805898,
            "Self diffusion coefficient": 0.0005460956605987488,
            "Lindemann Criterion": 0.11776036880638288,
            "Specific Heat": 63.92156335758486,
            "Internal Temperature": 511.1252608450941,
            "Cohesive Energy": 5.769904297669067,
            "Internal Pressure": -1.3386752129063524e-05,
            "Bulk_modulus": 269.1055632614905,
            "Lattice constant": 3.763694624804003
        }
    ]
}