{
    "Simulation input": [
        {
            "Chemical formula": "AgPt499",
            "Database": "ASE",
            "Potential": "EMT_Asap_Standard_JacobsenStoltzeNorskov_1996_AlAgAuCuNiPdPt__MO_115316750986_001",
            "Integrator": "Velocity-Verlet",
            "Lattice structure": "CUB(a=19.6)",
            "a": 19.6,
            "b": 19.6,
            "c": 19.6,
            "Alpha": 90.0,
            "Beta": 90.0,
            "Gamma": 90.0,
            "Volume": 7529.536000000013,
            "Initial Temperature": 800,
            "Run time": 3000
        }
    ],
    "Simulation output": [
        {
            "Mean Square Displacement": 0.07596034785488687,
            "Self diffusion coefficient": 0.0004521449277076599,
            "Lindemann Criterion": 0.10547481794839292,
            "Specific Heat": 63.9800038650109,
            "Internal Temperature": 672.4618096245804,
            "Cohesive Energy": 5.747638638276613,
            "Internal Pressure": -1.2144302929741334e-05,
            "Bulk_modulus": 265.5666571212839,
            "Lattice constant": 3.763694624804003
        }
    ]
}