{
    "Simulation input": [
        {
            "Chemical formula": "AlAu125Pd374",
            "Database": "Materials Project",
            "Potential": "EMT",
            "Integrator": "Velocity-Verlet",
            "Lattice structure": "CUB(a=20.027)",
            "a": 20.026955,
            "b": 20.026955,
            "c": 20.026955,
            "Alpha": 90.0,
            "Beta": 90.0,
            "Gamma": 90.0,
            "Volume": 8032.389613906253,
            "Initial Temperature": 300,
            "Run time": 1000
        }
    ],
    "Simulation output": [
        {
            "Mean Square Displacement": 0.06154943503369007,
            "Self diffusion coefficient": 0.0012822798965352099,
            "Lindemann Criterion": 0.09408391620445565,
            "Specific Heat": 96.74578060993284,
            "Internal Temperature": 218.5611928326642,
            "Cohesive Energy": 0.06995347117406048,
            "Internal Pressure": -1.2068048974763129e-05,
            "Bulk_modulus": 169.7501900364578,
            "Lattice constant": 4.005391
        }
    ]
}