{
    "Simulation input": [
        {
            "Chemical formula": "AgAu124",
            "Database": "Materials Project",
            "Potential": "EMT",
            "Integrator": "Velocity-Verlet",
            "Lattice structure": "FCC(a=16.6852)",
            "a": 11.798184120000002,
            "b": 11.798184120000002,
            "c": 11.79818412,
            "Alpha": 59.99999999999999,
            "Beta": 59.99999999999999,
            "Gamma": 60.00000000000001,
            "Volume": 1161.2627901639548,
            "Initial Temperature": 300,
            "Run time": 1000
        }
    ],
    "Simulation output": [
        {
            "Mean Square Displacement": 0.05283182331506515,
            "Self diffusion coefficient": 0.001100662985730524,
            "Lindemann Criterion": 0.0821112033223645,
            "Specific Heat": 63.541780265241506,
            "Internal Temperature": 156.63175396974924,
            "Cohesive Energy": 0.07530971534126606,
            "Internal Pressure": 2.547732758131152e-06,
            "Bulk_modulus": null,
            "Lattice constant": 0
        }
    ]
}