{
    "Simulation input": [
        {
            "Chemical formula": "Al125Cu125",
            "Database": "Materials Project",
            "Potential": "EMT",
            "Integrator": "Velocity-Verlet",
            "Lattice structure": "CUB(a=14.9875)",
            "a": 14.987545,
            "b": 14.987545,
            "c": 14.987545,
            "Alpha": 90.0,
            "Beta": 90.0,
            "Gamma": 90.0,
            "Volume": 3366.5998537840187,
            "Initial Temperature": 300,
            "Run time": 1000
        }
    ],
    "Simulation output": [
        {
            "Mean Square Displacement": 0.09665150587171803,
            "Self diffusion coefficient": 0.0020135730389941255,
            "Lindemann Criterion": 0.12446395494469953,
            "Specific Heat": 275.503235507452,
            "Internal Temperature": 178.97690686516933,
            "Cohesive Energy": 0.18816537013670867,
            "Internal Pressure": 9.94957472025871e-07,
            "Bulk_modulus": 59.9027193314574,
            "Lattice constant": 0
        }
    ]
}