{
    "Simulation input": [
        {
            "Chemical formula": "Au499Pt",
            "Database": "ASE",
            "Potential": "EMT_Asap_Standard_JacobsenStoltzeNorskov_1996_AlAgAuCuNiPdPt__MO_115316750986_001",
            "Integrator": "Velocity-Verlet",
            "Lattice structure": "CUB(a=20.4)",
            "a": 20.4,
            "b": 20.4,
            "c": 20.4,
            "Alpha": 90.0,
            "Beta": 90.0,
            "Gamma": 90.0,
            "Volume": 8489.664,
            "Initial Temperature": 400,
            "Run time": 3000
        }
    ],
    "Simulation output": [
        {
            "Mean Square Displacement": 0.11647086018038849,
            "Self diffusion coefficient": 0.0006932789296451696,
            "Lindemann Criterion": 0.13385287007707533,
            "Specific Heat": 63.31304538239699,
            "Internal Temperature": 408.396493388256,
            "Cohesive Energy": 3.744586660248126,
            "Internal Pressure": -1.3782522990615857e-06,
            "Bulk_modulus": 168.85373207226152,
            "Lattice constant": 3.8073118842989633
        }
    ]
}