{
    "Simulation input": [
        {
            "Chemical formula": "Au500",
            "Database": "ASE",
            "Potential": "EMT_Asap_Standard_JacobsenStoltzeNorskov_1996_AlAgAuCuNiPdPt__MO_115316750986_001",
            "Integrator": "Velocity-Verlet",
            "Lattice structure": "CUB(a=20.4)",
            "a": 20.4,
            "b": 20.4,
            "c": 20.4,
            "Alpha": 90.0,
            "Beta": 90.0,
            "Gamma": 90.0,
            "Volume": 8489.664,
            "Initial Temperature": 1000,
            "Run time": 3000
        }
    ],
    "Simulation output": [
        {
            "Mean Square Displacement": 0.15762898802773487,
            "Self diffusion coefficient": 0.0009382677858793742,
            "Lindemann Criterion": 0.15812803105786785,
            "Specific Heat": 63.31183511429655,
            "Internal Temperature": 672.9124848452265,
            "Cohesive Energy": 3.709914697133946,
            "Internal Pressure": -2.623644288632244e-06,
            "Bulk_modulus": 164.0954628171607,
            "Lattice constant": 3.8073118842989633
        }
    ]
}