{
    "Simulation input": [
        {
            "Chemical formula": "Al125Ni375",
            "Database": "Materials Project",
            "Potential": "EMT",
            "Integrator": "Velocity-Verlet",
            "Lattice structure": "CUB(a=17.8054)",
            "a": 17.80542,
            "b": 17.80542,
            "c": 17.80542,
            "Alpha": 90.0,
            "Beta": 90.0,
            "Gamma": 90.0,
            "Volume": 5644.905387258983,
            "Initial Temperature": 300,
            "Run time": 3000
        }
    ],
    "Simulation output": [
        {
            "Mean Square Displacement": 0.01721704843081497,
            "Self diffusion coefficient": 0.0001024824311358034,
            "Lindemann Criterion": 0.052795786553291375,
            "Specific Heat": 245.64578303477325,
            "Internal Temperature": 152.1533477797031,
            "Cohesive Energy": 0.29607652852922073,
            "Internal Pressure": -1.2871263570125463e-07,
            "Bulk_modulus": 103.78364083645653,
            "Lattice constant": 3.7486362256057384
        }
    ]
}