{
    "Simulation input": [
        {
            "Chemical formula": "Au375Cu124Ni",
            "Database": "Materials Project",
            "Potential": "EMT",
            "Integrator": "Velocity-Verlet",
            "Lattice structure": "CUB(a=20.2664)",
            "a": 20.26643,
            "b": 20.26643,
            "c": 20.26643,
            "Alpha": 90.0,
            "Beta": 90.0,
            "Gamma": 90.0,
            "Volume": 8323.994009212862,
            "Initial Temperature": 300,
            "Run time": 1000
        }
    ],
    "Simulation output": [
        {
            "Mean Square Displacement": 0.07482823373755026,
            "Self diffusion coefficient": 0.001558921536198964,
            "Lindemann Criterion": 0.10331202693948838,
            "Specific Heat": 76.22361676459381,
            "Internal Temperature": 213.61218743806523,
            "Cohesive Energy": 0.0760176977765536,
            "Internal Pressure": -7.958323520907081e-06,
            "Bulk_modulus": 155.63813761314577,
            "Lattice constant": 0
        }
    ]
}