{
    "Simulation input": [
        {
            "Chemical formula": "AlCu124",
            "Database": "Materials Project",
            "Potential": "EMT",
            "Integrator": "Velocity-Verlet",
            "Lattice structure": "FCC(a=18.1063)",
            "a": 12.8030946,
            "b": 12.8030946,
            "c": 12.8030946,
            "Alpha": 60.00000000000001,
            "Beta": 60.00000000000001,
            "Gamma": 60.00000000000001,
            "Volume": 1483.9862107102726,
            "Initial Temperature": 300,
            "Run time": 1000
        }
    ],
    "Simulation output": [
        {
            "Mean Square Displacement": 0.022009504644702117,
            "Self diffusion coefficient": 0.00045853134676462746,
            "Lindemann Criterion": 0.059986905781994775,
            "Specific Heat": 197.14826512791905,
            "Internal Temperature": 166.49949599126737,
            "Cohesive Energy": 0.020621271200478724,
            "Internal Pressure": -7.611506916817134e-07,
            "Bulk_modulus": 123.50002873073076,
            "Lattice constant": 0
        }
    ]
}