{
    "Simulation input": [
        {
            "Chemical formula": "AuPt499",
            "Database": "ASE",
            "Potential": "EMT_Asap_Standard_JacobsenStoltzeNorskov_1996_AlAgAuCuNiPdPt__MO_115316750986_001",
            "Integrator": "Velocity-Verlet",
            "Lattice structure": "CUB(a=19.6)",
            "a": 19.6,
            "b": 19.6,
            "c": 19.6,
            "Alpha": 90.0,
            "Beta": 90.0,
            "Gamma": 90.0,
            "Volume": 7529.536000000013,
            "Initial Temperature": 700,
            "Run time": 3000
        }
    ],
    "Simulation output": [
        {
            "Mean Square Displacement": 0.10607747022287535,
            "Self diffusion coefficient": 0.0006314135132314009,
            "Lindemann Criterion": 0.12903748365141568,
            "Specific Heat": 63.92156335758076,
            "Internal Temperature": 628.4042841216628,
            "Cohesive Energy": 5.755729857480547,
            "Internal Pressure": -1.3125103187269002e-05,
            "Bulk_modulus": 266.7386499664438,
            "Lattice constant": 3.763694624804003
        }
    ]
}