{
    "Simulation input": [
        {
            "Chemical formula": "Ni125",
            "Database": "Materials Project",
            "Potential": "EMT",
            "Integrator": "Velocity-Verlet",
            "Lattice structure": "FCC(a=18.2055)",
            "a": 12.87321335550288,
            "b": 12.87321335550288,
            "c": 12.87321335550288,
            "Alpha": 59.99999999999999,
            "Beta": 59.99999999999999,
            "Gamma": 59.99999999999999,
            "Volume": 1508.50204608357,
            "Initial Temperature": 300,
            "Run time": 1000
        }
    ],
    "Simulation output": [
        {
            "Mean Square Displacement": 0.011846092766046689,
            "Self diffusion coefficient": 0.00024679359929263937,
            "Lindemann Criterion": 0.04333850817341173,
            "Specific Heat": 212.46536572775207,
            "Internal Temperature": 151.92538866705613,
            "Cohesive Energy": 0.10235805319473434,
            "Internal Pressure": 1.403003855031004e-06,
            "Bulk_modulus": 169.52385965982816,
            "Lattice constant": 2.574642671100576
        }
    ]
}