{
    "Simulation input": [
        {
            "Chemical formula": "Ag125Al374",
            "Database": "Materials Project",
            "Potential": "EMT",
            "Integrator": "Velocity-Verlet",
            "Lattice structure": "CUB(a=20.4076)",
            "a": 20.407565,
            "b": 20.407565,
            "c": 20.407565,
            "Alpha": 90.0,
            "Beta": 90.0,
            "Gamma": 90.0,
            "Volume": 8499.11225406152,
            "Initial Temperature": 300,
            "Run time": 1000
        }
    ],
    "Simulation output": [
        {
            "Mean Square Displacement": 0.0823890835514255,
            "Self diffusion coefficient": 0.001716439240654698,
            "Lindemann Criterion": 0.10432773514991077,
            "Specific Heat": 263.9570454365956,
            "Internal Temperature": 374.682496525792,
            "Cohesive Energy": 0.020558901533824753,
            "Internal Pressure": 2.0762127464491485e-06,
            "Bulk_modulus": 45.470038812046,
            "Lattice constant": 0
        }
    ]
}