{
    "Simulation input": [
        {
            "Chemical formula": "Al125Pd375",
            "Database": "Materials Project",
            "Potential": "EMT",
            "Integrator": "Velocity-Verlet",
            "Lattice structure": "CUB(a=19.5469)",
            "a": 19.54693,
            "b": 19.54693,
            "c": 19.54693,
            "Alpha": 90.0,
            "Beta": 90.0,
            "Gamma": 90.0,
            "Volume": 7468.539342716455,
            "Initial Temperature": 300,
            "Run time": 1000
        }
    ],
    "Simulation output": [
        {
            "Mean Square Displacement": 0.019684862045632585,
            "Self diffusion coefficient": 0.0004101012926173455,
            "Lindemann Criterion": 0.052548660397134975,
            "Specific Heat": 144.06492045376618,
            "Internal Temperature": 145.49943971728456,
            "Cohesive Energy": 0.06361109388630735,
            "Internal Pressure": 4.168819824795707e-06,
            "Bulk_modulus": 114.21623661790225,
            "Lattice constant": 0
        }
    ]
}