{
    "Simulation input": [
        {
            "Chemical formula": "Ag500",
            "Database": "ASE",
            "Potential": "EMT_Asap_Standard_JacobsenStoltzeNorskov_1996_AlAgAuCuNiPdPt__MO_115316750986_001",
            "Integrator": "Velocity-Verlet",
            "Lattice structure": "CUB(a=20.45)",
            "a": 20.45,
            "b": 20.45,
            "c": 20.45,
            "Alpha": 90.0,
            "Beta": 90.0,
            "Gamma": 90.0,
            "Volume": 8552.241125000002,
            "Initial Temperature": 300,
            "Run time": 3000
        }
    ],
    "Simulation output": [
        {
            "Mean Square Displacement": 0.027621673652717865,
            "Self diffusion coefficient": 0.00016441472412332062,
            "Lindemann Criterion": 0.06048816306549677,
            "Specific Heat": 115.60696238147302,
            "Internal Temperature": 149.49484473146453,
            "Cohesive Energy": 2.939338005576088,
            "Internal Pressure": 2.6057910448338873e-07,
            "Bulk_modulus": 95.13974559650873,
            "Lattice constant": 3.8347786021727415
        }
    ]
}