{
    "Simulation input": [
        {
            "Chemical formula": "Ag375Au125",
            "Database": "Materials Project",
            "Potential": "EMT",
            "Integrator": "Velocity-Verlet",
            "Lattice structure": "CUB(a=20.8081)",
            "a": 20.808144999999996,
            "b": 20.808144999999996,
            "c": 20.808144999999996,
            "Alpha": 90.0,
            "Beta": 90.0,
            "Gamma": 90.0,
            "Volume": 9009.487698620313,
            "Initial Temperature": 300,
            "Run time": 3000
        }
    ],
    "Simulation output": [
        {
            "Mean Square Displacement": 0.048475414570041876,
            "Self diffusion coefficient": 0.0002885441343454874,
            "Lindemann Criterion": 0.07766941639808427,
            "Specific Heat": 95.82025038778019,
            "Internal Temperature": 152.12803883435208,
            "Cohesive Energy": 0.05116810022364055,
            "Internal Pressure": -2.1119804716354083e-07,
            "Bulk_modulus": 110.86340674269051,
            "Lattice constant": 3.7486362256057384
        }
    ]
}