{
    "Simulation input": [
        {
            "Chemical formula": "AlCu499",
            "Database": "ASE",
            "Potential": "EMT_Asap_Standard_JacobsenStoltzeNorskov_1996_AlAgAuCuNiPdPt__MO_115316750986_001",
            "Integrator": "Velocity-Verlet",
            "Lattice structure": "CUB(a=18.05)",
            "a": 18.05,
            "b": 18.05,
            "c": 18.05,
            "Alpha": 90.0,
            "Beta": 90.0,
            "Gamma": 90.0,
            "Volume": 5880.735125000003,
            "Initial Temperature": 800,
            "Run time": 3000
        }
    ],
    "Simulation output": [
        {
            "Mean Square Displacement": 0.12403332419806318,
            "Self diffusion coefficient": 0.0007382935964170427,
            "Lindemann Criterion": 0.14280730283559612,
            "Specific Heat": 196.4668484025083,
            "Internal Temperature": 496.18831743394566,
            "Cohesive Energy": 3.441748938314445,
            "Internal Pressure": 2.5706086880430845e-06,
            "Bulk_modulus": 120.23369133406808,
            "Lattice constant": 3.58690945865129
        }
    ]
}