{
    "Simulation input": [
        {
            "Chemical formula": "Al250Au125",
            "Database": "Materials Project",
            "Potential": "EMT",
            "Integrator": "Langevin",
            "Lattice structure": "FCC(a=30.3168)",
            "a": 21.4372007,
            "b": 21.4372007,
            "c": 21.437200699999998,
            "Alpha": 59.999999999999986,
            "Beta": 59.999999999999986,
            "Gamma": 59.99999999999999,
            "Volume": 6966.092291278917,
            "Initial Temperature": 300,
            "Run time": 1000
        }
    ],
    "Simulation output": [
        {
            "Mean Square Displacement": 2.0112296072479228,
            "Self diffusion coefficient": 0.041900616817665055,
            "Lindemann Criterion": 0.5591740251470863,
            "Specific Heat": 11270311406.77163,
            "Internal Temperature": 316.37512945742793,
            "Cohesive Energy": 0.28079630207364803,
            "Internal Pressure": 8.971150438910365e-06,
            "Bulk_modulus": 53.01340040542464,
            "Lattice constant": 0
        }
    ]
}