{
    "Simulation input": [
        {
            "Chemical formula": "Ag124Au375Pd",
            "Database": "Materials Project",
            "Potential": "EMT",
            "Integrator": "Velocity-Verlet",
            "Lattice structure": "CUB(a=20.8511)",
            "a": 20.851065000000002,
            "b": 20.851065000000002,
            "c": 20.851065000000002,
            "Alpha": 90.0,
            "Beta": 90.0,
            "Gamma": 90.0,
            "Volume": 9065.353134334478,
            "Initial Temperature": 300,
            "Run time": 1000
        }
    ],
    "Simulation output": [
        {
            "Mean Square Displacement": 0.060685514896685444,
            "Self diffusion coefficient": 0.0012642815603476135,
            "Lindemann Criterion": 0.09041798521049163,
            "Specific Heat": 71.38577237027536,
            "Internal Temperature": 156.11368827812913,
            "Cohesive Energy": 0.06842149781517562,
            "Internal Pressure": -4.10568597770108e-06,
            "Bulk_modulus": 149.79251853955245,
            "Lattice constant": 4.170213
        }
    ]
}