{
    "Simulation input": [
        {
            "Chemical formula": "Ni499Pt",
            "Database": "ASE",
            "Potential": "EMT_Asap_Standard_JacobsenStoltzeNorskov_1996_AlAgAuCuNiPdPt__MO_115316750986_001",
            "Integrator": "Velocity-Verlet",
            "Lattice structure": "CUB(a=17.6)",
            "a": 17.6,
            "b": 17.6,
            "c": 17.6,
            "Alpha": 90.0,
            "Beta": 90.0,
            "Gamma": 90.0,
            "Volume": 5451.776,
            "Initial Temperature": 900,
            "Run time": 3000
        }
    ],
    "Simulation output": [
        {
            "Mean Square Displacement": 0.0893804906216883,
            "Self diffusion coefficient": 0.0005320267298910018,
            "Lindemann Criterion": 0.12626807445474694,
            "Specific Heat": 211.48249192639443,
            "Internal Temperature": 704.5970994045649,
            "Cohesive Energy": 4.349851448996049,
            "Internal Pressure": 4.6734177804780685e-06,
            "Bulk_modulus": 160.43851259560097,
            "Lattice constant": 3.4914114204442335
        }
    ]
}