{
    "Simulation input": [
        {
            "Chemical formula": "Au375Pd125",
            "Database": "Materials Project",
            "Potential": "EMT",
            "Integrator": "Langevin",
            "Lattice structure": "CUB(a=20.5786)",
            "a": 20.578590000000002,
            "b": 20.578590000000002,
            "c": 20.578590000000002,
            "Alpha": 90.0,
            "Beta": 90.0,
            "Gamma": 90.0,
            "Volume": 8714.587675770497,
            "Initial Temperature": 300,
            "Run time": 1000
        }
    ],
    "Simulation output": [
        {
            "Mean Square Displacement": 0.009840447858239657,
            "Self diffusion coefficient": 0.00020500933037999284,
            "Lindemann Criterion": 0.03499646583896697,
            "Specific Heat": 21055261531.15946,
            "Internal Temperature": 33.75645500201726,
            "Cohesive Energy": 0.055682720596168155,
            "Internal Pressure": 2.3645424851500967e-07,
            "Bulk_modulus": 174.20454372797911,
            "Lattice constant": 4.115718
        }
    ]
}