{
    "Simulation input": [
        {
            "Chemical formula": "Al125",
            "Database": "Materials Project",
            "Potential": "EMT",
            "Integrator": "Velocity-Verlet",
            "Lattice structure": "FCC(a=20.1946)",
            "a": 14.279773950000001,
            "b": 14.279773950000001,
            "c": 14.279773950000001,
            "Alpha": 59.99999999999999,
            "Beta": 59.99999999999999,
            "Gamma": 59.99999999999999,
            "Volume": 2058.965169334094,
            "Initial Temperature": 20,
            "Run time": 1000
        }
    ],
    "Simulation output": [
        {
            "Mean Square Displacement": 0.002350435061733432,
            "Self diffusion coefficient": 4.89673971194465e-05,
            "Lindemann Criterion": 0.017254540590001238,
            "Specific Heat": 462.1795268220531,
            "Internal Temperature": 10.276618233736905,
            "Cohesive Energy": 0.001382016168129102,
            "Internal Pressure": -3.3198213464637645e-07,
            "Bulk_modulus": 36.083314512750405,
            "Lattice constant": 0
        }
    ]
}