{
    "Simulation input": [
        {
            "Chemical formula": "AuCu374Pt125",
            "Database": "Materials Project",
            "Potential": "EMT",
            "Integrator": "Velocity-Verlet",
            "Lattice structure": "CUB(a=18.6144)",
            "a": 18.614425,
            "b": 18.614425,
            "c": 18.614425,
            "Alpha": 90.0,
            "Beta": 90.0,
            "Gamma": 90.0,
            "Volume": 6449.83903290044,
            "Initial Temperature": 300,
            "Run time": 1000
        }
    ],
    "Simulation output": [
        {
            "Mean Square Displacement": 0.04691647505100271,
            "Self diffusion coefficient": 0.0009774265635625564,
            "Lindemann Criterion": 0.08643949845454516,
            "Specific Heat": 128.9623352479289,
            "Internal Temperature": 308.7627350381194,
            "Cohesive Energy": 0.042133670499503284,
            "Internal Pressure": -6.827315800653889e-06,
            "Bulk_modulus": 156.20191601927127,
            "Lattice constant": 0
        }
    ]
}