{
    "Simulation input": [
        {
            "Chemical formula": "Au375Cu124Pd",
            "Database": "Materials Project",
            "Potential": "EMT",
            "Integrator": "Velocity-Verlet",
            "Lattice structure": "CUB(a=20.2664)",
            "a": 20.26643,
            "b": 20.26643,
            "c": 20.26643,
            "Alpha": 90.0,
            "Beta": 90.0,
            "Gamma": 90.0,
            "Volume": 8323.994009212862,
            "Initial Temperature": 300,
            "Run time": 1000
        }
    ],
    "Simulation output": [
        {
            "Mean Square Displacement": 0.09890346735108363,
            "Self diffusion coefficient": 0.0020604889031475755,
            "Lindemann Criterion": 0.11828897026465789,
            "Specific Heat": 76.17917013139588,
            "Internal Temperature": 294.3404273146585,
            "Cohesive Energy": 0.08584296127201047,
            "Internal Pressure": -8.24257494353238e-06,
            "Bulk_modulus": 153.75005277821782,
            "Lattice constant": 0
        }
    ]
}