{
    "Simulation input": [
        {
            "Chemical formula": "AlCu124",
            "Database": "Materials Project",
            "Potential": "EMT",
            "Integrator": "Velocity-Verlet",
            "Lattice structure": "FCC(a=18.1063)",
            "a": 12.8030946,
            "b": 12.8030946,
            "c": 12.8030946,
            "Alpha": 60.00000000000001,
            "Beta": 60.00000000000001,
            "Gamma": 60.00000000000001,
            "Volume": 1483.9862107102726,
            "Initial Temperature": 300,
            "Run time": 1000
        }
    ],
    "Simulation output": [
        {
            "Mean Square Displacement": 0.020197405080645176,
            "Self diffusion coefficient": 0.00042077927251344115,
            "Lindemann Criterion": 0.05746334079149708,
            "Specific Heat": 197.14826515175986,
            "Internal Temperature": 148.61177705338537,
            "Cohesive Energy": 0.01830183544525183,
            "Internal Pressure": 4.60495998433797e-06,
            "Bulk_modulus": 123.97608123006607,
            "Lattice constant": 2.56061892
        }
    ]
}