{
    "Simulation input": [
        {
            "Chemical formula": "Ag500",
            "Database": "ASE",
            "Potential": "EMT_Asap_Standard_JacobsenStoltzeNorskov_1996_AlAgAuCuNiPdPt__MO_115316750986_001",
            "Integrator": "Velocity-Verlet",
            "Lattice structure": "CUB(a=20.45)",
            "a": 20.45,
            "b": 20.45,
            "c": 20.45,
            "Alpha": 90.0,
            "Beta": 90.0,
            "Gamma": 90.0,
            "Volume": 8552.241125000002,
            "Initial Temperature": 800,
            "Run time": 3000
        }
    ],
    "Simulation output": [
        {
            "Mean Square Displacement": 0.09063006478302671,
            "Self diffusion coefficient": 0.0005394646713275399,
            "Lindemann Criterion": 0.10922928841716938,
            "Specific Heat": 115.60696238148867,
            "Internal Temperature": 407.49550264721637,
            "Cohesive Energy": 2.907135817980346,
            "Internal Pressure": -2.5559639185335517e-07,
            "Bulk_modulus": 92.07843831662218,
            "Lattice constant": 3.8347786021727415
        }
    ]
}