{
    "Simulation input": [
        {
            "Chemical formula": "Au125Pd375",
            "Database": "Materials Project",
            "Potential": "EMT",
            "Integrator": "Velocity-Verlet",
            "Lattice structure": "CUB(a=19.8728)",
            "a": 19.87282503712361,
            "b": 19.87282503712361,
            "c": 19.87282503712361,
            "Alpha": 90.0,
            "Beta": 90.0,
            "Gamma": 90.0,
            "Volume": 7848.358395958685,
            "Initial Temperature": 300,
            "Run time": 1000
        }
    ],
    "Simulation output": [
        {
            "Mean Square Displacement": 0.030812492150283612,
            "Self diffusion coefficient": 0.0006419269197975753,
            "Lindemann Criterion": 0.06570215572062697,
            "Specific Heat": 96.62668041083137,
            "Internal Temperature": 161.67464680763172,
            "Cohesive Energy": 0.04055099510795197,
            "Internal Pressure": -3.100241343168956e-07,
            "Bulk_modulus": 173.112577354523,
            "Lattice constant": 3.9745650074247223
        }
    ]
}