{
    "Simulation input": [
        {
            "Chemical formula": "Cu125Pt875",
            "Database": "Materials Project",
            "Potential": "EMT",
            "Integrator": "Velocity-Verlet",
            "Lattice structure": "FCC(a=39.3945)",
            "a": 27.856103949999998,
            "b": 27.85610395,
            "c": 27.856103949999998,
            "Alpha": 59.99999999999999,
            "Beta": 59.99999999999999,
            "Gamma": 60.00000000000001,
            "Volume": 15284.320131081178,
            "Initial Temperature": 20,
            "Run time": 1000
        }
    ],
    "Simulation output": [
        {
            "Mean Square Displacement": 0.0014788978490298144,
            "Self diffusion coefficient": 3.08103718547878e-05,
            "Lindemann Criterion": 0.013981255952218514,
            "Specific Heat": 69.8062739365993,
            "Internal Temperature": 10.360041149677473,
            "Cohesive Energy": 0.015309387519418068,
            "Internal Pressure": 1.816914579014732e-07,
            "Bulk_modulus": 261.54709635189135,
            "Lattice constant": 5.57122079
        }
    ]
}