{
    "Simulation input": [
        {
            "Chemical formula": "Al499Au2000Ni",
            "Database": "Materials Project",
            "Potential": "EMT",
            "Integrator": "Velocity-Verlet",
            "Lattice structure": "CUB(a=35.2732)",
            "a": 35.27325,
            "b": 35.27325,
            "c": 35.27325,
            "Alpha": 90.0,
            "Beta": 90.0,
            "Gamma": 90.0,
            "Volume": 43887.05403642744,
            "Initial Temperature": 300,
            "Run time": 1000
        }
    ],
    "Simulation output": [
        {
            "Mean Square Displacement": 0.1256616638032768,
            "Self diffusion coefficient": 0.0026179513292349335,
            "Lindemann Criterion": 0.13785854759276747,
            "Specific Heat": 76.51333271228498,
            "Internal Temperature": 269.50021015379974,
            "Cohesive Energy": 0.09026500986042656,
            "Internal Pressure": -8.355915610723076e-06,
            "Bulk_modulus": 121.13456445768698,
            "Lattice constant": 0
        }
    ]
}