{
    "Simulation input": [
        {
            "Chemical formula": "Pd500",
            "Database": "ASE",
            "Potential": "EMT_Asap_Standard_JacobsenStoltzeNorskov_1996_AlAgAuCuNiPdPt__MO_115316750986_001",
            "Integrator": "Velocity-Verlet",
            "Lattice structure": "CUB(a=19.45)",
            "a": 19.45,
            "b": 19.45,
            "c": 19.45,
            "Alpha": 90.0,
            "Beta": 90.0,
            "Gamma": 90.0,
            "Volume": 7357.983625000011,
            "Initial Temperature": 300,
            "Run time": 3000
        }
    ],
    "Simulation output": [
        {
            "Mean Square Displacement": 0.013473190130703888,
            "Self diffusion coefficient": 8.019756030180886e-05,
            "Lindemann Criterion": 0.04394548665947148,
            "Specific Heat": 117.18018172857232,
            "Internal Temperature": 140.00661291538194,
            "Cohesive Energy": 3.881743539737138,
            "Internal Pressure": -2.6746898105465537e-08,
            "Bulk_modulus": 177.07752525624488,
            "Lattice constant": 3.7486362256057384
        }
    ]
}