{
    "Simulation input": [
        {
            "Chemical formula": "Pd124",
            "Database": "Materials Project",
            "Potential": "EMT",
            "Integrator": "Velocity-Verlet",
            "Lattice structure": "FCC(a=19.7853)",
            "a": 13.990340999999999,
            "b": 13.990340999999999,
            "c": 13.990340999999999,
            "Alpha": 59.99999999999999,
            "Beta": 59.99999999999999,
            "Gamma": 59.99999999999999,
            "Volume": 1936.287770389967,
            "Initial Temperature": 300,
            "Run time": 1000
        }
    ],
    "Simulation output": [
        {
            "Mean Square Displacement": 0.06222960626207537,
            "Self diffusion coefficient": 0.0012964501304599035,
            "Lindemann Criterion": 0.09259583670853667,
            "Specific Heat": 117.18017939364145,
            "Internal Temperature": 421.00390436240025,
            "Cohesive Energy": 0.08692507695550902,
            "Internal Pressure": 3.548361962828103e-06,
            "Bulk_modulus": 168.32829012893467,
            "Lattice constant": 0
        }
    ]
}