{
    "Simulation input": [
        {
            "Chemical formula": "Ag499Pd",
            "Database": "ASE",
            "Potential": "EMT_Asap_Standard_JacobsenStoltzeNorskov_1996_AlAgAuCuNiPdPt__MO_115316750986_001",
            "Integrator": "Velocity-Verlet",
            "Lattice structure": "CUB(a=20.45)",
            "a": 20.45,
            "b": 20.45,
            "c": 20.45,
            "Alpha": 90.0,
            "Beta": 90.0,
            "Gamma": 90.0,
            "Volume": 8552.241125000002,
            "Initial Temperature": 1000,
            "Run time": 3000
        }
    ],
    "Simulation output": [
        {
            "Mean Square Displacement": 0.15167387354162726,
            "Self diffusion coefficient": 0.0009028206758430194,
            "Lindemann Criterion": 0.14349675534423517,
            "Specific Heat": 115.61006666058084,
            "Internal Temperature": 624.2406948984324,
            "Cohesive Energy": 2.8745696746144906,
            "Internal Pressure": -4.921099073399209e-06,
            "Bulk_modulus": 89.2568957068096,
            "Lattice constant": 3.8347786021727415
        }
    ]
}