{
    "Simulation input": [
        {
            "Chemical formula": "AgAl499",
            "Database": "ASE",
            "Potential": "EMT_Asap_Standard_JacobsenStoltzeNorskov_1996_AlAgAuCuNiPdPt__MO_115316750986_001",
            "Integrator": "Velocity-Verlet",
            "Lattice structure": "CUB(a=20.25)",
            "a": 20.25,
            "b": 20.25,
            "c": 20.25,
            "Alpha": 90.0,
            "Beta": 90.0,
            "Gamma": 90.0,
            "Volume": 8303.765624999998,
            "Initial Temperature": 1200,
            "Run time": 3000
        }
    ],
    "Simulation output": [
        {
            "Mean Square Displacement": 0.2857042933283381,
            "Self diffusion coefficient": 0.00170062079362106,
            "Lindemann Criterion": 0.19898227367900598,
            "Specific Heat": 459.42495966873196,
            "Internal Temperature": 677.4516067044808,
            "Cohesive Energy": 3.187237017982876,
            "Internal Pressure": -7.066826350016925e-07,
            "Bulk_modulus": 33.40594108612442,
            "Lattice constant": 3.9156921639693607
        }
    ]
}