{
    "Simulation input": [
        {
            "Chemical formula": "Pd499Pt",
            "Database": "ASE",
            "Potential": "EMT_Asap_Standard_JacobsenStoltzeNorskov_1996_AlAgAuCuNiPdPt__MO_115316750986_001",
            "Integrator": "Velocity-Verlet",
            "Lattice structure": "CUB(a=19.45)",
            "a": 19.45,
            "b": 19.45,
            "c": 19.45,
            "Alpha": 90.0,
            "Beta": 90.0,
            "Gamma": 90.0,
            "Volume": 7357.983625000011,
            "Initial Temperature": 800,
            "Run time": 3000
        }
    ],
    "Simulation output": [
        {
            "Mean Square Displacement": 0.1192162793651979,
            "Self diffusion coefficient": 0.0007096207105071303,
            "Lindemann Criterion": 0.1375807821735562,
            "Specific Heat": 116.98524881933041,
            "Internal Temperature": 673.6754425291407,
            "Cohesive Energy": 3.809984034903073,
            "Internal Pressure": 1.0253308011049707e-06,
            "Bulk_modulus": 167.8654960237282,
            "Lattice constant": 3.7486362256057384
        }
    ]
}