{
    "Simulation input": [
        {
            "Chemical formula": "NiPd499",
            "Database": "ASE",
            "Potential": "EMT_Asap_Standard_JacobsenStoltzeNorskov_1996_AlAgAuCuNiPdPt__MO_115316750986_001",
            "Integrator": "Velocity-Verlet",
            "Lattice structure": "CUB(a=19.45)",
            "a": 19.45,
            "b": 19.45,
            "c": 19.45,
            "Alpha": 90.0,
            "Beta": 90.0,
            "Gamma": 90.0,
            "Volume": 7357.983625000011,
            "Initial Temperature": 400,
            "Run time": 3000
        }
    ],
    "Simulation output": [
        {
            "Mean Square Displacement": 0.032919557527178865,
            "Self diffusion coefficient": 0.00019594974718558847,
            "Lindemann Criterion": 0.06943506340329098,
            "Specific Heat": 117.28538060936194,
            "Internal Temperature": 255.29713846209398,
            "Cohesive Energy": 3.8602984841158943,
            "Internal Pressure": -5.614426164794948e-07,
            "Bulk_modulus": 173.92264274628843,
            "Lattice constant": 3.7486362256057384
        }
    ]
}