{
    "Simulation input": [
        {
            "Chemical formula": "Al124Pt125",
            "Database": "Materials Project",
            "Potential": "EMT",
            "Integrator": "Velocity-Verlet",
            "Lattice structure": "CUB(a=15.4577)",
            "a": 15.457730000000002,
            "b": 15.457730000000002,
            "c": 15.457730000000002,
            "Alpha": 90.0,
            "Beta": 90.0,
            "Gamma": 90.0,
            "Volume": 3693.491905983805,
            "Initial Temperature": 300,
            "Run time": 1000
        }
    ],
    "Simulation output": [
        {
            "Mean Square Displacement": 0.6354765990464732,
            "Self diffusion coefficient": 0.013239095813468193,
            "Lindemann Criterion": 0.3239277639882693,
            "Specific Heat": 111.9716130931319,
            "Internal Temperature": 774.8514351078737,
            "Cohesive Energy": 0.277649812756953,
            "Internal Pressure": -3.7273923278910154e-06,
            "Bulk_modulus": 101.76034593382583,
            "Lattice constant": 0
        }
    ]
}