{
    "Simulation input": [
        {
            "Chemical formula": "Cu500",
            "Database": "ASE",
            "Potential": "EMT_Asap_Standard_JacobsenStoltzeNorskov_1996_AlAgAuCuNiPdPt__MO_115316750986_001",
            "Integrator": "Velocity-Verlet",
            "Lattice structure": "CUB(a=18.05)",
            "a": 18.05,
            "b": 18.05,
            "c": 18.05,
            "Alpha": 90.0,
            "Beta": 90.0,
            "Gamma": 90.0,
            "Volume": 5880.735125000003,
            "Initial Temperature": 800,
            "Run time": 3000
        }
    ],
    "Simulation output": [
        {
            "Mean Square Displacement": 0.049192595207095936,
            "Self diffusion coefficient": 0.0002928130667089044,
            "Lindemann Criterion": 0.09347838916092152,
            "Specific Heat": 196.24075377770302,
            "Internal Temperature": 423.21126291401646,
            "Cohesive Energy": 3.4613883964819867,
            "Internal Pressure": 1.5028026148188862e-07,
            "Bulk_modulus": 122.1344429261241,
            "Lattice constant": 3.5869094586514447
        }
    ]
}