{
    "Simulation input": [
        {
            "Chemical formula": "Ag375Pt125",
            "Database": "Materials Project",
            "Potential": "EMT",
            "Integrator": "Velocity-Verlet",
            "Lattice structure": "CUB(a=20.52)",
            "a": 20.52002,
            "b": 20.52002,
            "c": 20.52002,
            "Alpha": 90.0,
            "Beta": 90.0,
            "Gamma": 90.0,
            "Volume": 8640.389872248625,
            "Initial Temperature": 20,
            "Run time": 1000
        }
    ],
    "Simulation output": [
        {
            "Mean Square Displacement": 0.002466450607006676,
            "Self diffusion coefficient": 5.138438764597242e-05,
            "Lindemann Criterion": 0.017213231030129506,
            "Specific Heat": 96.1680277980375,
            "Internal Temperature": 9.99571999430139,
            "Cohesive Energy": 0.0698117172488463,
            "Internal Pressure": -3.180650561260744e-07,
            "Bulk_modulus": 131.22327259567,
            "Lattice constant": 0
        }
    ]
}