{
    "Simulation input": [
        {
            "Chemical formula": "Ag124Ni",
            "Database": "Materials Project",
            "Potential": "EMT",
            "Integrator": "Velocity-Verlet",
            "Lattice structure": "FCC(a=16.6422)",
            "a": 11.767806800000002,
            "b": 11.7678068,
            "c": 11.7678068,
            "Alpha": 59.999999999999986,
            "Beta": 59.99999999999999,
            "Gamma": 59.99999999999999,
            "Volume": 1152.3159974732619,
            "Initial Temperature": 300,
            "Run time": 1000
        }
    ],
    "Simulation output": [
        {
            "Mean Square Displacement": 0.03046565785890121,
            "Self diffusion coefficient": 0.0006347012053937752,
            "Lindemann Criterion": 0.062348011084088016,
            "Specific Heat": 116.0301252706492,
            "Internal Temperature": 176.59435221120873,
            "Cohesive Energy": 0.051697132100566666,
            "Internal Pressure": -7.06895482379833e-07,
            "Bulk_modulus": null,
            "Lattice constant": 0
        }
    ]
}