{
    "Simulation input": [
        {
            "Chemical formula": "Al250Pt125",
            "Database": "Materials Project",
            "Potential": "EMT",
            "Integrator": "Langevin",
            "Lattice structure": "FCC(a=29.7438)",
            "a": 21.032021450000002,
            "b": 21.032021450000002,
            "c": 21.03202145,
            "Alpha": 59.999999999999986,
            "Beta": 59.999999999999986,
            "Gamma": 59.99999999999999,
            "Volume": 6578.517741046045,
            "Initial Temperature": 300,
            "Run time": 1000
        }
    ],
    "Simulation output": [
        {
            "Mean Square Displacement": 4.0428842150908775,
            "Self diffusion coefficient": 0.08422675448105994,
            "Lindemann Criterion": 0.8158020074253467,
            "Specific Heat": 2707494650.775382,
            "Internal Temperature": 1093.004289340661,
            "Cohesive Energy": 0.39652026699856335,
            "Internal Pressure": 1.9752088175167768e-06,
            "Bulk_modulus": 64.77087376345597,
            "Lattice constant": 4.20640429
        }
    ]
}