{
    "Simulation input": [
        {
            "Chemical formula": "Ag374NiPt125",
            "Database": "Materials Project",
            "Potential": "EMT",
            "Integrator": "Velocity-Verlet",
            "Lattice structure": "CUB(a=20.52)",
            "a": 20.52002,
            "b": 20.52002,
            "c": 20.52002,
            "Alpha": 90.0,
            "Beta": 90.0,
            "Gamma": 90.0,
            "Volume": 8640.389872248625,
            "Initial Temperature": 300,
            "Run time": 1000
        }
    ],
    "Simulation output": [
        {
            "Mean Square Displacement": 0.05028135068297621,
            "Self diffusion coefficient": 0.0010475281392286712,
            "Lindemann Criterion": 0.08205393608005067,
            "Specific Heat": 96.24102161865785,
            "Internal Temperature": 204.2232125966975,
            "Cohesive Energy": 0.10075691725426297,
            "Internal Pressure": -4.578159694652013e-06,
            "Bulk_modulus": 126.65934852046284,
            "Lattice constant": 0
        }
    ]
}