{
    "Simulation input": [
        {
            "Chemical formula": "Ag125Al374Pt",
            "Database": "Materials Project",
            "Potential": "EMT",
            "Integrator": "Velocity-Verlet",
            "Lattice structure": "CUB(a=20.4076)",
            "a": 20.407565,
            "b": 20.407565,
            "c": 20.407565,
            "Alpha": 90.0,
            "Beta": 90.0,
            "Gamma": 90.0,
            "Volume": 8499.11225406152,
            "Initial Temperature": 300,
            "Run time": 1000
        }
    ],
    "Simulation output": [
        {
            "Mean Square Displacement": 0.09822546265897342,
            "Self diffusion coefficient": 0.0020463638053952794,
            "Lindemann Criterion": 0.11630481819216346,
            "Specific Heat": 262.3153135640649,
            "Internal Temperature": 242.32406521260205,
            "Cohesive Energy": 0.006494501295435757,
            "Internal Pressure": -2.6137050164349235e-06,
            "Bulk_modulus": 46.1966000481718,
            "Lattice constant": 4.081513
        }
    ]
}