{
    "Simulation input": [
        {
            "Chemical formula": "Ni374Pt125",
            "Database": "Materials Project",
            "Potential": "EMT",
            "Integrator": "Velocity-Verlet",
            "Lattice structure": "CUB(a=18.2425)",
            "a": 18.24251,
            "b": 18.24251,
            "c": 18.24251,
            "Alpha": 90.0,
            "Beta": 90.0,
            "Gamma": 90.0,
            "Volume": 6070.909781685288,
            "Initial Temperature": 300,
            "Run time": 1000
        }
    ],
    "Simulation output": [
        {
            "Mean Square Displacement": 0.06277344468518016,
            "Self diffusion coefficient": 0.00130778009760792,
            "Lindemann Criterion": 0.10243287769644208,
            "Specific Heat": 134.29246094190154,
            "Internal Temperature": 723.9213174617825,
            "Cohesive Energy": 0.007392424305506125,
            "Internal Pressure": 6.222104643700573e-06,
            "Bulk_modulus": 176.90854314803528,
            "Lattice constant": 0
        }
    ]
}