{
    "Simulation input": [
        {
            "Chemical formula": "Al124NiPd375",
            "Database": "Materials Project",
            "Potential": "EMT",
            "Integrator": "Velocity-Verlet",
            "Lattice structure": "CUB(a=19.5469)",
            "a": 19.54693,
            "b": 19.54693,
            "c": 19.54693,
            "Alpha": 90.0,
            "Beta": 90.0,
            "Gamma": 90.0,
            "Volume": 7468.539342716455,
            "Initial Temperature": 300,
            "Run time": 1000
        }
    ],
    "Simulation output": [
        {
            "Mean Square Displacement": 0.04828307826537892,
            "Self diffusion coefficient": 0.001005897463862061,
            "Lindemann Criterion": 0.08486902826897062,
            "Specific Heat": 143.9594398281802,
            "Internal Temperature": 234.74378851707485,
            "Cohesive Energy": 0.08153167908383112,
            "Internal Pressure": -9.563367078865043e-06,
            "Bulk_modulus": 113.4382736282638,
            "Lattice constant": 0
        }
    ]
}