{
    "Simulation input": [
        {
            "Chemical formula": "AlPd499",
            "Database": "ASE",
            "Potential": "EMT_Asap_Standard_JacobsenStoltzeNorskov_1996_AlAgAuCuNiPdPt__MO_115316750986_001",
            "Integrator": "Velocity-Verlet",
            "Lattice structure": "CUB(a=19.45)",
            "a": 19.45,
            "b": 19.45,
            "c": 19.45,
            "Alpha": 90.0,
            "Beta": 90.0,
            "Gamma": 90.0,
            "Volume": 7357.983625000011,
            "Initial Temperature": 700,
            "Run time": 3000
        }
    ],
    "Simulation output": [
        {
            "Mean Square Displacement": 0.07114669728371927,
            "Self diffusion coefficient": 0.0004234922457364242,
            "Lindemann Criterion": 0.10292941214363907,
            "Specific Heat": 117.35538434429984,
            "Internal Temperature": 422.1673370061348,
            "Cohesive Energy": 3.83597754735527,
            "Internal Pressure": -3.0075540381774906e-07,
            "Bulk_modulus": 170.55398193140167,
            "Lattice constant": 3.7486362256057384
        }
    ]
}