{
    "Simulation input": [
        {
            "Chemical formula": "CuNi499",
            "Database": "ASE",
            "Potential": "EMT_Asap_Standard_JacobsenStoltzeNorskov_1996_AlAgAuCuNiPdPt__MO_115316750986_001",
            "Integrator": "Velocity-Verlet",
            "Lattice structure": "CUB(a=17.6)",
            "a": 17.6,
            "b": 17.6,
            "c": 17.6,
            "Alpha": 90.0,
            "Beta": 90.0,
            "Gamma": 90.0,
            "Volume": 5451.776,
            "Initial Temperature": 1300,
            "Run time": 3000
        }
    ],
    "Simulation output": [
        {
            "Mean Square Displacement": 0.07801194652402832,
            "Self diffusion coefficient": 0.0004643568245477876,
            "Lindemann Criterion": 0.1211376616688137,
            "Specific Heat": 212.4302436314333,
            "Internal Temperature": 769.6702429320661,
            "Cohesive Energy": 4.335255186100217,
            "Internal Pressure": 6.049723365324597e-06,
            "Bulk_modulus": 159.8758501379961,
            "Lattice constant": 3.4914114204442335
        }
    ]
}