{
    "Simulation input": [
        {
            "Chemical formula": "Ag499Pd",
            "Database": "ASE",
            "Potential": "EMT_Asap_Standard_JacobsenStoltzeNorskov_1996_AlAgAuCuNiPdPt__MO_115316750986_001",
            "Integrator": "Velocity-Verlet",
            "Lattice structure": "CUB(a=20.45)",
            "a": 20.45,
            "b": 20.45,
            "c": 20.45,
            "Alpha": 90.0,
            "Beta": 90.0,
            "Gamma": 90.0,
            "Volume": 8552.241125000002,
            "Initial Temperature": 1300,
            "Run time": 3000
        }
    ],
    "Simulation output": [
        {
            "Mean Square Displacement": 0.22480692407035963,
            "Self diffusion coefficient": 0.0013381364527997597,
            "Lindemann Criterion": 0.18045914096857812,
            "Specific Heat": 115.61006666057071,
            "Internal Temperature": 800.1325782285933,
            "Cohesive Energy": 2.853286238642978,
            "Internal Pressure": -4.74815353522292e-06,
            "Bulk_modulus": 87.93930032111828,
            "Lattice constant": 3.8347786021727415
        }
    ]
}