{
    "Simulation input": [
        {
            "Chemical formula": "Al4000Ni3000",
            "Database": "Materials Project",
            "Potential": "EMT",
            "Integrator": "Velocity-Verlet",
            "Lattice structure": "BCC(a=62.3898)",
            "a": 54.03118067597681,
            "b": 54.031180675976806,
            "c": 54.03118067597682,
            "Alpha": 109.47122062999999,
            "Beta": 109.47122063,
            "Gamma": 109.47122063,
            "Volume": 121425.94233586383,
            "Initial Temperature": 300,
            "Run time": 1000
        }
    ],
    "Simulation output": [
        {
            "Mean Square Displacement": 4.374064567505822,
            "Self diffusion coefficient": 0.09112634515637129,
            "Lindemann Criterion": 0.840877798092672,
            "Specific Heat": 307.3600409138026,
            "Internal Temperature": 1512.666122807236,
            "Cohesive Energy": 0.5256659592025346,
            "Internal Pressure": 2.3891592186256757e-06,
            "Bulk_modulus": 50.41537795032752,
            "Lattice constant": 10.806236135195363
        }
    ]
}