{
    "Simulation input": [
        {
            "Chemical formula": "Au375Ni124Pt",
            "Database": "Materials Project",
            "Potential": "EMT",
            "Integrator": "Velocity-Verlet",
            "Lattice structure": "CUB(a=20.1408)",
            "a": 20.14084,
            "b": 20.14084,
            "c": 20.14084,
            "Alpha": 90.0,
            "Beta": 90.0,
            "Gamma": 90.0,
            "Volume": 8170.200948024946,
            "Initial Temperature": 300,
            "Run time": 1000
        }
    ],
    "Simulation output": [
        {
            "Mean Square Displacement": 0.10263543583238327,
            "Self diffusion coefficient": 0.002138238246507985,
            "Lindemann Criterion": 0.12048776070881115,
            "Specific Heat": 76.65970260634543,
            "Internal Temperature": 353.5434583296771,
            "Cohesive Energy": 0.15130201864567397,
            "Internal Pressure": -5.15535235192624e-06,
            "Bulk_modulus": 158.82602986057478,
            "Lattice constant": 0
        }
    ]
}