{
    "Simulation input": [
        {
            "Chemical formula": "Pd124",
            "Database": "Materials Project",
            "Potential": "EMT",
            "Integrator": "Velocity-Verlet",
            "Lattice structure": "FCC(a=19.7853)",
            "a": 13.990340999999999,
            "b": 13.990340999999999,
            "c": 13.990340999999999,
            "Alpha": 59.99999999999999,
            "Beta": 59.99999999999999,
            "Gamma": 59.99999999999999,
            "Volume": 1936.287770389967,
            "Initial Temperature": 300,
            "Run time": 1000
        }
    ],
    "Simulation output": [
        {
            "Mean Square Displacement": 0.06101961901608975,
            "Self diffusion coefficient": 0.001271242062835203,
            "Lindemann Criterion": 0.09286108176180138,
            "Specific Heat": 117.18017939949956,
            "Internal Temperature": 422.3921314630237,
            "Cohesive Energy": 0.08715758409670847,
            "Internal Pressure": -5.144852950104248e-06,
            "Bulk_modulus": 169.35739563525837,
            "Lattice constant": 0
        }
    ]
}