{
    "Simulation input": [
        {
            "Chemical formula": "AlPd499",
            "Database": "ASE",
            "Potential": "EMT_Asap_Standard_JacobsenStoltzeNorskov_1996_AlAgAuCuNiPdPt__MO_115316750986_001",
            "Integrator": "Velocity-Verlet",
            "Lattice structure": "CUB(a=19.45)",
            "a": 19.45,
            "b": 19.45,
            "c": 19.45,
            "Alpha": 90.0,
            "Beta": 90.0,
            "Gamma": 90.0,
            "Volume": 7357.983625000011,
            "Initial Temperature": 1200,
            "Run time": 3000
        }
    ],
    "Simulation output": [
        {
            "Mean Square Displacement": 0.08489939824885931,
            "Self diffusion coefficient": 0.0005053535610051149,
            "Lindemann Criterion": 0.11380623260970502,
            "Specific Heat": 117.3553843442905,
            "Internal Temperature": 673.3700844566013,
            "Cohesive Energy": 3.805562804550767,
            "Internal Pressure": -1.6175322369888898e-06,
            "Bulk_modulus": 166.8491525637298,
            "Lattice constant": 3.7486362256057384
        }
    ]
}