{
    "Simulation input": [
        {
            "Chemical formula": "Al500",
            "Database": "ASE",
            "Potential": "EMT_Asap_Standard_JacobsenStoltzeNorskov_1996_AlAgAuCuNiPdPt__MO_115316750986_001",
            "Integrator": "Velocity-Verlet",
            "Lattice structure": "CUB(a=20.25)",
            "a": 20.25,
            "b": 20.25,
            "c": 20.25,
            "Alpha": 90.0,
            "Beta": 90.0,
            "Gamma": 90.0,
            "Volume": 8303.765624999998,
            "Initial Temperature": 1000,
            "Run time": 3000
        }
    ],
    "Simulation output": [
        {
            "Mean Square Displacement": 0.15470807535586198,
            "Self diffusion coefficient": 0.0009208814009277499,
            "Lindemann Criterion": 0.14258282629317365,
            "Specific Heat": 462.17953581699226,
            "Internal Temperature": 480.593624769226,
            "Cohesive Energy": 3.219303943066783,
            "Internal Pressure": 5.096906460375826e-07,
            "Bulk_modulus": 34.20746128917943,
            "Lattice constant": 3.915692163969525
        }
    ]
}