{
    "Simulation input": [
        {
            "Chemical formula": "AgPt499",
            "Database": "ASE",
            "Potential": "EMT_Asap_Standard_JacobsenStoltzeNorskov_1996_AlAgAuCuNiPdPt__MO_115316750986_001",
            "Integrator": "Velocity-Verlet",
            "Lattice structure": "CUB(a=19.6)",
            "a": 19.6,
            "b": 19.6,
            "c": 19.6,
            "Alpha": 90.0,
            "Beta": 90.0,
            "Gamma": 90.0,
            "Volume": 7529.536000000013,
            "Initial Temperature": 1100,
            "Run time": 3000
        }
    ],
    "Simulation output": [
        {
            "Mean Square Displacement": 0.11345906671665693,
            "Self diffusion coefficient": 0.0006753515875991484,
            "Lindemann Criterion": 0.13475670032752698,
            "Specific Heat": 63.98000386499962,
            "Internal Temperature": 833.7663847185046,
            "Cohesive Energy": 5.729729923300458,
            "Internal Pressure": -1.2754337967450426e-05,
            "Bulk_modulus": 263.0362555673171,
            "Lattice constant": 3.763694624804003
        }
    ]
}