{
    "Simulation input": [
        {
            "Chemical formula": "Al374Pd125",
            "Database": "Materials Project",
            "Potential": "EMT",
            "Integrator": "Velocity-Verlet",
            "Lattice structure": "CUB(a=19.7345)",
            "a": 19.73455,
            "b": 19.73455,
            "c": 19.73455,
            "Alpha": 90.0,
            "Beta": 90.0,
            "Gamma": 90.0,
            "Volume": 7685.669117560159,
            "Initial Temperature": 300,
            "Run time": 1000
        }
    ],
    "Simulation output": [
        {
            "Mean Square Displacement": 0.08317827488916407,
            "Self diffusion coefficient": 0.0017328807268575848,
            "Lindemann Criterion": 0.10972168416838875,
            "Specific Heat": 265.9996055189092,
            "Internal Temperature": 454.32995550571303,
            "Cohesive Energy": 0.09641613329185436,
            "Internal Pressure": -1.6073858317455682e-06,
            "Bulk_modulus": 53.01010829506815,
            "Lattice constant": 0
        }
    ]
}