{
    "Simulation input": [
        {
            "Chemical formula": "Au500",
            "Database": "ASE",
            "Potential": "EMT_Asap_Standard_JacobsenStoltzeNorskov_1996_AlAgAuCuNiPdPt__MO_115316750986_001",
            "Integrator": "Velocity-Verlet",
            "Lattice structure": "CUB(a=20.4)",
            "a": 20.4,
            "b": 20.4,
            "c": 20.4,
            "Alpha": 90.0,
            "Beta": 90.0,
            "Gamma": 90.0,
            "Volume": 8489.664,
            "Initial Temperature": 900,
            "Run time": 3000
        }
    ],
    "Simulation output": [
        {
            "Mean Square Displacement": 0.10098004897742684,
            "Self diffusion coefficient": 0.0006010717201037312,
            "Lindemann Criterion": 0.11668329047190569,
            "Specific Heat": 63.31183511429698,
            "Internal Temperature": 478.4241008067645,
            "Cohesive Energy": 3.739506833362453,
            "Internal Pressure": 1.824250772246107e-06,
            "Bulk_modulus": 168.3269288415115,
            "Lattice constant": 3.8073118842991214
        }
    ]
}