{
    "Simulation input": [
        {
            "Chemical formula": "Al124Cu375",
            "Database": "Materials Project",
            "Potential": "EMT",
            "Integrator": "Velocity-Verlet",
            "Lattice structure": "FCC(a=29.1847)",
            "a": 20.636671,
            "b": 20.636671000000003,
            "c": 20.636671,
            "Alpha": 60.00000000000001,
            "Beta": 59.99999999999999,
            "Gamma": 60.00000000000001,
            "Volume": 6214.4675359729545,
            "Initial Temperature": 300,
            "Run time": 1000
        }
    ],
    "Simulation output": [
        {
            "Mean Square Displacement": 0.13800112062442,
            "Self diffusion coefficient": 0.002875023346342083,
            "Lindemann Criterion": 0.1597718999939543,
            "Specific Heat": 228.9818450377397,
            "Internal Temperature": 593.2635709042717,
            "Cohesive Energy": 0.2096525909880937,
            "Internal Pressure": 5.468099722224823e-06,
            "Bulk_modulus": 81.17397710562048,
            "Lattice constant": 4.1273342
        }
    ]
}