{
    "Simulation input": [
        {
            "Chemical formula": "Ag500",
            "Database": "ASE",
            "Potential": "EMT_Asap_Standard_JacobsenStoltzeNorskov_1996_AlAgAuCuNiPdPt__MO_115316750986_001",
            "Integrator": "Velocity-Verlet",
            "Lattice structure": "CUB(a=20.45)",
            "a": 20.45,
            "b": 20.45,
            "c": 20.45,
            "Alpha": 90.0,
            "Beta": 90.0,
            "Gamma": 90.0,
            "Volume": 8552.241125000002,
            "Initial Temperature": 700,
            "Run time": 3000
        }
    ],
    "Simulation output": [
        {
            "Mean Square Displacement": 0.058641358838819005,
            "Self diffusion coefficient": 0.00034905570737392265,
            "Lindemann Criterion": 0.0904921714860829,
            "Specific Heat": 115.6069623814919,
            "Internal Temperature": 349.60290526113045,
            "Cohesive Energy": 2.9143666435787363,
            "Internal Pressure": -1.6857785392393772e-08,
            "Bulk_modulus": 92.79849480559645,
            "Lattice constant": 3.8347786021727415
        }
    ]
}