{
    "Simulation input": [
        {
            "Chemical formula": "Ag125Au375",
            "Database": "Materials Project",
            "Potential": "EMT",
            "Integrator": "Langevin",
            "Lattice structure": "CUB(a=20.8511)",
            "a": 20.851065000000002,
            "b": 20.851065000000002,
            "c": 20.851065000000002,
            "Alpha": 90.0,
            "Beta": 90.0,
            "Gamma": 90.0,
            "Volume": 9065.353134334478,
            "Initial Temperature": 300,
            "Run time": 1000
        }
    ],
    "Simulation output": [
        {
            "Mean Square Displacement": 0.011840964076760167,
            "Self diffusion coefficient": 0.00024668675159917014,
            "Lindemann Criterion": 0.03929813806334017,
            "Specific Heat": 19200403201.463295,
            "Internal Temperature": 34.18653868365445,
            "Cohesive Energy": 0.05371473758179257,
            "Internal Pressure": -1.3765341963579532e-06,
            "Bulk_modulus": 152.95321885169125,
            "Lattice constant": 4.170213
        }
    ]
}