{
    "Simulation input": [
        {
            "Chemical formula": "AgAl124",
            "Database": "Materials Project",
            "Potential": "EMT",
            "Integrator": "Velocity-Verlet",
            "Lattice structure": "FCC(a=20.1946)",
            "a": 14.279773950000001,
            "b": 14.279773950000001,
            "c": 14.279773950000001,
            "Alpha": 59.99999999999999,
            "Beta": 59.99999999999999,
            "Gamma": 59.99999999999999,
            "Volume": 2058.965169334094,
            "Initial Temperature": 300,
            "Run time": 1000
        }
    ],
    "Simulation output": [
        {
            "Mean Square Displacement": 0.03131109384608719,
            "Self diffusion coefficient": 0.0006523144551268165,
            "Lindemann Criterion": 0.06419835886370519,
            "Specific Heat": 451.3547681949993,
            "Internal Temperature": 142.19145287193254,
            "Cohesive Energy": 0.014335813123849813,
            "Internal Pressure": -4.1646271342063276e-07,
            "Bulk_modulus": 35.861303423417866,
            "Lattice constant": 0
        }
    ]
}