{
    "Simulation input": [
        {
            "Chemical formula": "Au375CuNi124",
            "Database": "Materials Project",
            "Potential": "EMT",
            "Integrator": "Velocity-Verlet",
            "Lattice structure": "CUB(a=20.1408)",
            "a": 20.14084,
            "b": 20.14084,
            "c": 20.14084,
            "Alpha": 90.0,
            "Beta": 90.0,
            "Gamma": 90.0,
            "Volume": 8170.200948024946,
            "Initial Temperature": 300,
            "Run time": 1000
        }
    ],
    "Simulation output": [
        {
            "Mean Square Displacement": 0.05173112100232007,
            "Self diffusion coefficient": 0.0010777316875483348,
            "Lindemann Criterion": 0.08537044908866086,
            "Specific Heat": 76.78387955820045,
            "Internal Temperature": 205.66712277557943,
            "Cohesive Energy": 0.13127838363137712,
            "Internal Pressure": -5.400718980532642e-06,
            "Bulk_modulus": 162.7462408217879,
            "Lattice constant": 4.028168
        }
    ]
}