{
    "Simulation input": [
        {
            "Chemical formula": "Al249Cu125",
            "Database": "Materials Project",
            "Potential": "EMT",
            "Integrator": "Velocity-Verlet",
            "Lattice structure": "FCC(a=28.8455)",
            "a": 20.396884,
            "b": 20.396884000000004,
            "c": 20.396884,
            "Alpha": 59.99999999999999,
            "Beta": 59.999999999999986,
            "Gamma": 59.99999999999999,
            "Volume": 6000.3485727212665,
            "Initial Temperature": 300,
            "Run time": 1000
        }
    ],
    "Simulation output": [
        {
            "Mean Square Displacement": 4.00551816702103,
            "Self diffusion coefficient": 0.08344829514627146,
            "Lindemann Criterion": 0.8580881073011094,
            "Specific Heat": 318.1017685428701,
            "Internal Temperature": 1340.7893706479756,
            "Cohesive Energy": 0.36948624626738746,
            "Internal Pressure": 1.1248109159641623e-06,
            "Bulk_modulus": 41.84422461556284,
            "Lattice constant": 4.0793768
        }
    ]
}