{
    "Simulation input": [
        {
            "Chemical formula": "Al499Au2000Pd",
            "Database": "Materials Project",
            "Potential": "EMT",
            "Integrator": "Velocity-Verlet",
            "Lattice structure": "CUB(a=35.2732)",
            "a": 35.27325,
            "b": 35.27325,
            "c": 35.27325,
            "Alpha": 90.0,
            "Beta": 90.0,
            "Gamma": 90.0,
            "Volume": 43887.05403642744,
            "Initial Temperature": 300,
            "Run time": 1000
        }
    ],
    "Simulation output": [
        {
            "Mean Square Displacement": 0.14113080902338931,
            "Self diffusion coefficient": 0.0029402251879872775,
            "Lindemann Criterion": 0.14223519522295125,
            "Specific Heat": 76.50437150676488,
            "Internal Temperature": 298.4453230693835,
            "Cohesive Energy": 0.09398367802976558,
            "Internal Pressure": -1.5884564038189587e-05,
            "Bulk_modulus": 120.57427942564641,
            "Lattice constant": 0
        }
    ]
}