{
    "Simulation input": [
        {
            "Chemical formula": "AgAl10499Pt2500",
            "Database": "Materials Project",
            "Potential": "EMT",
            "Integrator": "Velocity-Verlet",
            "Lattice structure": "FCC(a=94.5362)",
            "a": 66.84715275,
            "b": 66.84715275,
            "c": 66.84715274999999,
            "Alpha": 59.999999999999986,
            "Beta": 59.999999999999986,
            "Gamma": 59.99999999999999,
            "Volume": 211219.37045405942,
            "Initial Temperature": 300,
            "Run time": 1000
        }
    ],
    "Simulation output": [
        {
            "Mean Square Displacement": 0.1968639916789263,
            "Self diffusion coefficient": 0.004101333159977631,
            "Lindemann Criterion": 0.16801045722472946,
            "Specific Heat": 210.23825229408962,
            "Internal Temperature": 374.7576928146992,
            "Cohesive Energy": 0.09387933180951355,
            "Internal Pressure": -2.3607582047828278e-06,
            "Bulk_modulus": 55.452854994618406,
            "Lattice constant": 13.36943055
        }
    ]
}