{
    "Simulation input": [
        {
            "Chemical formula": "Ag499Cu",
            "Database": "ASE",
            "Potential": "EMT_Asap_Standard_JacobsenStoltzeNorskov_1996_AlAgAuCuNiPdPt__MO_115316750986_001",
            "Integrator": "Velocity-Verlet",
            "Lattice structure": "CUB(a=20.45)",
            "a": 20.45,
            "b": 20.45,
            "c": 20.45,
            "Alpha": 90.0,
            "Beta": 90.0,
            "Gamma": 90.0,
            "Volume": 8552.241125000002,
            "Initial Temperature": 1300,
            "Run time": 3000
        }
    ],
    "Simulation output": [
        {
            "Mean Square Displacement": 0.13453112129088618,
            "Self diffusion coefficient": 0.0008007804838743225,
            "Lindemann Criterion": 0.13764868178523304,
            "Specific Heat": 115.70204451240095,
            "Internal Temperature": 711.279150992516,
            "Cohesive Energy": 2.8641170738503368,
            "Internal Pressure": -2.4305237434741895e-06,
            "Bulk_modulus": 88.60379577610908,
            "Lattice constant": 3.8347786021727415
        }
    ]
}