{
    "Simulation input": [
        {
            "Chemical formula": "Au125Cu375",
            "Database": "Materials Project",
            "Potential": "EMT",
            "Integrator": "Velocity-Verlet",
            "Lattice structure": "CUB(a=18.8696)",
            "a": 18.869575,
            "b": 18.869575,
            "c": 18.869575,
            "Alpha": 90.0,
            "Beta": 90.0,
            "Gamma": 90.0,
            "Volume": 6718.717115177602,
            "Initial Temperature": 300,
            "Run time": 3000
        }
    ],
    "Simulation output": [
        {
            "Mean Square Displacement": 0.028652790111464987,
            "Self diffusion coefficient": 0.0001705523220920535,
            "Lindemann Criterion": 0.06685374614082033,
            "Specific Heat": 128.69110363412392,
            "Internal Temperature": 157.84602658905993,
            "Cohesive Energy": 0.020521725348141465,
            "Internal Pressure": 8.482380861414925e-07,
            "Bulk_modulus": 134.21114525620084,
            "Lattice constant": 3.7486362256057384
        }
    ]
}