{
    "Simulation input": [
        {
            "Chemical formula": "Al375Pd125",
            "Database": "Materials Project",
            "Potential": "EMT",
            "Integrator": "Langevin",
            "Lattice structure": "CUB(a=19.7345)",
            "a": 19.73455,
            "b": 19.73455,
            "c": 19.73455,
            "Alpha": 90.0,
            "Beta": 90.0,
            "Gamma": 90.0,
            "Volume": 7685.669117560159,
            "Initial Temperature": 300,
            "Run time": 1000
        }
    ],
    "Simulation output": [
        {
            "Mean Square Displacement": 0.0054385523914476045,
            "Self diffusion coefficient": 0.00011330317482182509,
            "Lindemann Criterion": 0.027101510525775613,
            "Specific Heat": 42647905936.40428,
            "Internal Temperature": 34.082897824484455,
            "Cohesive Energy": 0.04064680629962041,
            "Internal Pressure": -1.3537181592053428e-06,
            "Bulk_modulus": 54.7693293944601,
            "Lattice constant": 0
        }
    ]
}