{
    "Simulation input": [
        {
            "Chemical formula": "Au500",
            "Database": "ASE",
            "Potential": "EMT_Asap_Standard_JacobsenStoltzeNorskov_1996_AlAgAuCuNiPdPt__MO_115316750986_001",
            "Integrator": "Velocity-Verlet",
            "Lattice structure": "CUB(a=20.4)",
            "a": 20.4,
            "b": 20.4,
            "c": 20.4,
            "Alpha": 90.0,
            "Beta": 90.0,
            "Gamma": 90.0,
            "Volume": 8489.664,
            "Initial Temperature": 1100,
            "Run time": 3000
        }
    ],
    "Simulation output": [
        {
            "Mean Square Displacement": 0.11916493320260756,
            "Self diffusion coefficient": 0.0007093150785869497,
            "Lindemann Criterion": 0.1297345076657309,
            "Specific Heat": 63.311835114304884,
            "Internal Temperature": 553.2039674230963,
            "Cohesive Energy": 3.7308171939530155,
            "Internal Pressure": -9.601974123404965e-07,
            "Bulk_modulus": 166.48345754653505,
            "Lattice constant": 3.8073118842991214
        }
    ]
}