{
    "Simulation input": [
        {
            "Chemical formula": "AlCu499",
            "Database": "ASE",
            "Potential": "EMT_Asap_Standard_JacobsenStoltzeNorskov_1996_AlAgAuCuNiPdPt__MO_115316750986_001",
            "Integrator": "Velocity-Verlet",
            "Lattice structure": "CUB(a=18.05)",
            "a": 18.05,
            "b": 18.05,
            "c": 18.05,
            "Alpha": 90.0,
            "Beta": 90.0,
            "Gamma": 90.0,
            "Volume": 5880.735125000003,
            "Initial Temperature": 1300,
            "Run time": 3000
        }
    ],
    "Simulation output": [
        {
            "Mean Square Displacement": 0.13072696899610728,
            "Self diffusion coefficient": 0.0007781367202149243,
            "Lindemann Criterion": 0.15280362504479492,
            "Specific Heat": 196.4668484024883,
            "Internal Temperature": 747.3325453058608,
            "Cohesive Energy": 3.4095515215916317,
            "Internal Pressure": -9.94044508063153e-07,
            "Bulk_modulus": 117.62614643902027,
            "Lattice constant": 3.58690945865129
        }
    ]
}