{
    "Simulation input": [
        {
            "Chemical formula": "Al499Cu2000Ni",
            "Database": "Materials Project",
            "Potential": "EMT",
            "Integrator": "Velocity-Verlet",
            "Lattice structure": "CUB(a=31.4606)",
            "a": 31.460555,
            "b": 31.460555,
            "c": 31.460555,
            "Alpha": 90.0,
            "Beta": 90.0,
            "Gamma": 90.0,
            "Volume": 31138.60406818556,
            "Initial Temperature": 300,
            "Run time": 1000
        }
    ],
    "Simulation output": [
        {
            "Mean Square Displacement": 0.20062623889454986,
            "Self diffusion coefficient": 0.0041797133103031224,
            "Lindemann Criterion": 0.18696105135510366,
            "Specific Heat": 221.71107203200984,
            "Internal Temperature": 229.0809531811182,
            "Cohesive Energy": 0.20872222470225815,
            "Internal Pressure": -2.598548898463274e-07,
            "Bulk_modulus": 84.83143816028603,
            "Lattice constant": 0
        }
    ]
}