{
    "Simulation input": [
        {
            "Chemical formula": "Al124Ni125",
            "Database": "Materials Project",
            "Potential": "EMT",
            "Integrator": "Velocity-Verlet",
            "Lattice structure": "CUB(a=14.4395)",
            "a": 14.43951,
            "b": 14.43951,
            "c": 14.43951,
            "Alpha": 90.0,
            "Beta": 90.0,
            "Gamma": 90.0,
            "Volume": 3010.6298794090108,
            "Initial Temperature": 300,
            "Run time": 1000
        }
    ],
    "Simulation output": [
        {
            "Mean Square Displacement": 1.6002303507839757,
            "Self diffusion coefficient": 0.03333813230799949,
            "Lindemann Criterion": 0.5874093873960878,
            "Specific Heat": 290.67555389373314,
            "Internal Temperature": 1069.8207232987077,
            "Cohesive Energy": 0.48110610494994255,
            "Internal Pressure": 6.655076700916791e-07,
            "Bulk_modulus": 70.96578611948615,
            "Lattice constant": 2.887902
        }
    ]
}