{
    "Simulation input": [
        {
            "Chemical formula": "Al499Cu",
            "Database": "ASE",
            "Potential": "EMT_Asap_Standard_JacobsenStoltzeNorskov_1996_AlAgAuCuNiPdPt__MO_115316750986_001",
            "Integrator": "Velocity-Verlet",
            "Lattice structure": "CUB(a=20.25)",
            "a": 20.25,
            "b": 20.25,
            "c": 20.25,
            "Alpha": 90.0,
            "Beta": 90.0,
            "Gamma": 90.0,
            "Volume": 8303.765624999998,
            "Initial Temperature": 300,
            "Run time": 3000
        }
    ],
    "Simulation output": [
        {
            "Mean Square Displacement": 0.07818845365506513,
            "Self diffusion coefficient": 0.00046540746223253056,
            "Lindemann Criterion": 0.1034209546253882,
            "Specific Heat": 460.9302618503337,
            "Internal Temperature": 191.76149399405648,
            "Cohesive Energy": 3.2519735290993426,
            "Internal Pressure": 3.8114840034706224e-07,
            "Bulk_modulus": 35.219751082683324,
            "Lattice constant": 3.9156921639693607
        }
    ]
}