{
    "Simulation input": [
        {
            "Chemical formula": "Ag125Pt375",
            "Database": "Materials Project",
            "Potential": "EMT",
            "Integrator": "Velocity-Verlet",
            "Lattice structure": "CUB(a=19.9876)",
            "a": 19.98755094541539,
            "b": 19.98755094541539,
            "c": 19.98755094541539,
            "Alpha": 90.0,
            "Beta": 90.0,
            "Gamma": 90.0,
            "Volume": 7985.070431306721,
            "Initial Temperature": 300,
            "Run time": 1000
        }
    ],
    "Simulation output": [
        {
            "Mean Square Displacement": 0.02078300865635825,
            "Self diffusion coefficient": 0.00043297934700746357,
            "Lindemann Criterion": 0.052833911144181,
            "Specific Heat": 71.96624727220518,
            "Internal Temperature": 141.84161548332077,
            "Cohesive Energy": 0.07273377653845542,
            "Internal Pressure": 1.0801736693469584e-06,
            "Bulk_modulus": 219.01885385934497,
            "Lattice constant": 3.9975101890830778
        }
    ]
}