{
    "Simulation input": [
        {
            "Chemical formula": "Al500",
            "Database": "ASE",
            "Potential": "EMT_Asap_Standard_JacobsenStoltzeNorskov_1996_AlAgAuCuNiPdPt__MO_115316750986_001",
            "Integrator": "Velocity-Verlet",
            "Lattice structure": "CUB(a=20.25)",
            "a": 20.25,
            "b": 20.25,
            "c": 20.25,
            "Alpha": 90.0,
            "Beta": 90.0,
            "Gamma": 90.0,
            "Volume": 8303.765624999998,
            "Initial Temperature": 800,
            "Run time": 3000
        }
    ],
    "Simulation output": [
        {
            "Mean Square Displacement": 0.17008746904183442,
            "Self diffusion coefficient": 0.0010124254109633,
            "Lindemann Criterion": 0.15716275398544874,
            "Specific Heat": 462.1795358170323,
            "Internal Temperature": 443.00147882373375,
            "Cohesive Energy": 3.2192809494750576,
            "Internal Pressure": -1.0866593717025747e-07,
            "Bulk_modulus": 34.21690552535332,
            "Lattice constant": 3.9156921639693607
        }
    ]
}