{
    "Simulation input": [
        {
            "Chemical formula": "Ag124Au375",
            "Database": "Materials Project",
            "Potential": "EMT",
            "Integrator": "Velocity-Verlet",
            "Lattice structure": "CUB(a=20.8511)",
            "a": 20.851065000000002,
            "b": 20.851065000000002,
            "c": 20.851065000000002,
            "Alpha": 90.0,
            "Beta": 90.0,
            "Gamma": 90.0,
            "Volume": 9065.353134334478,
            "Initial Temperature": 300,
            "Run time": 1000
        }
    ],
    "Simulation output": [
        {
            "Mean Square Displacement": 0.10298851650479923,
            "Self diffusion coefficient": 0.002145594093849984,
            "Lindemann Criterion": 0.12015882561862729,
            "Specific Heat": 71.32990870564838,
            "Internal Temperature": 319.94680212530426,
            "Cohesive Energy": 0.0877207375195713,
            "Internal Pressure": 2.124518082921632e-06,
            "Bulk_modulus": 144.4527345801032,
            "Lattice constant": 0
        }
    ]
}