{
    "Simulation input": [
        {
            "Chemical formula": "Ag499Al",
            "Database": "ASE",
            "Potential": "EMT_Asap_Standard_JacobsenStoltzeNorskov_1996_AlAgAuCuNiPdPt__MO_115316750986_001",
            "Integrator": "Velocity-Verlet",
            "Lattice structure": "CUB(a=20.45)",
            "a": 20.45,
            "b": 20.45,
            "c": 20.45,
            "Alpha": 90.0,
            "Beta": 90.0,
            "Gamma": 90.0,
            "Volume": 8552.241125000002,
            "Initial Temperature": 300,
            "Run time": 3000
        }
    ],
    "Simulation output": [
        {
            "Mean Square Displacement": 0.04012393926664421,
            "Self diffusion coefficient": 0.00023883297182526316,
            "Lindemann Criterion": 0.07186705383762028,
            "Specific Heat": 115.78060218223946,
            "Internal Temperature": 197.8838528648569,
            "Cohesive Energy": 2.927418221523616,
            "Internal Pressure": -4.022270865055857e-06,
            "Bulk_modulus": 93.57092801728383,
            "Lattice constant": 3.8347786021727415
        }
    ]
}