{
    "Simulation input": [
        {
            "Chemical formula": "Al250Au125",
            "Database": "Materials Project",
            "Potential": "EMT",
            "Integrator": "Langevin",
            "Lattice structure": "FCC(a=30.3168)",
            "a": 21.4372007,
            "b": 21.4372007,
            "c": 21.437200699999998,
            "Alpha": 59.999999999999986,
            "Beta": 59.999999999999986,
            "Gamma": 59.99999999999999,
            "Volume": 6966.092291278917,
            "Initial Temperature": 300,
            "Run time": 1000
        }
    ],
    "Simulation output": [
        {
            "Mean Square Displacement": 1.9029750363384588,
            "Self diffusion coefficient": 0.03964531325705122,
            "Lindemann Criterion": 0.5697338310860789,
            "Specific Heat": 13367254086.077059,
            "Internal Temperature": 290.67822190440387,
            "Cohesive Energy": 0.28439331599472767,
            "Internal Pressure": 3.4585131676015315e-06,
            "Bulk_modulus": 52.95617298910517,
            "Lattice constant": 4.28744014
        }
    ]
}