{
    "Simulation input": [
        {
            "Chemical formula": "Ag374Au125Pt",
            "Database": "Materials Project",
            "Potential": "EMT",
            "Integrator": "Velocity-Verlet",
            "Lattice structure": "CUB(a=20.8081)",
            "a": 20.808144999999996,
            "b": 20.808144999999996,
            "c": 20.808144999999996,
            "Alpha": 90.0,
            "Beta": 90.0,
            "Gamma": 90.0,
            "Volume": 9009.487698620313,
            "Initial Temperature": 300,
            "Run time": 1000
        }
    ],
    "Simulation output": [
        {
            "Mean Square Displacement": 0.09717640482070672,
            "Self diffusion coefficient": 0.0020245084337647233,
            "Lindemann Criterion": 0.11471614661449829,
            "Specific Heat": 95.69199340623862,
            "Internal Temperature": 275.726055069921,
            "Cohesive Energy": 0.07062209912444464,
            "Internal Pressure": -1.4694324596532784e-06,
            "Bulk_modulus": 107.46486307173457,
            "Lattice constant": 4.161629
        }
    ]
}