{
    "Simulation input": [
        {
            "Chemical formula": "Al249Au125Ni",
            "Database": "Materials Project",
            "Potential": "EMT",
            "Integrator": "Velocity-Verlet",
            "Lattice structure": "FCC(a=30.3168)",
            "a": 21.4372007,
            "b": 21.4372007,
            "c": 21.437200699999998,
            "Alpha": 59.999999999999986,
            "Beta": 59.999999999999986,
            "Gamma": 59.99999999999999,
            "Volume": 6966.092291278917,
            "Initial Temperature": 300,
            "Run time": 1000
        }
    ],
    "Simulation output": [
        {
            "Mean Square Displacement": 3.2375266910285805,
            "Self diffusion coefficient": 0.0674484727297621,
            "Lindemann Criterion": 0.7321364542440125,
            "Specific Heat": 148.93879741071072,
            "Internal Temperature": 858.2515316757853,
            "Cohesive Energy": 0.24300792934346763,
            "Internal Pressure": 1.4503172479599432e-06,
            "Bulk_modulus": 52.36989740180841,
            "Lattice constant": 0
        }
    ]
}