{
    "Simulation input": [
        {
            "Chemical formula": "Ni124",
            "Database": "Materials Project",
            "Potential": "EMT",
            "Integrator": "Velocity-Verlet",
            "Lattice structure": "FCC(a=17.529)",
            "a": 12.3948677,
            "b": 12.394867699999999,
            "c": 12.394867699999999,
            "Alpha": 59.999999999999986,
            "Beta": 59.999999999999986,
            "Gamma": 59.999999999999986,
            "Volume": 1346.513428418923,
            "Initial Temperature": 300,
            "Run time": 1000
        }
    ],
    "Simulation output": [
        {
            "Mean Square Displacement": 0.04536600671932003,
            "Self diffusion coefficient": 0.0009451251399858339,
            "Lindemann Criterion": 0.09221018944016428,
            "Specific Heat": 212.4653656445701,
            "Internal Temperature": 799.7528058964207,
            "Cohesive Energy": 0.11562174827172651,
            "Internal Pressure": -1.5032441081441876e-06,
            "Bulk_modulus": 159.38177321797139,
            "Lattice constant": 2.47897354
        }
    ]
}