{
    "Simulation input": [
        {
            "Chemical formula": "Al499Au",
            "Database": "ASE",
            "Potential": "EMT_Asap_Standard_JacobsenStoltzeNorskov_1996_AlAgAuCuNiPdPt__MO_115316750986_001",
            "Integrator": "Velocity-Verlet",
            "Lattice structure": "CUB(a=20.25)",
            "a": 20.25,
            "b": 20.25,
            "c": 20.25,
            "Alpha": 90.0,
            "Beta": 90.0,
            "Gamma": 90.0,
            "Volume": 8303.765624999998,
            "Initial Temperature": 900,
            "Run time": 3000
        }
    ],
    "Simulation output": [
        {
            "Mean Square Displacement": 0.2325750544666861,
            "Self diffusion coefficient": 0.001384375324206465,
            "Lindemann Criterion": 0.18723580168057666,
            "Specific Heat": 456.428491556989,
            "Internal Temperature": 522.4202109170122,
            "Cohesive Energy": 3.2100286718226214,
            "Internal Pressure": -2.761321074644514e-07,
            "Bulk_modulus": 33.99723576653888,
            "Lattice constant": 3.9156921639693607
        }
    ]
}