{
    "Simulation input": [
        {
            "Chemical formula": "Cu374NiPd125",
            "Database": "Materials Project",
            "Potential": "EMT",
            "Integrator": "Velocity-Verlet",
            "Lattice structure": "CUB(a=18.5736)",
            "a": 18.573555,
            "b": 18.573555,
            "c": 18.573555,
            "Alpha": 90.0,
            "Beta": 90.0,
            "Gamma": 90.0,
            "Volume": 6407.448267967797,
            "Initial Temperature": 300,
            "Run time": 1000
        }
    ],
    "Simulation output": [
        {
            "Mean Square Displacement": 0.0290722605925465,
            "Self diffusion coefficient": 0.0006056720956780521,
            "Lindemann Criterion": 0.06800860690674446,
            "Specific Heat": 167.93952443255824,
            "Internal Temperature": 228.5694400454685,
            "Cohesive Energy": 0.011496052593708946,
            "Internal Pressure": 1.15118859130694e-06,
            "Bulk_modulus": 135.42332021202037,
            "Lattice constant": 0
        }
    ]
}