{
    "Simulation input": [
        {
            "Chemical formula": "Ag499Pd",
            "Database": "ASE",
            "Potential": "EMT_Asap_Standard_JacobsenStoltzeNorskov_1996_AlAgAuCuNiPdPt__MO_115316750986_001",
            "Integrator": "Velocity-Verlet",
            "Lattice structure": "CUB(a=20.45)",
            "a": 20.45,
            "b": 20.45,
            "c": 20.45,
            "Alpha": 90.0,
            "Beta": 90.0,
            "Gamma": 90.0,
            "Volume": 8552.241125000002,
            "Initial Temperature": 1200,
            "Run time": 3000
        }
    ],
    "Simulation output": [
        {
            "Mean Square Displacement": 0.1304408803756374,
            "Self diffusion coefficient": 0.0007764338117597464,
            "Lindemann Criterion": 0.13796247686257282,
            "Specific Heat": 115.6100666605677,
            "Internal Temperature": 710.1345667600883,
            "Cohesive Energy": 2.863748920908909,
            "Internal Pressure": -5.602950019733924e-06,
            "Bulk_modulus": 88.82945774518828,
            "Lattice constant": 3.8347786021727415
        }
    ]
}