{
    "Simulation input": [
        {
            "Chemical formula": "Al375Pd125",
            "Database": "Materials Project",
            "Potential": "EMT",
            "Integrator": "Velocity-Verlet",
            "Lattice structure": "CUB(a=19.7345)",
            "a": 19.73455,
            "b": 19.73455,
            "c": 19.73455,
            "Alpha": 90.0,
            "Beta": 90.0,
            "Gamma": 90.0,
            "Volume": 7685.669117560159,
            "Initial Temperature": 300,
            "Run time": 1000
        }
    ],
    "Simulation output": [
        {
            "Mean Square Displacement": 0.029040969505640283,
            "Self diffusion coefficient": 0.0006050201980341726,
            "Lindemann Criterion": 0.06547020785871152,
            "Specific Heat": 266.2256134583586,
            "Internal Temperature": 143.9225281725957,
            "Cohesive Energy": 0.05489991006454474,
            "Internal Pressure": 5.525819781877381e-07,
            "Bulk_modulus": 54.37428549031536,
            "Lattice constant": 0
        }
    ]
}