{
    "Simulation input": [
        {
            "Chemical formula": "Au375NiPd124",
            "Database": "Materials Project",
            "Potential": "EMT",
            "Integrator": "Velocity-Verlet",
            "Lattice structure": "CUB(a=20.5786)",
            "a": 20.578590000000002,
            "b": 20.578590000000002,
            "c": 20.578590000000002,
            "Alpha": 90.0,
            "Beta": 90.0,
            "Gamma": 90.0,
            "Volume": 8714.587675770497,
            "Initial Temperature": 300,
            "Run time": 1000
        }
    ],
    "Simulation output": [
        {
            "Mean Square Displacement": 0.06349493555553574,
            "Self diffusion coefficient": 0.0013228111574069947,
            "Lindemann Criterion": 0.09337508801953097,
            "Specific Heat": 71.57202975605868,
            "Internal Temperature": 199.64308058069474,
            "Cohesive Energy": 0.07921053903723982,
            "Internal Pressure": -6.917063641922246e-06,
            "Bulk_modulus": 167.83656888699497,
            "Lattice constant": 4.115718
        }
    ]
}