{
    "Simulation input": [
        {
            "Chemical formula": "Al125Ni125",
            "Database": "Materials Project",
            "Potential": "EMT",
            "Integrator": "Langevin",
            "Lattice structure": "CUB(a=14.4395)",
            "a": 14.43951,
            "b": 14.43951,
            "c": 14.43951,
            "Alpha": 90.0,
            "Beta": 90.0,
            "Gamma": 90.0,
            "Volume": 3010.6298794090108,
            "Initial Temperature": 300,
            "Run time": 1000
        }
    ],
    "Simulation output": [
        {
            "Mean Square Displacement": 1.8862678132731208,
            "Self diffusion coefficient": 0.03929724610985668,
            "Lindemann Criterion": 0.5767790169450444,
            "Specific Heat": 17476640487.11819,
            "Internal Temperature": 394.0754181124569,
            "Cohesive Energy": 0.3855141012196986,
            "Internal Pressure": 1.7166688984868363e-06,
            "Bulk_modulus": 73.75083319108337,
            "Lattice constant": 0
        }
    ]
}