{
    "Simulation input": [
        {
            "Chemical formula": "AlPd499",
            "Database": "ASE",
            "Potential": "EMT_Asap_Standard_JacobsenStoltzeNorskov_1996_AlAgAuCuNiPdPt__MO_115316750986_001",
            "Integrator": "Velocity-Verlet",
            "Lattice structure": "CUB(a=19.45)",
            "a": 19.45,
            "b": 19.45,
            "c": 19.45,
            "Alpha": 90.0,
            "Beta": 90.0,
            "Gamma": 90.0,
            "Volume": 7357.983625000011,
            "Initial Temperature": 600,
            "Run time": 3000
        }
    ],
    "Simulation output": [
        {
            "Mean Square Displacement": 0.05540205104191377,
            "Self diffusion coefficient": 0.00032977411334472485,
            "Lindemann Criterion": 0.091008290841,
            "Specific Heat": 117.3553843442741,
            "Internal Temperature": 365.95265118791417,
            "Cohesive Energy": 3.8429047051059855,
            "Internal Pressure": -6.94654130664451e-09,
            "Bulk_modulus": 171.4876533712569,
            "Lattice constant": 3.7486362256057384
        }
    ]
}