{
    "Simulation input": [
        {
            "Chemical formula": "AuCu125Pd124",
            "Database": "Materials Project",
            "Potential": "EMT",
            "Integrator": "Velocity-Verlet",
            "Lattice structure": "CUB(a=15.0907)",
            "a": 15.090655,
            "b": 15.090655,
            "c": 15.090655,
            "Alpha": 90.0,
            "Beta": 90.0,
            "Gamma": 90.0,
            "Volume": 3436.562694838742,
            "Initial Temperature": 300,
            "Run time": 1000
        }
    ],
    "Simulation output": [
        {
            "Mean Square Displacement": 0.1092633821981208,
            "Self diffusion coefficient": 0.00227632046246085,
            "Lindemann Criterion": 0.13444168208834018,
            "Specific Heat": 146.11620671476322,
            "Internal Temperature": 162.04463481253367,
            "Cohesive Energy": 0.012491517644411558,
            "Internal Pressure": 3.2930337716873197e-07,
            "Bulk_modulus": 145.50697801058573,
            "Lattice constant": 0
        }
    ]
}