{
    "Simulation input": [
        {
            "Chemical formula": "Au125Pd375",
            "Database": "Materials Project",
            "Potential": "EMT",
            "Integrator": "Langevin",
            "Lattice structure": "CUB(a=20.027)",
            "a": 20.026955,
            "b": 20.026955,
            "c": 20.026955,
            "Alpha": 90.0,
            "Beta": 90.0,
            "Gamma": 90.0,
            "Volume": 8032.389613906253,
            "Initial Temperature": 300,
            "Run time": 1000
        }
    ],
    "Simulation output": [
        {
            "Mean Square Displacement": 0.007296876334103928,
            "Self diffusion coefficient": 0.0001520182569604985,
            "Lindemann Criterion": 0.030707105277134456,
            "Specific Heat": 17887395134.131275,
            "Internal Temperature": 32.945212304435195,
            "Cohesive Energy": 0.04242896289094797,
            "Internal Pressure": -1.3717502253997596e-06,
            "Bulk_modulus": 175.49930273143065,
            "Lattice constant": 0
        }
    ]
}