{
    "Simulation input": [
        {
            "Chemical formula": "Ag499Pt",
            "Database": "ASE",
            "Potential": "EMT_Asap_Standard_JacobsenStoltzeNorskov_1996_AlAgAuCuNiPdPt__MO_115316750986_001",
            "Integrator": "Velocity-Verlet",
            "Lattice structure": "CUB(a=20.45)",
            "a": 20.45,
            "b": 20.45,
            "c": 20.45,
            "Alpha": 90.0,
            "Beta": 90.0,
            "Gamma": 90.0,
            "Volume": 8552.241125000002,
            "Initial Temperature": 900,
            "Run time": 3000
        }
    ],
    "Simulation output": [
        {
            "Mean Square Displacement": 0.14661707362576942,
            "Self diffusion coefficient": 0.0008727206763438656,
            "Lindemann Criterion": 0.14203504490808824,
            "Specific Heat": 115.42031839548144,
            "Internal Temperature": 662.4993256967676,
            "Cohesive Energy": 2.8737153306219536,
            "Internal Pressure": -5.624169318680029e-06,
            "Bulk_modulus": 89.39399285420807,
            "Lattice constant": 3.8347786021727415
        }
    ]
}