{
    "Simulation input": [
        {
            "Chemical formula": "AgAu125Cu374",
            "Database": "Materials Project",
            "Potential": "EMT",
            "Integrator": "Velocity-Verlet",
            "Lattice structure": "CUB(a=18.8696)",
            "a": 18.869575,
            "b": 18.869575,
            "c": 18.869575,
            "Alpha": 90.0,
            "Beta": 90.0,
            "Gamma": 90.0,
            "Volume": 6718.717115177602,
            "Initial Temperature": 300,
            "Run time": 1000
        }
    ],
    "Simulation output": [
        {
            "Mean Square Displacement": 0.04436185216411903,
            "Self diffusion coefficient": 0.0009242052534191464,
            "Lindemann Criterion": 0.08502880477021646,
            "Specific Heat": 128.5734854796675,
            "Internal Temperature": 292.55811276101696,
            "Cohesive Energy": 0.04257233027825942,
            "Internal Pressure": -1.5555577722561714e-05,
            "Bulk_modulus": 131.0485245863833,
            "Lattice constant": 0
        }
    ]
}