{
    "Simulation input": [
        {
            "Chemical formula": "Al499Pt",
            "Database": "ASE",
            "Potential": "EMT_Asap_Standard_JacobsenStoltzeNorskov_1996_AlAgAuCuNiPdPt__MO_115316750986_001",
            "Integrator": "Velocity-Verlet",
            "Lattice structure": "CUB(a=20.25)",
            "a": 20.25,
            "b": 20.25,
            "c": 20.25,
            "Alpha": 90.0,
            "Beta": 90.0,
            "Gamma": 90.0,
            "Volume": 8303.765624999998,
            "Initial Temperature": 1000,
            "Run time": 3000
        }
    ],
    "Simulation output": [
        {
            "Mean Square Displacement": 0.2827926230976457,
            "Self diffusion coefficient": 0.001683289423200272,
            "Lindemann Criterion": 0.1958572476228845,
            "Specific Heat": 456.4913999835497,
            "Internal Temperature": 606.0808962641049,
            "Cohesive Energy": 3.202422801737358,
            "Internal Pressure": 5.600319520040255e-08,
            "Bulk_modulus": 33.815166651992605,
            "Lattice constant": 3.9156921639693607
        }
    ]
}