{
    "Simulation input": [
        {
            "Chemical formula": "Al499CuPt500",
            "Database": "Materials Project",
            "Potential": "EMT",
            "Integrator": "Velocity-Verlet",
            "Lattice structure": "CUB(a=24.5872)",
            "a": 24.587245000000003,
            "b": 24.587245000000003,
            "c": 24.587245000000003,
            "Alpha": 90.0,
            "Beta": 90.0,
            "Gamma": 90.0,
            "Volume": 14863.791557048735,
            "Initial Temperature": 300,
            "Run time": 1000
        }
    ],
    "Simulation output": [
        {
            "Mean Square Displacement": 0.9973954380725015,
            "Self diffusion coefficient": 0.020779071626510447,
            "Lindemann Criterion": 0.40957298895249955,
            "Specific Heat": 112.27504946233205,
            "Internal Temperature": 510.01138309952717,
            "Cohesive Energy": 0.2900992349119581,
            "Internal Pressure": -8.005088128047441e-07,
            "Bulk_modulus": 102.66919829431124,
            "Lattice constant": 4.917449
        }
    ]
}