{
    "Simulation input": [
        {
            "Chemical formula": "Ag374AlAu125",
            "Database": "Materials Project",
            "Potential": "EMT",
            "Integrator": "Velocity-Verlet",
            "Lattice structure": "CUB(a=20.8081)",
            "a": 20.808144999999996,
            "b": 20.808144999999996,
            "c": 20.808144999999996,
            "Alpha": 90.0,
            "Beta": 90.0,
            "Gamma": 90.0,
            "Volume": 9009.487698620313,
            "Initial Temperature": 300,
            "Run time": 1000
        }
    ],
    "Simulation output": [
        {
            "Mean Square Displacement": 0.07441242235027544,
            "Self diffusion coefficient": 0.0015502587989640717,
            "Lindemann Criterion": 0.0963127940129686,
            "Specific Heat": 95.93950738591072,
            "Internal Temperature": 216.14792956119777,
            "Cohesive Energy": 0.06269898305440422,
            "Internal Pressure": -8.458216134091378e-07,
            "Bulk_modulus": 108.50042882870889,
            "Lattice constant": 0
        }
    ]
}