{
    "Simulation input": [
        {
            "Chemical formula": "Al499Au2000Pt",
            "Database": "Materials Project",
            "Potential": "EMT",
            "Integrator": "Velocity-Verlet",
            "Lattice structure": "CUB(a=35.2732)",
            "a": 35.27325,
            "b": 35.27325,
            "c": 35.27325,
            "Alpha": 90.0,
            "Beta": 90.0,
            "Gamma": 90.0,
            "Volume": 43887.05403642744,
            "Initial Temperature": 300,
            "Run time": 1000
        }
    ],
    "Simulation output": [
        {
            "Mean Square Displacement": 0.16386962517145115,
            "Self diffusion coefficient": 0.003413950524405232,
            "Lindemann Criterion": 0.1519657296616526,
            "Specific Heat": 76.48772941506648,
            "Internal Temperature": 316.9904198301144,
            "Cohesive Energy": 0.09675889051252821,
            "Internal Pressure": -1.6643539453673243e-05,
            "Bulk_modulus": 120.50757989623814,
            "Lattice constant": 7.05465
        }
    ]
}