{
    "Simulation input": [
        {
            "Chemical formula": "AuCu499",
            "Database": "ASE",
            "Potential": "EMT_Asap_Standard_JacobsenStoltzeNorskov_1996_AlAgAuCuNiPdPt__MO_115316750986_001",
            "Integrator": "Velocity-Verlet",
            "Lattice structure": "CUB(a=18.05)",
            "a": 18.05,
            "b": 18.05,
            "c": 18.05,
            "Alpha": 90.0,
            "Beta": 90.0,
            "Gamma": 90.0,
            "Volume": 5880.735125000003,
            "Initial Temperature": 1100,
            "Run time": 3000
        }
    ],
    "Simulation output": [
        {
            "Mean Square Displacement": 0.1460395511975597,
            "Self diffusion coefficient": 0.0008692830428426174,
            "Lindemann Criterion": 0.1586262910751387,
            "Specific Heat": 195.42014925472304,
            "Internal Temperature": 732.7215051841589,
            "Cohesive Energy": 3.413357922681448,
            "Internal Pressure": 7.011417334983864e-07,
            "Bulk_modulus": 118.04713943521666,
            "Lattice constant": 3.58690945865129
        }
    ]
}