{
    "Simulation input": [
        {
            "Chemical formula": "Au375Ni124Pd",
            "Database": "Materials Project",
            "Potential": "EMT",
            "Integrator": "Velocity-Verlet",
            "Lattice structure": "CUB(a=20.1408)",
            "a": 20.14084,
            "b": 20.14084,
            "c": 20.14084,
            "Alpha": 90.0,
            "Beta": 90.0,
            "Gamma": 90.0,
            "Volume": 8170.200948024946,
            "Initial Temperature": 300,
            "Run time": 1000
        }
    ],
    "Simulation output": [
        {
            "Mean Square Displacement": 0.09159104442453853,
            "Self diffusion coefficient": 0.0019081467588445526,
            "Lindemann Criterion": 0.11377731487795956,
            "Specific Heat": 76.74336067595841,
            "Internal Temperature": 294.14096806021587,
            "Cohesive Energy": 0.14329144624483625,
            "Internal Pressure": -2.7031651524390502e-06,
            "Bulk_modulus": 160.14227070846837,
            "Lattice constant": 4.028168
        }
    ]
}