{
    "Simulation input": [
        {
            "Chemical formula": "Au500",
            "Database": "ASE",
            "Potential": "EMT_Asap_Standard_JacobsenStoltzeNorskov_1996_AlAgAuCuNiPdPt__MO_115316750986_001",
            "Integrator": "Velocity-Verlet",
            "Lattice structure": "CUB(a=20.4)",
            "a": 20.4,
            "b": 20.4,
            "c": 20.4,
            "Alpha": 90.0,
            "Beta": 90.0,
            "Gamma": 90.0,
            "Volume": 8489.664,
            "Initial Temperature": 300,
            "Run time": 3000
        }
    ],
    "Simulation output": [
        {
            "Mean Square Displacement": 0.038322437014173205,
            "Self diffusion coefficient": 0.00022810974413198338,
            "Lindemann Criterion": 0.07034041045986902,
            "Specific Heat": 63.31183511432053,
            "Internal Temperature": 155.58731599084814,
            "Cohesive Energy": 3.7778300026994787,
            "Internal Pressure": 1.4259038298624879e-07,
            "Bulk_modulus": 174.30769273553008,
            "Lattice constant": 3.8073118842991214
        }
    ]
}