{
    "Simulation input": [
        {
            "Chemical formula": "Au500",
            "Database": "ASE",
            "Potential": "EMT_Asap_Standard_JacobsenStoltzeNorskov_1996_AlAgAuCuNiPdPt__MO_115316750986_001",
            "Integrator": "Velocity-Verlet",
            "Lattice structure": "CUB(a=20.4)",
            "a": 20.4,
            "b": 20.4,
            "c": 20.4,
            "Alpha": 90.0,
            "Beta": 90.0,
            "Gamma": 90.0,
            "Volume": 8489.664,
            "Initial Temperature": 600,
            "Run time": 3000
        }
    ],
    "Simulation output": [
        {
            "Mean Square Displacement": 0.0720937230091594,
            "Self diffusion coefficient": 0.00042912930362594876,
            "Lindemann Criterion": 0.0977800859495734,
            "Specific Heat": 63.311835114311485,
            "Internal Temperature": 304.3474029980494,
            "Cohesive Energy": 3.759845020257017,
            "Internal Pressure": 4.083871278982603e-07,
            "Bulk_modulus": 171.28096203539252,
            "Lattice constant": 3.8073118842991214
        }
    ]
}