{
    "Simulation input": [
        {
            "Chemical formula": "Al125Au124Ni",
            "Database": "Materials Project",
            "Potential": "EMT",
            "Integrator": "Velocity-Verlet",
            "Lattice structure": "CUB(a=16.1197)",
            "a": 16.11971,
            "b": 16.11971,
            "c": 16.11971,
            "Alpha": 90.0,
            "Beta": 90.0,
            "Gamma": 90.0,
            "Volume": 4188.626858739057,
            "Initial Temperature": 300,
            "Run time": 1000
        }
    ],
    "Simulation output": [
        {
            "Mean Square Displacement": 0.14698197478002784,
            "Self diffusion coefficient": 0.0030621244745839132,
            "Lindemann Criterion": 0.14409110181810525,
            "Specific Heat": 111.92072620609729,
            "Internal Temperature": 188.23356667664763,
            "Cohesive Energy": 0.05382960368013188,
            "Internal Pressure": -1.0742779282140753e-06,
            "Bulk_modulus": 75.21363205671256,
            "Lattice constant": 0
        }
    ]
}