{
    "Simulation input": [
        {
            "Chemical formula": "Al499PdPt500",
            "Database": "Materials Project",
            "Potential": "EMT",
            "Integrator": "Velocity-Verlet",
            "Lattice structure": "CUB(a=24.5872)",
            "a": 24.587245000000003,
            "b": 24.587245000000003,
            "c": 24.587245000000003,
            "Alpha": 90.0,
            "Beta": 90.0,
            "Gamma": 90.0,
            "Volume": 14863.791557048735,
            "Initial Temperature": 300,
            "Run time": 1000
        }
    ],
    "Simulation output": [
        {
            "Mean Square Displacement": 1.1005253647960571,
            "Self diffusion coefficient": 0.022927611766584522,
            "Lindemann Criterion": 0.45480940967562317,
            "Specific Heat": 112.23172676695434,
            "Internal Temperature": 617.9144078762223,
            "Cohesive Energy": 0.2991593678669714,
            "Internal Pressure": -9.42420996390495e-06,
            "Bulk_modulus": 102.46775988420023,
            "Lattice constant": 0
        }
    ]
}