{
    "Simulation input": [
        {
            "Chemical formula": "AuPd499",
            "Database": "ASE",
            "Potential": "EMT_Asap_Standard_JacobsenStoltzeNorskov_1996_AlAgAuCuNiPdPt__MO_115316750986_001",
            "Integrator": "Velocity-Verlet",
            "Lattice structure": "CUB(a=19.45)",
            "a": 19.45,
            "b": 19.45,
            "c": 19.45,
            "Alpha": 90.0,
            "Beta": 90.0,
            "Gamma": 90.0,
            "Volume": 7357.983625000011,
            "Initial Temperature": 900,
            "Run time": 3000
        }
    ],
    "Simulation output": [
        {
            "Mean Square Displacement": 0.11897558507951074,
            "Self diffusion coefficient": 0.0007081880064256592,
            "Lindemann Criterion": 0.13402626308492713,
            "Specific Heat": 116.98111691420051,
            "Internal Temperature": 692.7974148347588,
            "Cohesive Energy": 3.80375565301538,
            "Internal Pressure": 8.543047120320109e-07,
            "Bulk_modulus": 167.5697832735415,
            "Lattice constant": 3.7486362256057384
        }
    ]
}