{
    "Simulation input": [
        {
            "Chemical formula": "Al125Pt375",
            "Database": "Materials Project",
            "Potential": "EMT",
            "Integrator": "Langevin",
            "Lattice structure": "CUB(a=19.614)",
            "a": 19.61404,
            "b": 19.61404,
            "c": 19.61404,
            "Alpha": 90.0,
            "Beta": 90.0,
            "Gamma": 90.0,
            "Volume": 7545.72841271767,
            "Initial Temperature": 300,
            "Run time": 1000
        }
    ],
    "Simulation output": [
        {
            "Mean Square Displacement": 0.003627047499000696,
            "Self diffusion coefficient": 7.556348956251449e-05,
            "Lindemann Criterion": 0.022139851283973055,
            "Specific Heat": 27758017128.092293,
            "Internal Temperature": 33.62653125162099,
            "Cohesive Energy": 0.059808795696752945,
            "Internal Pressure": 1.355186016408487e-06,
            "Bulk_modulus": 173.78013925894334,
            "Lattice constant": 0
        }
    ]
}