{
    "Simulation input": [
        {
            "Chemical formula": "Pt500",
            "Database": "ASE",
            "Potential": "EMT_Asap_Standard_JacobsenStoltzeNorskov_1996_AlAgAuCuNiPdPt__MO_115316750986_001",
            "Integrator": "Velocity-Verlet",
            "Lattice structure": "CUB(a=19.6)",
            "a": 19.6,
            "b": 19.6,
            "c": 19.6,
            "Alpha": 90.0,
            "Beta": 90.0,
            "Gamma": 90.0,
            "Volume": 7529.536000000013,
            "Initial Temperature": 400,
            "Run time": 3000
        }
    ],
    "Simulation output": [
        {
            "Mean Square Displacement": 0.023645370103965533,
            "Self diffusion coefficient": 0.00014074625061884246,
            "Lindemann Criterion": 0.05942829421553206,
            "Specific Heat": 63.92279704926759,
            "Internal Temperature": 211.84034934663512,
            "Cohesive Energy": 5.823261888447071,
            "Internal Pressure": 8.861866818805549e-07,
            "Bulk_modulus": 276.4466659943012,
            "Lattice constant": 3.763694624804003
        }
    ]
}