{
    "Simulation input": [
        {
            "Chemical formula": "Ag499Cu",
            "Database": "ASE",
            "Potential": "EMT_Asap_Standard_JacobsenStoltzeNorskov_1996_AlAgAuCuNiPdPt__MO_115316750986_001",
            "Integrator": "Velocity-Verlet",
            "Lattice structure": "CUB(a=20.45)",
            "a": 20.45,
            "b": 20.45,
            "c": 20.45,
            "Alpha": 90.0,
            "Beta": 90.0,
            "Gamma": 90.0,
            "Volume": 8552.241125000002,
            "Initial Temperature": 700,
            "Run time": 3000
        }
    ],
    "Simulation output": [
        {
            "Mean Square Displacement": 0.07814285851622305,
            "Self diffusion coefficient": 0.00046513606259656573,
            "Lindemann Criterion": 0.10700634579122664,
            "Specific Heat": 115.70204451240261,
            "Internal Temperature": 402.41661030761895,
            "Cohesive Energy": 2.9021832990916168,
            "Internal Pressure": -3.0207512883353626e-06,
            "Bulk_modulus": 91.73832108545463,
            "Lattice constant": 3.8347786021727415
        }
    ]
}