{
    "Simulation input": [
        {
            "Chemical formula": "AgCu125Pd124",
            "Database": "Materials Project",
            "Potential": "EMT",
            "Integrator": "Velocity-Verlet",
            "Lattice structure": "CUB(a=15.0907)",
            "a": 15.090655,
            "b": 15.090655,
            "c": 15.090655,
            "Alpha": 90.0,
            "Beta": 90.0,
            "Gamma": 90.0,
            "Volume": 3436.562694838742,
            "Initial Temperature": 300,
            "Run time": 1000
        }
    ],
    "Simulation output": [
        {
            "Mean Square Displacement": 0.07502926346810916,
            "Self diffusion coefficient": 0.0015631096555856075,
            "Lindemann Criterion": 0.10639387649865392,
            "Specific Heat": 146.7289329480715,
            "Internal Temperature": 158.3395881955605,
            "Cohesive Energy": 0.01299556661691978,
            "Internal Pressure": 6.300988523640382e-07,
            "Bulk_modulus": 145.0267161017356,
            "Lattice constant": 0
        }
    ]
}