{
    "Simulation input": [
        {
            "Chemical formula": "Al374AuCu125",
            "Database": "Materials Project",
            "Potential": "EMT",
            "Integrator": "Velocity-Verlet",
            "Lattice structure": "CUB(a=19.6208)",
            "a": 19.620755000000003,
            "b": 19.620755000000003,
            "c": 19.620755000000003,
            "Alpha": 90.0,
            "Beta": 90.0,
            "Gamma": 90.0,
            "Volume": 7553.481060618106,
            "Initial Temperature": 300,
            "Run time": 1000
        }
    ],
    "Simulation output": [
        {
            "Mean Square Displacement": 0.0763726066848081,
            "Self diffusion coefficient": 0.0015910959726001686,
            "Lindemann Criterion": 0.10387689591536721,
            "Specific Heat": 342.0026750505516,
            "Internal Temperature": 240.8020567831463,
            "Cohesive Energy": 0.11487591216269584,
            "Internal Pressure": -2.6706706792704065e-06,
            "Bulk_modulus": 45.94025359328957,
            "Lattice constant": 0
        }
    ]
}